name,shape,dtype,backend,finite,exact,max_abs,rms
attention/torch.float32/b1/d64/finalFalse/repeat,"[1, 30, 64]",torch.float32,sdpa,True,True,0.0,0.0
attention/torch.float32/b1/d64/finalFalse/action,"[1, 30, 64]",torch.float32,sdpa,True,True,0.0,0.0
attention/torch.float32/b1/d64/finalFalse/context,"[1, 65, 64]",torch.float32,sdpa,True,True,0.0,0.0
attention/torch.float32/b1/d64/finalTrue/repeat,"[1, 30, 64]",torch.float32,sdpa,True,True,0.0,0.0
attention/torch.float32/b1/d64/finalTrue/action,"[1, 30, 64]",torch.float32,sdpa,True,True,0.0,0.0
attention/torch.float32/b1/d64/finalTrue/no-padding,"[1, 30, 64]",torch.float32,sdpa,True,True,0.0,0.0
attention/torch.float32/b1/d768/finalFalse/repeat,"[1, 30, 768]",torch.float32,sdpa,True,True,0.0,0.0
attention/torch.float32/b1/d768/finalFalse/action,"[1, 30, 768]",torch.float32,sdpa,True,True,0.0,0.0
attention/torch.float32/b1/d768/finalFalse/context,"[1, 65, 768]",torch.float32,sdpa,True,True,0.0,0.0
attention/torch.float32/b1/d768/finalTrue/repeat,"[1, 30, 768]",torch.float32,sdpa,True,True,0.0,0.0
attention/torch.float32/b1/d768/finalTrue/action,"[1, 30, 768]",torch.float32,sdpa,True,True,0.0,0.0
attention/torch.float32/b1/d768/finalTrue/no-padding,"[1, 30, 768]",torch.float32,sdpa,True,True,0.0,0.0
attention/torch.float32/b2/d64/finalFalse/repeat,"[2, 30, 64]",torch.float32,sdpa,True,True,0.0,0.0
attention/torch.float32/b2/d64/finalFalse/action,"[2, 30, 64]",torch.float32,sdpa,True,True,0.0,0.0
attention/torch.float32/b2/d64/finalFalse/context,"[2, 65, 64]",torch.float32,sdpa,True,True,0.0,0.0
attention/torch.float32/b2/d64/finalTrue/repeat,"[2, 30, 64]",torch.float32,sdpa,True,True,0.0,0.0
attention/torch.float32/b2/d64/finalTrue/action,"[2, 30, 64]",torch.float32,sdpa,True,True,0.0,0.0
attention/torch.float32/b2/d64/finalTrue/no-padding,"[2, 30, 64]",torch.float32,sdpa,True,False,4.470348358154297e-08,7.649241240414995e-09
attention/torch.float32/b2/d768/finalFalse/repeat,"[2, 30, 768]",torch.float32,sdpa,True,True,0.0,0.0
attention/torch.float32/b2/d768/finalFalse/action,"[2, 30, 768]",torch.float32,sdpa,True,True,0.0,0.0
attention/torch.float32/b2/d768/finalFalse/context,"[2, 65, 768]",torch.float32,sdpa,True,True,0.0,0.0
attention/torch.float32/b2/d768/finalTrue/repeat,"[2, 30, 768]",torch.float32,sdpa,True,True,0.0,0.0
attention/torch.float32/b2/d768/finalTrue/action,"[2, 30, 768]",torch.float32,sdpa,True,True,0.0,0.0
attention/torch.float32/b2/d768/finalTrue/no-padding,"[2, 30, 768]",torch.float32,sdpa,True,False,1.9371509552001953e-07,1.9567609754744808e-08
attention/torch.float32/b4/d64/finalFalse/repeat,"[4, 30, 64]",torch.float32,sdpa,True,True,0.0,0.0
attention/torch.float32/b4/d64/finalFalse/action,"[4, 30, 64]",torch.float32,sdpa,True,True,0.0,0.0
attention/torch.float32/b4/d64/finalFalse/context,"[4, 65, 64]",torch.float32,sdpa,True,True,0.0,0.0
attention/torch.float32/b4/d64/finalTrue/repeat,"[4, 30, 64]",torch.float32,sdpa,True,True,0.0,0.0
attention/torch.float32/b4/d64/finalTrue/action,"[4, 30, 64]",torch.float32,sdpa,True,True,0.0,0.0
attention/torch.float32/b4/d64/finalTrue/no-padding,"[4, 30, 64]",torch.float32,sdpa,True,False,5.960464477539063e-08,7.816264080418023e-09
attention/torch.float32/b4/d768/finalFalse/repeat,"[4, 30, 768]",torch.float32,sdpa,True,True,0.0,0.0
attention/torch.float32/b4/d768/finalFalse/action,"[4, 30, 768]",torch.float32,sdpa,True,True,0.0,0.0
attention/torch.float32/b4/d768/finalFalse/context,"[4, 65, 768]",torch.float32,sdpa,True,True,0.0,0.0
attention/torch.float32/b4/d768/finalTrue/repeat,"[4, 30, 768]",torch.float32,sdpa,True,True,0.0,0.0
attention/torch.float32/b4/d768/finalTrue/action,"[4, 30, 768]",torch.float32,sdpa,True,True,0.0,0.0
attention/torch.float32/b4/d768/finalTrue/no-padding,"[4, 30, 768]",torch.float32,sdpa,True,False,1.7136335372924805e-07,1.9901273518030393e-08
attention/torch.bfloat16/b1/d64/finalFalse/repeat,"[1, 30, 64]",torch.bfloat16,sdpa,True,True,0.0,0.0
attention/torch.bfloat16/b1/d64/finalFalse/action,"[1, 30, 64]",torch.bfloat16,sdpa,True,True,0.0,0.0
attention/torch.bfloat16/b1/d64/finalFalse/context,"[1, 65, 64]",torch.bfloat16,sdpa,True,True,0.0,0.0
attention/torch.bfloat16/b1/d64/finalTrue/repeat,"[1, 30, 64]",torch.bfloat16,sdpa,True,True,0.0,0.0
attention/torch.bfloat16/b1/d64/finalTrue/action,"[1, 30, 64]",torch.bfloat16,sdpa,True,True,0.0,0.0
attention/torch.bfloat16/b1/d64/finalTrue/no-padding,"[1, 30, 64]",torch.bfloat16,sdpa,True,True,0.0,0.0
attention/torch.bfloat16/b1/d768/finalFalse/repeat,"[1, 30, 768]",torch.bfloat16,sdpa,True,True,0.0,0.0
attention/torch.bfloat16/b1/d768/finalFalse/action,"[1, 30, 768]",torch.bfloat16,sdpa,True,True,0.0,0.0
attention/torch.bfloat16/b1/d768/finalFalse/context,"[1, 65, 768]",torch.bfloat16,sdpa,True,True,0.0,0.0
attention/torch.bfloat16/b1/d768/finalTrue/repeat,"[1, 30, 768]",torch.bfloat16,sdpa,True,True,0.0,0.0
attention/torch.bfloat16/b1/d768/finalTrue/action,"[1, 30, 768]",torch.bfloat16,sdpa,True,True,0.0,0.0
attention/torch.bfloat16/b1/d768/finalTrue/no-padding,"[1, 30, 768]",torch.bfloat16,sdpa,True,True,0.0,0.0
attention/torch.bfloat16/b2/d64/finalFalse/repeat,"[2, 30, 64]",torch.bfloat16,sdpa,True,True,0.0,0.0
attention/torch.bfloat16/b2/d64/finalFalse/action,"[2, 30, 64]",torch.bfloat16,sdpa,True,True,0.0,0.0
attention/torch.bfloat16/b2/d64/finalFalse/context,"[2, 65, 64]",torch.bfloat16,sdpa,True,True,0.0,0.0
attention/torch.bfloat16/b2/d64/finalTrue/repeat,"[2, 30, 64]",torch.bfloat16,sdpa,True,True,0.0,0.0
attention/torch.bfloat16/b2/d64/finalTrue/action,"[2, 30, 64]",torch.bfloat16,sdpa,True,True,0.0,0.0
attention/torch.bfloat16/b2/d64/finalTrue/no-padding,"[2, 30, 64]",torch.bfloat16,sdpa,True,False,0.0009765625,0.00020495169155765325
attention/torch.bfloat16/b2/d768/finalFalse/repeat,"[2, 30, 768]",torch.bfloat16,sdpa,True,True,0.0,0.0
attention/torch.bfloat16/b2/d768/finalFalse/action,"[2, 30, 768]",torch.bfloat16,sdpa,True,True,0.0,0.0
attention/torch.bfloat16/b2/d768/finalFalse/context,"[2, 65, 768]",torch.bfloat16,sdpa,True,True,0.0,0.0
attention/torch.bfloat16/b2/d768/finalTrue/repeat,"[2, 30, 768]",torch.bfloat16,sdpa,True,True,0.0,0.0
attention/torch.bfloat16/b2/d768/finalTrue/action,"[2, 30, 768]",torch.bfloat16,sdpa,True,True,0.0,0.0
attention/torch.bfloat16/b2/d768/finalTrue/no-padding,"[2, 30, 768]",torch.bfloat16,sdpa,True,False,0.0009765625,0.00011055627692257985
attention/torch.bfloat16/b4/d64/finalFalse/repeat,"[4, 30, 64]",torch.bfloat16,sdpa,True,True,0.0,0.0
attention/torch.bfloat16/b4/d64/finalFalse/action,"[4, 30, 64]",torch.bfloat16,sdpa,True,True,0.0,0.0
attention/torch.bfloat16/b4/d64/finalFalse/context,"[4, 65, 64]",torch.bfloat16,sdpa,True,True,0.0,0.0
attention/torch.bfloat16/b4/d64/finalTrue/repeat,"[4, 30, 64]",torch.bfloat16,sdpa,True,True,0.0,0.0
attention/torch.bfloat16/b4/d64/finalTrue/action,"[4, 30, 64]",torch.bfloat16,sdpa,True,True,0.0,0.0
attention/torch.bfloat16/b4/d64/finalTrue/no-padding,"[4, 30, 64]",torch.bfloat16,sdpa,True,False,0.0009765625,0.0002061958221020177
attention/torch.bfloat16/b4/d768/finalFalse/repeat,"[4, 30, 768]",torch.bfloat16,sdpa,True,True,0.0,0.0
attention/torch.bfloat16/b4/d768/finalFalse/action,"[4, 30, 768]",torch.bfloat16,sdpa,True,True,0.0,0.0
attention/torch.bfloat16/b4/d768/finalFalse/context,"[4, 65, 768]",torch.bfloat16,sdpa,True,True,0.0,0.0
attention/torch.bfloat16/b4/d768/finalTrue/repeat,"[4, 30, 768]",torch.bfloat16,sdpa,True,True,0.0,0.0
attention/torch.bfloat16/b4/d768/finalTrue/action,"[4, 30, 768]",torch.bfloat16,sdpa,True,True,0.0,0.0
attention/torch.bfloat16/b4/d768/finalTrue/no-padding,"[4, 30, 768]",torch.bfloat16,sdpa,True,False,0.0009765625,0.0001131359240389429
b1/state-normalization,"[1, 1, 43]",torch.float32,sdpa,True,True,0.0,0.0
b1/image-transform/row0,"[240, 320, 3]",torch.uint8,sdpa,True,True,0.0,0.0
b1/transformed/repeat/input_ids,"[1, 92]",torch.int64,sdpa,True,True,0.0,0.0
b1/transformed/repeat/attention_mask,"[1, 92]",torch.bool,sdpa,True,True,0.0,0.0
b1/transformed/repeat/image_grid_thw,"[1, 3]",torch.int64,sdpa,True,True,0.0,0.0
b1/transformed/repeat/pixel_values,"[320, 1536]",torch.bfloat16,sdpa,True,True,0.0,0.0
b1/transformed/repeat/positions,"[3, 1, 92]",torch.int64,sdpa,True,True,0.0,0.0
b1/transformed/repeat/features,"[1, 1, 92, 2048]",torch.bfloat16,sdpa,True,True,0.0,0.0
b1/transformed/repeat/final,"[1, 30, 78]",torch.float32,sdpa,True,True,0.0,0.0
b1/transformed/repeat/time/0/step0,"[1, 1536]",torch.bfloat16,sdpa,True,True,0.0,0.0
b1/transformed/repeat/time/0/step1,"[1, 1536]",torch.bfloat16,sdpa,True,True,0.0,0.0
b1/transformed/repeat/time/0/step2,"[1, 1536]",torch.bfloat16,sdpa,True,True,0.0,0.0
b1/transformed/repeat/time/0/step3,"[1, 1536]",torch.bfloat16,sdpa,True,True,0.0,0.0
b1/transformed/repeat/time/0/step4,"[1, 1536]",torch.bfloat16,sdpa,True,True,0.0,0.0
b1/transformed/repeat/time/0/step5,"[1, 1536]",torch.bfloat16,sdpa,True,True,0.0,0.0
b1/transformed/repeat/time/0/step6,"[1, 1536]",torch.bfloat16,sdpa,True,True,0.0,0.0
b1/transformed/repeat/time/0/step7,"[1, 1536]",torch.bfloat16,sdpa,True,True,0.0,0.0
b1/transformed/repeat/time/0/step8,"[1, 1536]",torch.bfloat16,sdpa,True,True,0.0,0.0
b1/transformed/repeat/time/0/step9,"[1, 1536]",torch.bfloat16,sdpa,True,True,0.0,0.0
b1/transformed/repeat/action-in/0/step0,"[1, 30, 1536]",torch.bfloat16,sdpa,True,True,0.0,0.0
b1/transformed/repeat/action-in/0/step1,"[1, 30, 1536]",torch.bfloat16,sdpa,True,True,0.0,0.0
b1/transformed/repeat/action-in/0/step2,"[1, 30, 1536]",torch.bfloat16,sdpa,True,True,0.0,0.0
b1/transformed/repeat/action-in/0/step3,"[1, 30, 1536]",torch.bfloat16,sdpa,True,True,0.0,0.0
b1/transformed/repeat/action-in/0/step4,"[1, 30, 1536]",torch.bfloat16,sdpa,True,True,0.0,0.0
b1/transformed/repeat/action-in/0/step5,"[1, 30, 1536]",torch.bfloat16,sdpa,True,True,0.0,0.0
b1/transformed/repeat/action-in/0/step6,"[1, 30, 1536]",torch.bfloat16,sdpa,True,True,0.0,0.0
b1/transformed/repeat/action-in/0/step7,"[1, 30, 1536]",torch.bfloat16,sdpa,True,True,0.0,0.0
b1/transformed/repeat/action-in/0/step8,"[1, 30, 1536]",torch.bfloat16,sdpa,True,True,0.0,0.0
b1/transformed/repeat/action-in/0/step9,"[1, 30, 1536]",torch.bfloat16,sdpa,True,True,0.0,0.0
b1/transformed/repeat/obs/0/step0,"[1, 93, 1536]",torch.bfloat16,sdpa,True,True,0.0,0.0
b1/transformed/repeat/obs/0/step1,"[1, 93, 1536]",torch.bfloat16,sdpa,True,True,0.0,0.0
b1/transformed/repeat/obs/0/step2,"[1, 93, 1536]",torch.bfloat16,sdpa,True,True,0.0,0.0
b1/transformed/repeat/obs/0/step3,"[1, 93, 1536]",torch.bfloat16,sdpa,True,True,0.0,0.0
b1/transformed/repeat/obs/0/step4,"[1, 93, 1536]",torch.bfloat16,sdpa,True,True,0.0,0.0
b1/transformed/repeat/obs/0/step5,"[1, 93, 1536]",torch.bfloat16,sdpa,True,True,0.0,0.0
b1/transformed/repeat/obs/0/step6,"[1, 93, 1536]",torch.bfloat16,sdpa,True,True,0.0,0.0
b1/transformed/repeat/obs/0/step7,"[1, 93, 1536]",torch.bfloat16,sdpa,True,True,0.0,0.0
b1/transformed/repeat/obs/0/step8,"[1, 93, 1536]",torch.bfloat16,sdpa,True,True,0.0,0.0
b1/transformed/repeat/obs/0/step9,"[1, 93, 1536]",torch.bfloat16,sdpa,True,True,0.0,0.0
b1/transformed/repeat/obs/1/step0,"[1, 93]",torch.float32,sdpa,True,True,0.0,0.0
b1/transformed/repeat/obs/1/step1,"[1, 93]",torch.float32,sdpa,True,True,0.0,0.0
b1/transformed/repeat/obs/1/step2,"[1, 93]",torch.float32,sdpa,True,True,0.0,0.0
b1/transformed/repeat/obs/1/step3,"[1, 93]",torch.float32,sdpa,True,True,0.0,0.0
b1/transformed/repeat/obs/1/step4,"[1, 93]",torch.float32,sdpa,True,True,0.0,0.0
b1/transformed/repeat/obs/1/step5,"[1, 93]",torch.float32,sdpa,True,True,0.0,0.0
b1/transformed/repeat/obs/1/step6,"[1, 93]",torch.float32,sdpa,True,True,0.0,0.0
b1/transformed/repeat/obs/1/step7,"[1, 93]",torch.float32,sdpa,True,True,0.0,0.0
b1/transformed/repeat/obs/1/step8,"[1, 93]",torch.float32,sdpa,True,True,0.0,0.0
b1/transformed/repeat/obs/1/step9,"[1, 93]",torch.float32,sdpa,True,True,0.0,0.0
b1/transformed/repeat/block0/0/step0,"[1, 30, 1536]",torch.bfloat16,sdpa,True,True,0.0,0.0
b1/transformed/repeat/block0/0/step1,"[1, 30, 1536]",torch.bfloat16,sdpa,True,True,0.0,0.0
b1/transformed/repeat/block0/0/step2,"[1, 30, 1536]",torch.bfloat16,sdpa,True,True,0.0,0.0
b1/transformed/repeat/block0/0/step3,"[1, 30, 1536]",torch.bfloat16,sdpa,True,True,0.0,0.0
b1/transformed/repeat/block0/0/step4,"[1, 30, 1536]",torch.bfloat16,sdpa,True,True,0.0,0.0
b1/transformed/repeat/block0/0/step5,"[1, 30, 1536]",torch.bfloat16,sdpa,True,True,0.0,0.0
b1/transformed/repeat/block0/0/step6,"[1, 30, 1536]",torch.bfloat16,sdpa,True,True,0.0,0.0
b1/transformed/repeat/block0/0/step7,"[1, 30, 1536]",torch.bfloat16,sdpa,True,True,0.0,0.0
b1/transformed/repeat/block0/0/step8,"[1, 30, 1536]",torch.bfloat16,sdpa,True,True,0.0,0.0
b1/transformed/repeat/block0/0/step9,"[1, 30, 1536]",torch.bfloat16,sdpa,True,True,0.0,0.0
b1/transformed/repeat/block0/1/step0,"[1, 93, 1536]",torch.bfloat16,sdpa,True,True,0.0,0.0
b1/transformed/repeat/block0/1/step1,"[1, 93, 1536]",torch.bfloat16,sdpa,True,True,0.0,0.0
b1/transformed/repeat/block0/1/step2,"[1, 93, 1536]",torch.bfloat16,sdpa,True,True,0.0,0.0
b1/transformed/repeat/block0/1/step3,"[1, 93, 1536]",torch.bfloat16,sdpa,True,True,0.0,0.0
b1/transformed/repeat/block0/1/step4,"[1, 93, 1536]",torch.bfloat16,sdpa,True,True,0.0,0.0
b1/transformed/repeat/block0/1/step5,"[1, 93, 1536]",torch.bfloat16,sdpa,True,True,0.0,0.0
b1/transformed/repeat/block0/1/step6,"[1, 93, 1536]",torch.bfloat16,sdpa,True,True,0.0,0.0
b1/transformed/repeat/block0/1/step7,"[1, 93, 1536]",torch.bfloat16,sdpa,True,True,0.0,0.0
b1/transformed/repeat/block0/1/step8,"[1, 93, 1536]",torch.bfloat16,sdpa,True,True,0.0,0.0
b1/transformed/repeat/block0/1/step9,"[1, 93, 1536]",torch.bfloat16,sdpa,True,True,0.0,0.0
b1/transformed/repeat/block1/0/step0,"[1, 30, 1536]",torch.bfloat16,sdpa,True,True,0.0,0.0
b1/transformed/repeat/block1/0/step1,"[1, 30, 1536]",torch.bfloat16,sdpa,True,True,0.0,0.0
b1/transformed/repeat/block1/0/step2,"[1, 30, 1536]",torch.bfloat16,sdpa,True,True,0.0,0.0
b1/transformed/repeat/block1/0/step3,"[1, 30, 1536]",torch.bfloat16,sdpa,True,True,0.0,0.0
b1/transformed/repeat/block1/0/step4,"[1, 30, 1536]",torch.bfloat16,sdpa,True,True,0.0,0.0
b1/transformed/repeat/block1/0/step5,"[1, 30, 1536]",torch.bfloat16,sdpa,True,True,0.0,0.0
b1/transformed/repeat/block1/0/step6,"[1, 30, 1536]",torch.bfloat16,sdpa,True,True,0.0,0.0
b1/transformed/repeat/block1/0/step7,"[1, 30, 1536]",torch.bfloat16,sdpa,True,True,0.0,0.0
b1/transformed/repeat/block1/0/step8,"[1, 30, 1536]",torch.bfloat16,sdpa,True,True,0.0,0.0
b1/transformed/repeat/block1/0/step9,"[1, 30, 1536]",torch.bfloat16,sdpa,True,True,0.0,0.0
b1/transformed/repeat/block1/1/step0,"[1, 93, 1536]",torch.bfloat16,sdpa,True,True,0.0,0.0
b1/transformed/repeat/block1/1/step1,"[1, 93, 1536]",torch.bfloat16,sdpa,True,True,0.0,0.0
b1/transformed/repeat/block1/1/step2,"[1, 93, 1536]",torch.bfloat16,sdpa,True,True,0.0,0.0
b1/transformed/repeat/block1/1/step3,"[1, 93, 1536]",torch.bfloat16,sdpa,True,True,0.0,0.0
b1/transformed/repeat/block1/1/step4,"[1, 93, 1536]",torch.bfloat16,sdpa,True,True,0.0,0.0
b1/transformed/repeat/block1/1/step5,"[1, 93, 1536]",torch.bfloat16,sdpa,True,True,0.0,0.0
b1/transformed/repeat/block1/1/step6,"[1, 93, 1536]",torch.bfloat16,sdpa,True,True,0.0,0.0
b1/transformed/repeat/block1/1/step7,"[1, 93, 1536]",torch.bfloat16,sdpa,True,True,0.0,0.0
b1/transformed/repeat/block1/1/step8,"[1, 93, 1536]",torch.bfloat16,sdpa,True,True,0.0,0.0
b1/transformed/repeat/block1/1/step9,"[1, 93, 1536]",torch.bfloat16,sdpa,True,True,0.0,0.0
b1/transformed/repeat/block2/0/step0,"[1, 30, 1536]",torch.bfloat16,sdpa,True,True,0.0,0.0
b1/transformed/repeat/block2/0/step1,"[1, 30, 1536]",torch.bfloat16,sdpa,True,True,0.0,0.0
b1/transformed/repeat/block2/0/step2,"[1, 30, 1536]",torch.bfloat16,sdpa,True,True,0.0,0.0
b1/transformed/repeat/block2/0/step3,"[1, 30, 1536]",torch.bfloat16,sdpa,True,True,0.0,0.0
b1/transformed/repeat/block2/0/step4,"[1, 30, 1536]",torch.bfloat16,sdpa,True,True,0.0,0.0
b1/transformed/repeat/block2/0/step5,"[1, 30, 1536]",torch.bfloat16,sdpa,True,True,0.0,0.0
b1/transformed/repeat/block2/0/step6,"[1, 30, 1536]",torch.bfloat16,sdpa,True,True,0.0,0.0
b1/transformed/repeat/block2/0/step7,"[1, 30, 1536]",torch.bfloat16,sdpa,True,True,0.0,0.0
b1/transformed/repeat/block2/0/step8,"[1, 30, 1536]",torch.bfloat16,sdpa,True,True,0.0,0.0
b1/transformed/repeat/block2/0/step9,"[1, 30, 1536]",torch.bfloat16,sdpa,True,True,0.0,0.0
b1/transformed/repeat/block2/1/step0,"[1, 93, 1536]",torch.bfloat16,sdpa,True,True,0.0,0.0
b1/transformed/repeat/block2/1/step1,"[1, 93, 1536]",torch.bfloat16,sdpa,True,True,0.0,0.0
b1/transformed/repeat/block2/1/step2,"[1, 93, 1536]",torch.bfloat16,sdpa,True,True,0.0,0.0
b1/transformed/repeat/block2/1/step3,"[1, 93, 1536]",torch.bfloat16,sdpa,True,True,0.0,0.0
b1/transformed/repeat/block2/1/step4,"[1, 93, 1536]",torch.bfloat16,sdpa,True,True,0.0,0.0
b1/transformed/repeat/block2/1/step5,"[1, 93, 1536]",torch.bfloat16,sdpa,True,True,0.0,0.0
b1/transformed/repeat/block2/1/step6,"[1, 93, 1536]",torch.bfloat16,sdpa,True,True,0.0,0.0
b1/transformed/repeat/block2/1/step7,"[1, 93, 1536]",torch.bfloat16,sdpa,True,True,0.0,0.0
b1/transformed/repeat/block2/1/step8,"[1, 93, 1536]",torch.bfloat16,sdpa,True,True,0.0,0.0
b1/transformed/repeat/block2/1/step9,"[1, 93, 1536]",torch.bfloat16,sdpa,True,True,0.0,0.0
b1/transformed/repeat/block3/0/step0,"[1, 30, 1536]",torch.bfloat16,sdpa,True,True,0.0,0.0
b1/transformed/repeat/block3/0/step1,"[1, 30, 1536]",torch.bfloat16,sdpa,True,True,0.0,0.0
b1/transformed/repeat/block3/0/step2,"[1, 30, 1536]",torch.bfloat16,sdpa,True,True,0.0,0.0
b1/transformed/repeat/block3/0/step3,"[1, 30, 1536]",torch.bfloat16,sdpa,True,True,0.0,0.0
b1/transformed/repeat/block3/0/step4,"[1, 30, 1536]",torch.bfloat16,sdpa,True,True,0.0,0.0
b1/transformed/repeat/block3/0/step5,"[1, 30, 1536]",torch.bfloat16,sdpa,True,True,0.0,0.0
b1/transformed/repeat/block3/0/step6,"[1, 30, 1536]",torch.bfloat16,sdpa,True,True,0.0,0.0
b1/transformed/repeat/block3/0/step7,"[1, 30, 1536]",torch.bfloat16,sdpa,True,True,0.0,0.0
b1/transformed/repeat/block3/0/step8,"[1, 30, 1536]",torch.bfloat16,sdpa,True,True,0.0,0.0
b1/transformed/repeat/block3/0/step9,"[1, 30, 1536]",torch.bfloat16,sdpa,True,True,0.0,0.0
b1/transformed/repeat/block3/1/step0,"[1, 93, 1536]",torch.bfloat16,sdpa,True,True,0.0,0.0
b1/transformed/repeat/block3/1/step1,"[1, 93, 1536]",torch.bfloat16,sdpa,True,True,0.0,0.0
b1/transformed/repeat/block3/1/step2,"[1, 93, 1536]",torch.bfloat16,sdpa,True,True,0.0,0.0
b1/transformed/repeat/block3/1/step3,"[1, 93, 1536]",torch.bfloat16,sdpa,True,True,0.0,0.0
b1/transformed/repeat/block3/1/step4,"[1, 93, 1536]",torch.bfloat16,sdpa,True,True,0.0,0.0
b1/transformed/repeat/block3/1/step5,"[1, 93, 1536]",torch.bfloat16,sdpa,True,True,0.0,0.0
b1/transformed/repeat/block3/1/step6,"[1, 93, 1536]",torch.bfloat16,sdpa,True,True,0.0,0.0
b1/transformed/repeat/block3/1/step7,"[1, 93, 1536]",torch.bfloat16,sdpa,True,True,0.0,0.0
b1/transformed/repeat/block3/1/step8,"[1, 93, 1536]",torch.bfloat16,sdpa,True,True,0.0,0.0
b1/transformed/repeat/block3/1/step9,"[1, 93, 1536]",torch.bfloat16,sdpa,True,True,0.0,0.0
b1/transformed/repeat/block4/0/step0,"[1, 30, 1536]",torch.bfloat16,sdpa,True,True,0.0,0.0
b1/transformed/repeat/block4/0/step1,"[1, 30, 1536]",torch.bfloat16,sdpa,True,True,0.0,0.0
b1/transformed/repeat/block4/0/step2,"[1, 30, 1536]",torch.bfloat16,sdpa,True,True,0.0,0.0
b1/transformed/repeat/block4/0/step3,"[1, 30, 1536]",torch.bfloat16,sdpa,True,True,0.0,0.0
b1/transformed/repeat/block4/0/step4,"[1, 30, 1536]",torch.bfloat16,sdpa,True,True,0.0,0.0
b1/transformed/repeat/block4/0/step5,"[1, 30, 1536]",torch.bfloat16,sdpa,True,True,0.0,0.0
b1/transformed/repeat/block4/0/step6,"[1, 30, 1536]",torch.bfloat16,sdpa,True,True,0.0,0.0
b1/transformed/repeat/block4/0/step7,"[1, 30, 1536]",torch.bfloat16,sdpa,True,True,0.0,0.0
b1/transformed/repeat/block4/0/step8,"[1, 30, 1536]",torch.bfloat16,sdpa,True,True,0.0,0.0
b1/transformed/repeat/block4/0/step9,"[1, 30, 1536]",torch.bfloat16,sdpa,True,True,0.0,0.0
b1/transformed/repeat/block4/1/step0,"[1, 93, 1536]",torch.bfloat16,sdpa,True,True,0.0,0.0
b1/transformed/repeat/block4/1/step1,"[1, 93, 1536]",torch.bfloat16,sdpa,True,True,0.0,0.0
b1/transformed/repeat/block4/1/step2,"[1, 93, 1536]",torch.bfloat16,sdpa,True,True,0.0,0.0
b1/transformed/repeat/block4/1/step3,"[1, 93, 1536]",torch.bfloat16,sdpa,True,True,0.0,0.0
b1/transformed/repeat/block4/1/step4,"[1, 93, 1536]",torch.bfloat16,sdpa,True,True,0.0,0.0
b1/transformed/repeat/block4/1/step5,"[1, 93, 1536]",torch.bfloat16,sdpa,True,True,0.0,0.0
b1/transformed/repeat/block4/1/step6,"[1, 93, 1536]",torch.bfloat16,sdpa,True,True,0.0,0.0
b1/transformed/repeat/block4/1/step7,"[1, 93, 1536]",torch.bfloat16,sdpa,True,True,0.0,0.0
b1/transformed/repeat/block4/1/step8,"[1, 93, 1536]",torch.bfloat16,sdpa,True,True,0.0,0.0
b1/transformed/repeat/block4/1/step9,"[1, 93, 1536]",torch.bfloat16,sdpa,True,True,0.0,0.0
b1/transformed/repeat/block5/0/step0,"[1, 30, 1536]",torch.bfloat16,sdpa,True,True,0.0,0.0
b1/transformed/repeat/block5/0/step1,"[1, 30, 1536]",torch.bfloat16,sdpa,True,True,0.0,0.0
b1/transformed/repeat/block5/0/step2,"[1, 30, 1536]",torch.bfloat16,sdpa,True,True,0.0,0.0
b1/transformed/repeat/block5/0/step3,"[1, 30, 1536]",torch.bfloat16,sdpa,True,True,0.0,0.0
b1/transformed/repeat/block5/0/step4,"[1, 30, 1536]",torch.bfloat16,sdpa,True,True,0.0,0.0
b1/transformed/repeat/block5/0/step5,"[1, 30, 1536]",torch.bfloat16,sdpa,True,True,0.0,0.0
b1/transformed/repeat/block5/0/step6,"[1, 30, 1536]",torch.bfloat16,sdpa,True,True,0.0,0.0
b1/transformed/repeat/block5/0/step7,"[1, 30, 1536]",torch.bfloat16,sdpa,True,True,0.0,0.0
b1/transformed/repeat/block5/0/step8,"[1, 30, 1536]",torch.bfloat16,sdpa,True,True,0.0,0.0
b1/transformed/repeat/block5/0/step9,"[1, 30, 1536]",torch.bfloat16,sdpa,True,True,0.0,0.0
b1/transformed/repeat/velocity/step0,"[1, 30, 78]",torch.bfloat16,sdpa,True,True,0.0,0.0
b1/transformed/repeat/velocity/step1,"[1, 30, 78]",torch.bfloat16,sdpa,True,True,0.0,0.0
b1/transformed/repeat/velocity/step2,"[1, 30, 78]",torch.bfloat16,sdpa,True,True,0.0,0.0
b1/transformed/repeat/velocity/step3,"[1, 30, 78]",torch.bfloat16,sdpa,True,True,0.0,0.0
b1/transformed/repeat/velocity/step4,"[1, 30, 78]",torch.bfloat16,sdpa,True,True,0.0,0.0
b1/transformed/repeat/velocity/step5,"[1, 30, 78]",torch.bfloat16,sdpa,True,True,0.0,0.0
b1/transformed/repeat/velocity/step6,"[1, 30, 78]",torch.bfloat16,sdpa,True,True,0.0,0.0
b1/transformed/repeat/velocity/step7,"[1, 30, 78]",torch.bfloat16,sdpa,True,True,0.0,0.0
b1/transformed/repeat/velocity/step8,"[1, 30, 78]",torch.bfloat16,sdpa,True,True,0.0,0.0
b1/transformed/repeat/velocity/step9,"[1, 30, 78]",torch.bfloat16,sdpa,True,True,0.0,0.0
b1/transformed/repeat/actions/step0,"[1, 30, 78]",torch.bfloat16,sdpa,True,True,0.0,0.0
b1/transformed/repeat/actions/step1,"[1, 30, 78]",torch.bfloat16,sdpa,True,True,0.0,0.0
b1/transformed/repeat/actions/step2,"[1, 30, 78]",torch.bfloat16,sdpa,True,True,0.0,0.0
b1/transformed/repeat/actions/step3,"[1, 30, 78]",torch.bfloat16,sdpa,True,True,0.0,0.0
b1/transformed/repeat/actions/step4,"[1, 30, 78]",torch.bfloat16,sdpa,True,True,0.0,0.0
b1/transformed/repeat/actions/step5,"[1, 30, 78]",torch.bfloat16,sdpa,True,True,0.0,0.0
b1/transformed/repeat/actions/step6,"[1, 30, 78]",torch.bfloat16,sdpa,True,True,0.0,0.0
b1/transformed/repeat/actions/step7,"[1, 30, 78]",torch.bfloat16,sdpa,True,True,0.0,0.0
b1/transformed/repeat/actions/step8,"[1, 30, 78]",torch.bfloat16,sdpa,True,True,0.0,0.0
b1/transformed/repeat/actions/step9,"[1, 30, 78]",torch.bfloat16,sdpa,True,True,0.0,0.0
b1/transformed/input_ids,"[1, 92]",torch.int64,sdpa,True,True,0.0,0.0
b1/transformed/attention_mask,"[1, 92]",torch.bool,sdpa,True,True,0.0,0.0
b1/transformed/image_grid_thw,"[1, 3]",torch.int64,sdpa,True,True,0.0,0.0
b1/transformed/pixel_values,"[320, 1536]",torch.bfloat16,sdpa,True,True,0.0,0.0
b1/transformed/positions,"[3, 1, 92]",torch.int64,sdpa,True,True,0.0,0.0
b1/transformed/features,"[1, 1, 92, 2048]",torch.bfloat16,sdpa,True,True,0.0,0.0
b1/transformed/final,"[1, 30, 78]",torch.float32,sdpa,True,True,0.0,0.0
b1/transformed/time/0/step0,"[1, 1536]",torch.bfloat16,sdpa,True,True,0.0,0.0
b1/transformed/time/0/step1,"[1, 1536]",torch.bfloat16,sdpa,True,True,0.0,0.0
b1/transformed/time/0/step2,"[1, 1536]",torch.bfloat16,sdpa,True,True,0.0,0.0
b1/transformed/time/0/step3,"[1, 1536]",torch.bfloat16,sdpa,True,True,0.0,0.0
b1/transformed/time/0/step4,"[1, 1536]",torch.bfloat16,sdpa,True,True,0.0,0.0
b1/transformed/time/0/step5,"[1, 1536]",torch.bfloat16,sdpa,True,True,0.0,0.0
b1/transformed/time/0/step6,"[1, 1536]",torch.bfloat16,sdpa,True,True,0.0,0.0
b1/transformed/time/0/step7,"[1, 1536]",torch.bfloat16,sdpa,True,True,0.0,0.0
b1/transformed/time/0/step8,"[1, 1536]",torch.bfloat16,sdpa,True,True,0.0,0.0
b1/transformed/time/0/step9,"[1, 1536]",torch.bfloat16,sdpa,True,True,0.0,0.0
b1/transformed/action-in/0/step0,"[1, 30, 1536]",torch.bfloat16,sdpa,True,True,0.0,0.0
b1/transformed/action-in/0/step1,"[1, 30, 1536]",torch.bfloat16,sdpa,True,True,0.0,0.0
b1/transformed/action-in/0/step2,"[1, 30, 1536]",torch.bfloat16,sdpa,True,True,0.0,0.0
b1/transformed/action-in/0/step3,"[1, 30, 1536]",torch.bfloat16,sdpa,True,True,0.0,0.0
b1/transformed/action-in/0/step4,"[1, 30, 1536]",torch.bfloat16,sdpa,True,True,0.0,0.0
b1/transformed/action-in/0/step5,"[1, 30, 1536]",torch.bfloat16,sdpa,True,True,0.0,0.0
b1/transformed/action-in/0/step6,"[1, 30, 1536]",torch.bfloat16,sdpa,True,True,0.0,0.0
b1/transformed/action-in/0/step7,"[1, 30, 1536]",torch.bfloat16,sdpa,True,True,0.0,0.0
b1/transformed/action-in/0/step8,"[1, 30, 1536]",torch.bfloat16,sdpa,True,True,0.0,0.0
b1/transformed/action-in/0/step9,"[1, 30, 1536]",torch.bfloat16,sdpa,True,True,0.0,0.0
b1/transformed/obs/0/step0,"[1, 93, 1536]",torch.bfloat16,sdpa,True,True,0.0,0.0
b1/transformed/obs/1/step0,"[1, 93]",torch.bool,sdpa,True,True,0.0,0.0
b1/transformed/block0/0/step0,"[1, 30, 1536]",torch.bfloat16,sdpa,True,True,0.0,0.0
b1/transformed/block0/0/step1,"[1, 30, 1536]",torch.bfloat16,sdpa,True,True,0.0,0.0
b1/transformed/block0/0/step2,"[1, 30, 1536]",torch.bfloat16,sdpa,True,True,0.0,0.0
b1/transformed/block0/0/step3,"[1, 30, 1536]",torch.bfloat16,sdpa,True,True,0.0,0.0
b1/transformed/block0/0/step4,"[1, 30, 1536]",torch.bfloat16,sdpa,True,True,0.0,0.0
b1/transformed/block0/0/step5,"[1, 30, 1536]",torch.bfloat16,sdpa,True,True,0.0,0.0
b1/transformed/block0/0/step6,"[1, 30, 1536]",torch.bfloat16,sdpa,True,True,0.0,0.0
b1/transformed/block0/0/step7,"[1, 30, 1536]",torch.bfloat16,sdpa,True,True,0.0,0.0
b1/transformed/block0/0/step8,"[1, 30, 1536]",torch.bfloat16,sdpa,True,True,0.0,0.0
b1/transformed/block0/0/step9,"[1, 30, 1536]",torch.bfloat16,sdpa,True,True,0.0,0.0
b1/transformed/block0/1/step0,"[1, 93, 1536]",torch.bfloat16,sdpa,True,True,0.0,0.0
b1/transformed/block0/1/step1,"[1, 93, 1536]",torch.bfloat16,sdpa,True,True,0.0,0.0
b1/transformed/block0/1/step2,"[1, 93, 1536]",torch.bfloat16,sdpa,True,True,0.0,0.0
b1/transformed/block0/1/step3,"[1, 93, 1536]",torch.bfloat16,sdpa,True,True,0.0,0.0
b1/transformed/block0/1/step4,"[1, 93, 1536]",torch.bfloat16,sdpa,True,True,0.0,0.0
b1/transformed/block0/1/step5,"[1, 93, 1536]",torch.bfloat16,sdpa,True,True,0.0,0.0
b1/transformed/block0/1/step6,"[1, 93, 1536]",torch.bfloat16,sdpa,True,True,0.0,0.0
b1/transformed/block0/1/step7,"[1, 93, 1536]",torch.bfloat16,sdpa,True,True,0.0,0.0
b1/transformed/block0/1/step8,"[1, 93, 1536]",torch.bfloat16,sdpa,True,True,0.0,0.0
b1/transformed/block0/1/step9,"[1, 93, 1536]",torch.bfloat16,sdpa,True,True,0.0,0.0
b1/transformed/block1/0/step0,"[1, 30, 1536]",torch.bfloat16,sdpa,True,True,0.0,0.0
b1/transformed/block1/0/step1,"[1, 30, 1536]",torch.bfloat16,sdpa,True,True,0.0,0.0
b1/transformed/block1/0/step2,"[1, 30, 1536]",torch.bfloat16,sdpa,True,True,0.0,0.0
b1/transformed/block1/0/step3,"[1, 30, 1536]",torch.bfloat16,sdpa,True,True,0.0,0.0
b1/transformed/block1/0/step4,"[1, 30, 1536]",torch.bfloat16,sdpa,True,True,0.0,0.0
b1/transformed/block1/0/step5,"[1, 30, 1536]",torch.bfloat16,sdpa,True,True,0.0,0.0
b1/transformed/block1/0/step6,"[1, 30, 1536]",torch.bfloat16,sdpa,True,True,0.0,0.0
b1/transformed/block1/0/step7,"[1, 30, 1536]",torch.bfloat16,sdpa,True,True,0.0,0.0
b1/transformed/block1/0/step8,"[1, 30, 1536]",torch.bfloat16,sdpa,True,True,0.0,0.0
b1/transformed/block1/0/step9,"[1, 30, 1536]",torch.bfloat16,sdpa,True,True,0.0,0.0
b1/transformed/block1/1/step0,"[1, 93, 1536]",torch.bfloat16,sdpa,True,True,0.0,0.0
b1/transformed/block1/1/step1,"[1, 93, 1536]",torch.bfloat16,sdpa,True,True,0.0,0.0
b1/transformed/block1/1/step2,"[1, 93, 1536]",torch.bfloat16,sdpa,True,True,0.0,0.0
b1/transformed/block1/1/step3,"[1, 93, 1536]",torch.bfloat16,sdpa,True,True,0.0,0.0
b1/transformed/block1/1/step4,"[1, 93, 1536]",torch.bfloat16,sdpa,True,True,0.0,0.0
b1/transformed/block1/1/step5,"[1, 93, 1536]",torch.bfloat16,sdpa,True,True,0.0,0.0
b1/transformed/block1/1/step6,"[1, 93, 1536]",torch.bfloat16,sdpa,True,True,0.0,0.0
b1/transformed/block1/1/step7,"[1, 93, 1536]",torch.bfloat16,sdpa,True,True,0.0,0.0
b1/transformed/block1/1/step8,"[1, 93, 1536]",torch.bfloat16,sdpa,True,True,0.0,0.0
b1/transformed/block1/1/step9,"[1, 93, 1536]",torch.bfloat16,sdpa,True,True,0.0,0.0
b1/transformed/block2/0/step0,"[1, 30, 1536]",torch.bfloat16,sdpa,True,True,0.0,0.0
b1/transformed/block2/0/step1,"[1, 30, 1536]",torch.bfloat16,sdpa,True,True,0.0,0.0
b1/transformed/block2/0/step2,"[1, 30, 1536]",torch.bfloat16,sdpa,True,True,0.0,0.0
b1/transformed/block2/0/step3,"[1, 30, 1536]",torch.bfloat16,sdpa,True,True,0.0,0.0
b1/transformed/block2/0/step4,"[1, 30, 1536]",torch.bfloat16,sdpa,True,True,0.0,0.0
b1/transformed/block2/0/step5,"[1, 30, 1536]",torch.bfloat16,sdpa,True,True,0.0,0.0
b1/transformed/block2/0/step6,"[1, 30, 1536]",torch.bfloat16,sdpa,True,True,0.0,0.0
b1/transformed/block2/0/step7,"[1, 30, 1536]",torch.bfloat16,sdpa,True,True,0.0,0.0
b1/transformed/block2/0/step8,"[1, 30, 1536]",torch.bfloat16,sdpa,True,True,0.0,0.0
b1/transformed/block2/0/step9,"[1, 30, 1536]",torch.bfloat16,sdpa,True,True,0.0,0.0
b1/transformed/block2/1/step0,"[1, 93, 1536]",torch.bfloat16,sdpa,True,True,0.0,0.0
b1/transformed/block2/1/step1,"[1, 93, 1536]",torch.bfloat16,sdpa,True,True,0.0,0.0
b1/transformed/block2/1/step2,"[1, 93, 1536]",torch.bfloat16,sdpa,True,True,0.0,0.0
b1/transformed/block2/1/step3,"[1, 93, 1536]",torch.bfloat16,sdpa,True,True,0.0,0.0
b1/transformed/block2/1/step4,"[1, 93, 1536]",torch.bfloat16,sdpa,True,True,0.0,0.0
b1/transformed/block2/1/step5,"[1, 93, 1536]",torch.bfloat16,sdpa,True,True,0.0,0.0
b1/transformed/block2/1/step6,"[1, 93, 1536]",torch.bfloat16,sdpa,True,True,0.0,0.0
b1/transformed/block2/1/step7,"[1, 93, 1536]",torch.bfloat16,sdpa,True,True,0.0,0.0
b1/transformed/block2/1/step8,"[1, 93, 1536]",torch.bfloat16,sdpa,True,True,0.0,0.0
b1/transformed/block2/1/step9,"[1, 93, 1536]",torch.bfloat16,sdpa,True,True,0.0,0.0
b1/transformed/block3/0/step0,"[1, 30, 1536]",torch.bfloat16,sdpa,True,True,0.0,0.0
b1/transformed/block3/0/step1,"[1, 30, 1536]",torch.bfloat16,sdpa,True,True,0.0,0.0
b1/transformed/block3/0/step2,"[1, 30, 1536]",torch.bfloat16,sdpa,True,True,0.0,0.0
b1/transformed/block3/0/step3,"[1, 30, 1536]",torch.bfloat16,sdpa,True,True,0.0,0.0
b1/transformed/block3/0/step4,"[1, 30, 1536]",torch.bfloat16,sdpa,True,True,0.0,0.0
b1/transformed/block3/0/step5,"[1, 30, 1536]",torch.bfloat16,sdpa,True,True,0.0,0.0
b1/transformed/block3/0/step6,"[1, 30, 1536]",torch.bfloat16,sdpa,True,True,0.0,0.0
b1/transformed/block3/0/step7,"[1, 30, 1536]",torch.bfloat16,sdpa,True,True,0.0,0.0
b1/transformed/block3/0/step8,"[1, 30, 1536]",torch.bfloat16,sdpa,True,True,0.0,0.0
b1/transformed/block3/0/step9,"[1, 30, 1536]",torch.bfloat16,sdpa,True,True,0.0,0.0
b1/transformed/block3/1/step0,"[1, 93, 1536]",torch.bfloat16,sdpa,True,True,0.0,0.0
b1/transformed/block3/1/step1,"[1, 93, 1536]",torch.bfloat16,sdpa,True,True,0.0,0.0
b1/transformed/block3/1/step2,"[1, 93, 1536]",torch.bfloat16,sdpa,True,True,0.0,0.0
b1/transformed/block3/1/step3,"[1, 93, 1536]",torch.bfloat16,sdpa,True,True,0.0,0.0
b1/transformed/block3/1/step4,"[1, 93, 1536]",torch.bfloat16,sdpa,True,True,0.0,0.0
b1/transformed/block3/1/step5,"[1, 93, 1536]",torch.bfloat16,sdpa,True,True,0.0,0.0
b1/transformed/block3/1/step6,"[1, 93, 1536]",torch.bfloat16,sdpa,True,True,0.0,0.0
b1/transformed/block3/1/step7,"[1, 93, 1536]",torch.bfloat16,sdpa,True,True,0.0,0.0
b1/transformed/block3/1/step8,"[1, 93, 1536]",torch.bfloat16,sdpa,True,True,0.0,0.0
b1/transformed/block3/1/step9,"[1, 93, 1536]",torch.bfloat16,sdpa,True,True,0.0,0.0
b1/transformed/block4/0/step0,"[1, 30, 1536]",torch.bfloat16,sdpa,True,True,0.0,0.0
b1/transformed/block4/0/step1,"[1, 30, 1536]",torch.bfloat16,sdpa,True,True,0.0,0.0
b1/transformed/block4/0/step2,"[1, 30, 1536]",torch.bfloat16,sdpa,True,True,0.0,0.0
b1/transformed/block4/0/step3,"[1, 30, 1536]",torch.bfloat16,sdpa,True,True,0.0,0.0
b1/transformed/block4/0/step4,"[1, 30, 1536]",torch.bfloat16,sdpa,True,True,0.0,0.0
b1/transformed/block4/0/step5,"[1, 30, 1536]",torch.bfloat16,sdpa,True,True,0.0,0.0
b1/transformed/block4/0/step6,"[1, 30, 1536]",torch.bfloat16,sdpa,True,True,0.0,0.0
b1/transformed/block4/0/step7,"[1, 30, 1536]",torch.bfloat16,sdpa,True,True,0.0,0.0
b1/transformed/block4/0/step8,"[1, 30, 1536]",torch.bfloat16,sdpa,True,True,0.0,0.0
b1/transformed/block4/0/step9,"[1, 30, 1536]",torch.bfloat16,sdpa,True,True,0.0,0.0
b1/transformed/block4/1/step0,"[1, 93, 1536]",torch.bfloat16,sdpa,True,True,0.0,0.0
b1/transformed/block4/1/step1,"[1, 93, 1536]",torch.bfloat16,sdpa,True,True,0.0,0.0
b1/transformed/block4/1/step2,"[1, 93, 1536]",torch.bfloat16,sdpa,True,True,0.0,0.0
b1/transformed/block4/1/step3,"[1, 93, 1536]",torch.bfloat16,sdpa,True,True,0.0,0.0
b1/transformed/block4/1/step4,"[1, 93, 1536]",torch.bfloat16,sdpa,True,True,0.0,0.0
b1/transformed/block4/1/step5,"[1, 93, 1536]",torch.bfloat16,sdpa,True,True,0.0,0.0
b1/transformed/block4/1/step6,"[1, 93, 1536]",torch.bfloat16,sdpa,True,True,0.0,0.0
b1/transformed/block4/1/step7,"[1, 93, 1536]",torch.bfloat16,sdpa,True,True,0.0,0.0
b1/transformed/block4/1/step8,"[1, 93, 1536]",torch.bfloat16,sdpa,True,True,0.0,0.0
b1/transformed/block4/1/step9,"[1, 93, 1536]",torch.bfloat16,sdpa,True,True,0.0,0.0
b1/transformed/block5/0/step0,"[1, 30, 1536]",torch.bfloat16,sdpa,True,True,0.0,0.0
b1/transformed/block5/0/step1,"[1, 30, 1536]",torch.bfloat16,sdpa,True,True,0.0,0.0
b1/transformed/block5/0/step2,"[1, 30, 1536]",torch.bfloat16,sdpa,True,True,0.0,0.0
b1/transformed/block5/0/step3,"[1, 30, 1536]",torch.bfloat16,sdpa,True,True,0.0,0.0
b1/transformed/block5/0/step4,"[1, 30, 1536]",torch.bfloat16,sdpa,True,True,0.0,0.0
b1/transformed/block5/0/step5,"[1, 30, 1536]",torch.bfloat16,sdpa,True,True,0.0,0.0
b1/transformed/block5/0/step6,"[1, 30, 1536]",torch.bfloat16,sdpa,True,True,0.0,0.0
b1/transformed/block5/0/step7,"[1, 30, 1536]",torch.bfloat16,sdpa,True,True,0.0,0.0
b1/transformed/block5/0/step8,"[1, 30, 1536]",torch.bfloat16,sdpa,True,True,0.0,0.0
b1/transformed/block5/0/step9,"[1, 30, 1536]",torch.bfloat16,sdpa,True,True,0.0,0.0
b1/transformed/velocity/step0,"[1, 30, 78]",torch.bfloat16,sdpa,True,True,0.0,0.0
b1/transformed/velocity/step1,"[1, 30, 78]",torch.bfloat16,sdpa,True,True,0.0,0.0
b1/transformed/velocity/step2,"[1, 30, 78]",torch.bfloat16,sdpa,True,True,0.0,0.0
b1/transformed/velocity/step3,"[1, 30, 78]",torch.bfloat16,sdpa,True,True,0.0,0.0
b1/transformed/velocity/step4,"[1, 30, 78]",torch.bfloat16,sdpa,True,True,0.0,0.0
b1/transformed/velocity/step5,"[1, 30, 78]",torch.bfloat16,sdpa,True,True,0.0,0.0
b1/transformed/velocity/step6,"[1, 30, 78]",torch.bfloat16,sdpa,True,True,0.0,0.0
b1/transformed/velocity/step7,"[1, 30, 78]",torch.bfloat16,sdpa,True,True,0.0,0.0
b1/transformed/velocity/step8,"[1, 30, 78]",torch.bfloat16,sdpa,True,True,0.0,0.0
b1/transformed/velocity/step9,"[1, 30, 78]",torch.bfloat16,sdpa,True,True,0.0,0.0
b1/transformed/actions/step0,"[1, 30, 78]",torch.bfloat16,sdpa,True,True,0.0,0.0
b1/transformed/actions/step1,"[1, 30, 78]",torch.bfloat16,sdpa,True,True,0.0,0.0
b1/transformed/actions/step2,"[1, 30, 78]",torch.bfloat16,sdpa,True,True,0.0,0.0
b1/transformed/actions/step3,"[1, 30, 78]",torch.bfloat16,sdpa,True,True,0.0,0.0
b1/transformed/actions/step4,"[1, 30, 78]",torch.bfloat16,sdpa,True,True,0.0,0.0
b1/transformed/actions/step5,"[1, 30, 78]",torch.bfloat16,sdpa,True,True,0.0,0.0
b1/transformed/actions/step6,"[1, 30, 78]",torch.bfloat16,sdpa,True,True,0.0,0.0
b1/transformed/actions/step7,"[1, 30, 78]",torch.bfloat16,sdpa,True,True,0.0,0.0
b1/transformed/actions/step8,"[1, 30, 78]",torch.bfloat16,sdpa,True,True,0.0,0.0
b1/transformed/actions/step9,"[1, 30, 78]",torch.bfloat16,sdpa,True,True,0.0,0.0
b1/transformed/identical-inputs/input_ids,"[1, 92]",torch.int64,sdpa,True,True,0.0,0.0
b1/transformed/identical-inputs/attention_mask,"[1, 92]",torch.bool,sdpa,True,True,0.0,0.0
b1/transformed/identical-inputs/image_grid_thw,"[1, 3]",torch.int64,sdpa,True,True,0.0,0.0
b1/transformed/identical-inputs/pixel_values,"[320, 1536]",torch.bfloat16,sdpa,True,True,0.0,0.0
b1/transformed/identical-inputs/positions,"[3, 1, 92]",torch.int64,sdpa,True,True,0.0,0.0
b1/transformed/identical-inputs/features,"[1, 1, 92, 2048]",torch.bfloat16,sdpa,True,True,0.0,0.0
b1/transformed/identical-inputs/final,"[1, 30, 78]",torch.float32,sdpa,True,True,0.0,0.0
b1/transformed/identical-inputs/time/0/step0,"[1, 1536]",torch.bfloat16,sdpa,True,True,0.0,0.0
b1/transformed/identical-inputs/time/0/step1,"[1, 1536]",torch.bfloat16,sdpa,True,True,0.0,0.0
b1/transformed/identical-inputs/time/0/step2,"[1, 1536]",torch.bfloat16,sdpa,True,True,0.0,0.0
b1/transformed/identical-inputs/time/0/step3,"[1, 1536]",torch.bfloat16,sdpa,True,True,0.0,0.0
b1/transformed/identical-inputs/time/0/step4,"[1, 1536]",torch.bfloat16,sdpa,True,True,0.0,0.0
b1/transformed/identical-inputs/time/0/step5,"[1, 1536]",torch.bfloat16,sdpa,True,True,0.0,0.0
b1/transformed/identical-inputs/time/0/step6,"[1, 1536]",torch.bfloat16,sdpa,True,True,0.0,0.0
b1/transformed/identical-inputs/time/0/step7,"[1, 1536]",torch.bfloat16,sdpa,True,True,0.0,0.0
b1/transformed/identical-inputs/time/0/step8,"[1, 1536]",torch.bfloat16,sdpa,True,True,0.0,0.0
b1/transformed/identical-inputs/time/0/step9,"[1, 1536]",torch.bfloat16,sdpa,True,True,0.0,0.0
b1/transformed/identical-inputs/action-in/0/step0,"[1, 30, 1536]",torch.bfloat16,sdpa,True,True,0.0,0.0
b1/transformed/identical-inputs/action-in/0/step1,"[1, 30, 1536]",torch.bfloat16,sdpa,True,True,0.0,0.0
b1/transformed/identical-inputs/action-in/0/step2,"[1, 30, 1536]",torch.bfloat16,sdpa,True,True,0.0,0.0
b1/transformed/identical-inputs/action-in/0/step3,"[1, 30, 1536]",torch.bfloat16,sdpa,True,True,0.0,0.0
b1/transformed/identical-inputs/action-in/0/step4,"[1, 30, 1536]",torch.bfloat16,sdpa,True,True,0.0,0.0
b1/transformed/identical-inputs/action-in/0/step5,"[1, 30, 1536]",torch.bfloat16,sdpa,True,True,0.0,0.0
b1/transformed/identical-inputs/action-in/0/step6,"[1, 30, 1536]",torch.bfloat16,sdpa,True,True,0.0,0.0
b1/transformed/identical-inputs/action-in/0/step7,"[1, 30, 1536]",torch.bfloat16,sdpa,True,True,0.0,0.0
b1/transformed/identical-inputs/action-in/0/step8,"[1, 30, 1536]",torch.bfloat16,sdpa,True,True,0.0,0.0
b1/transformed/identical-inputs/action-in/0/step9,"[1, 30, 1536]",torch.bfloat16,sdpa,True,True,0.0,0.0
b1/transformed/identical-inputs/obs/0/step0,"[1, 93, 1536]",torch.bfloat16,sdpa,True,True,0.0,0.0
b1/transformed/identical-inputs/obs/1/step0,"[1, 93]",torch.bool,sdpa,True,True,0.0,0.0
b1/transformed/identical-inputs/block0/0/step0,"[1, 30, 1536]",torch.bfloat16,sdpa,True,True,0.0,0.0
b1/transformed/identical-inputs/block0/0/step1,"[1, 30, 1536]",torch.bfloat16,sdpa,True,True,0.0,0.0
b1/transformed/identical-inputs/block0/0/step2,"[1, 30, 1536]",torch.bfloat16,sdpa,True,True,0.0,0.0
b1/transformed/identical-inputs/block0/0/step3,"[1, 30, 1536]",torch.bfloat16,sdpa,True,True,0.0,0.0
b1/transformed/identical-inputs/block0/0/step4,"[1, 30, 1536]",torch.bfloat16,sdpa,True,True,0.0,0.0
b1/transformed/identical-inputs/block0/0/step5,"[1, 30, 1536]",torch.bfloat16,sdpa,True,True,0.0,0.0
b1/transformed/identical-inputs/block0/0/step6,"[1, 30, 1536]",torch.bfloat16,sdpa,True,True,0.0,0.0
b1/transformed/identical-inputs/block0/0/step7,"[1, 30, 1536]",torch.bfloat16,sdpa,True,True,0.0,0.0
b1/transformed/identical-inputs/block0/0/step8,"[1, 30, 1536]",torch.bfloat16,sdpa,True,True,0.0,0.0
b1/transformed/identical-inputs/block0/0/step9,"[1, 30, 1536]",torch.bfloat16,sdpa,True,True,0.0,0.0
b1/transformed/identical-inputs/block0/1/step0,"[1, 93, 1536]",torch.bfloat16,sdpa,True,True,0.0,0.0
b1/transformed/identical-inputs/block0/1/step1,"[1, 93, 1536]",torch.bfloat16,sdpa,True,True,0.0,0.0
b1/transformed/identical-inputs/block0/1/step2,"[1, 93, 1536]",torch.bfloat16,sdpa,True,True,0.0,0.0
b1/transformed/identical-inputs/block0/1/step3,"[1, 93, 1536]",torch.bfloat16,sdpa,True,True,0.0,0.0
b1/transformed/identical-inputs/block0/1/step4,"[1, 93, 1536]",torch.bfloat16,sdpa,True,True,0.0,0.0
b1/transformed/identical-inputs/block0/1/step5,"[1, 93, 1536]",torch.bfloat16,sdpa,True,True,0.0,0.0
b1/transformed/identical-inputs/block0/1/step6,"[1, 93, 1536]",torch.bfloat16,sdpa,True,True,0.0,0.0
b1/transformed/identical-inputs/block0/1/step7,"[1, 93, 1536]",torch.bfloat16,sdpa,True,True,0.0,0.0
b1/transformed/identical-inputs/block0/1/step8,"[1, 93, 1536]",torch.bfloat16,sdpa,True,True,0.0,0.0
b1/transformed/identical-inputs/block0/1/step9,"[1, 93, 1536]",torch.bfloat16,sdpa,True,True,0.0,0.0
b1/transformed/identical-inputs/block1/0/step0,"[1, 30, 1536]",torch.bfloat16,sdpa,True,True,0.0,0.0
b1/transformed/identical-inputs/block1/0/step1,"[1, 30, 1536]",torch.bfloat16,sdpa,True,True,0.0,0.0
b1/transformed/identical-inputs/block1/0/step2,"[1, 30, 1536]",torch.bfloat16,sdpa,True,True,0.0,0.0
b1/transformed/identical-inputs/block1/0/step3,"[1, 30, 1536]",torch.bfloat16,sdpa,True,True,0.0,0.0
b1/transformed/identical-inputs/block1/0/step4,"[1, 30, 1536]",torch.bfloat16,sdpa,True,True,0.0,0.0
b1/transformed/identical-inputs/block1/0/step5,"[1, 30, 1536]",torch.bfloat16,sdpa,True,True,0.0,0.0
b1/transformed/identical-inputs/block1/0/step6,"[1, 30, 1536]",torch.bfloat16,sdpa,True,True,0.0,0.0
b1/transformed/identical-inputs/block1/0/step7,"[1, 30, 1536]",torch.bfloat16,sdpa,True,True,0.0,0.0
b1/transformed/identical-inputs/block1/0/step8,"[1, 30, 1536]",torch.bfloat16,sdpa,True,True,0.0,0.0
b1/transformed/identical-inputs/block1/0/step9,"[1, 30, 1536]",torch.bfloat16,sdpa,True,True,0.0,0.0
b1/transformed/identical-inputs/block1/1/step0,"[1, 93, 1536]",torch.bfloat16,sdpa,True,True,0.0,0.0
b1/transformed/identical-inputs/block1/1/step1,"[1, 93, 1536]",torch.bfloat16,sdpa,True,True,0.0,0.0
b1/transformed/identical-inputs/block1/1/step2,"[1, 93, 1536]",torch.bfloat16,sdpa,True,True,0.0,0.0
b1/transformed/identical-inputs/block1/1/step3,"[1, 93, 1536]",torch.bfloat16,sdpa,True,True,0.0,0.0
b1/transformed/identical-inputs/block1/1/step4,"[1, 93, 1536]",torch.bfloat16,sdpa,True,True,0.0,0.0
b1/transformed/identical-inputs/block1/1/step5,"[1, 93, 1536]",torch.bfloat16,sdpa,True,True,0.0,0.0
b1/transformed/identical-inputs/block1/1/step6,"[1, 93, 1536]",torch.bfloat16,sdpa,True,True,0.0,0.0
b1/transformed/identical-inputs/block1/1/step7,"[1, 93, 1536]",torch.bfloat16,sdpa,True,True,0.0,0.0
b1/transformed/identical-inputs/block1/1/step8,"[1, 93, 1536]",torch.bfloat16,sdpa,True,True,0.0,0.0
b1/transformed/identical-inputs/block1/1/step9,"[1, 93, 1536]",torch.bfloat16,sdpa,True,True,0.0,0.0
b1/transformed/identical-inputs/block2/0/step0,"[1, 30, 1536]",torch.bfloat16,sdpa,True,True,0.0,0.0
b1/transformed/identical-inputs/block2/0/step1,"[1, 30, 1536]",torch.bfloat16,sdpa,True,True,0.0,0.0
b1/transformed/identical-inputs/block2/0/step2,"[1, 30, 1536]",torch.bfloat16,sdpa,True,True,0.0,0.0
b1/transformed/identical-inputs/block2/0/step3,"[1, 30, 1536]",torch.bfloat16,sdpa,True,True,0.0,0.0
b1/transformed/identical-inputs/block2/0/step4,"[1, 30, 1536]",torch.bfloat16,sdpa,True,True,0.0,0.0
b1/transformed/identical-inputs/block2/0/step5,"[1, 30, 1536]",torch.bfloat16,sdpa,True,True,0.0,0.0
b1/transformed/identical-inputs/block2/0/step6,"[1, 30, 1536]",torch.bfloat16,sdpa,True,True,0.0,0.0
b1/transformed/identical-inputs/block2/0/step7,"[1, 30, 1536]",torch.bfloat16,sdpa,True,True,0.0,0.0
b1/transformed/identical-inputs/block2/0/step8,"[1, 30, 1536]",torch.bfloat16,sdpa,True,True,0.0,0.0
b1/transformed/identical-inputs/block2/0/step9,"[1, 30, 1536]",torch.bfloat16,sdpa,True,True,0.0,0.0
b1/transformed/identical-inputs/block2/1/step0,"[1, 93, 1536]",torch.bfloat16,sdpa,True,True,0.0,0.0
b1/transformed/identical-inputs/block2/1/step1,"[1, 93, 1536]",torch.bfloat16,sdpa,True,True,0.0,0.0
b1/transformed/identical-inputs/block2/1/step2,"[1, 93, 1536]",torch.bfloat16,sdpa,True,True,0.0,0.0
b1/transformed/identical-inputs/block2/1/step3,"[1, 93, 1536]",torch.bfloat16,sdpa,True,True,0.0,0.0
b1/transformed/identical-inputs/block2/1/step4,"[1, 93, 1536]",torch.bfloat16,sdpa,True,True,0.0,0.0
b1/transformed/identical-inputs/block2/1/step5,"[1, 93, 1536]",torch.bfloat16,sdpa,True,True,0.0,0.0
b1/transformed/identical-inputs/block2/1/step6,"[1, 93, 1536]",torch.bfloat16,sdpa,True,True,0.0,0.0
b1/transformed/identical-inputs/block2/1/step7,"[1, 93, 1536]",torch.bfloat16,sdpa,True,True,0.0,0.0
b1/transformed/identical-inputs/block2/1/step8,"[1, 93, 1536]",torch.bfloat16,sdpa,True,True,0.0,0.0
b1/transformed/identical-inputs/block2/1/step9,"[1, 93, 1536]",torch.bfloat16,sdpa,True,True,0.0,0.0
b1/transformed/identical-inputs/block3/0/step0,"[1, 30, 1536]",torch.bfloat16,sdpa,True,True,0.0,0.0
b1/transformed/identical-inputs/block3/0/step1,"[1, 30, 1536]",torch.bfloat16,sdpa,True,True,0.0,0.0
b1/transformed/identical-inputs/block3/0/step2,"[1, 30, 1536]",torch.bfloat16,sdpa,True,True,0.0,0.0
b1/transformed/identical-inputs/block3/0/step3,"[1, 30, 1536]",torch.bfloat16,sdpa,True,True,0.0,0.0
b1/transformed/identical-inputs/block3/0/step4,"[1, 30, 1536]",torch.bfloat16,sdpa,True,True,0.0,0.0
b1/transformed/identical-inputs/block3/0/step5,"[1, 30, 1536]",torch.bfloat16,sdpa,True,True,0.0,0.0
b1/transformed/identical-inputs/block3/0/step6,"[1, 30, 1536]",torch.bfloat16,sdpa,True,True,0.0,0.0
b1/transformed/identical-inputs/block3/0/step7,"[1, 30, 1536]",torch.bfloat16,sdpa,True,True,0.0,0.0
b1/transformed/identical-inputs/block3/0/step8,"[1, 30, 1536]",torch.bfloat16,sdpa,True,True,0.0,0.0
b1/transformed/identical-inputs/block3/0/step9,"[1, 30, 1536]",torch.bfloat16,sdpa,True,True,0.0,0.0
b1/transformed/identical-inputs/block3/1/step0,"[1, 93, 1536]",torch.bfloat16,sdpa,True,True,0.0,0.0
b1/transformed/identical-inputs/block3/1/step1,"[1, 93, 1536]",torch.bfloat16,sdpa,True,True,0.0,0.0
b1/transformed/identical-inputs/block3/1/step2,"[1, 93, 1536]",torch.bfloat16,sdpa,True,True,0.0,0.0
b1/transformed/identical-inputs/block3/1/step3,"[1, 93, 1536]",torch.bfloat16,sdpa,True,True,0.0,0.0
b1/transformed/identical-inputs/block3/1/step4,"[1, 93, 1536]",torch.bfloat16,sdpa,True,True,0.0,0.0
b1/transformed/identical-inputs/block3/1/step5,"[1, 93, 1536]",torch.bfloat16,sdpa,True,True,0.0,0.0
b1/transformed/identical-inputs/block3/1/step6,"[1, 93, 1536]",torch.bfloat16,sdpa,True,True,0.0,0.0
b1/transformed/identical-inputs/block3/1/step7,"[1, 93, 1536]",torch.bfloat16,sdpa,True,True,0.0,0.0
b1/transformed/identical-inputs/block3/1/step8,"[1, 93, 1536]",torch.bfloat16,sdpa,True,True,0.0,0.0
b1/transformed/identical-inputs/block3/1/step9,"[1, 93, 1536]",torch.bfloat16,sdpa,True,True,0.0,0.0
b1/transformed/identical-inputs/block4/0/step0,"[1, 30, 1536]",torch.bfloat16,sdpa,True,True,0.0,0.0
b1/transformed/identical-inputs/block4/0/step1,"[1, 30, 1536]",torch.bfloat16,sdpa,True,True,0.0,0.0
b1/transformed/identical-inputs/block4/0/step2,"[1, 30, 1536]",torch.bfloat16,sdpa,True,True,0.0,0.0
b1/transformed/identical-inputs/block4/0/step3,"[1, 30, 1536]",torch.bfloat16,sdpa,True,True,0.0,0.0
b1/transformed/identical-inputs/block4/0/step4,"[1, 30, 1536]",torch.bfloat16,sdpa,True,True,0.0,0.0
b1/transformed/identical-inputs/block4/0/step5,"[1, 30, 1536]",torch.bfloat16,sdpa,True,True,0.0,0.0
b1/transformed/identical-inputs/block4/0/step6,"[1, 30, 1536]",torch.bfloat16,sdpa,True,True,0.0,0.0
b1/transformed/identical-inputs/block4/0/step7,"[1, 30, 1536]",torch.bfloat16,sdpa,True,True,0.0,0.0
b1/transformed/identical-inputs/block4/0/step8,"[1, 30, 1536]",torch.bfloat16,sdpa,True,True,0.0,0.0
b1/transformed/identical-inputs/block4/0/step9,"[1, 30, 1536]",torch.bfloat16,sdpa,True,True,0.0,0.0
b1/transformed/identical-inputs/block4/1/step0,"[1, 93, 1536]",torch.bfloat16,sdpa,True,True,0.0,0.0
b1/transformed/identical-inputs/block4/1/step1,"[1, 93, 1536]",torch.bfloat16,sdpa,True,True,0.0,0.0
b1/transformed/identical-inputs/block4/1/step2,"[1, 93, 1536]",torch.bfloat16,sdpa,True,True,0.0,0.0
b1/transformed/identical-inputs/block4/1/step3,"[1, 93, 1536]",torch.bfloat16,sdpa,True,True,0.0,0.0
b1/transformed/identical-inputs/block4/1/step4,"[1, 93, 1536]",torch.bfloat16,sdpa,True,True,0.0,0.0
b1/transformed/identical-inputs/block4/1/step5,"[1, 93, 1536]",torch.bfloat16,sdpa,True,True,0.0,0.0
b1/transformed/identical-inputs/block4/1/step6,"[1, 93, 1536]",torch.bfloat16,sdpa,True,True,0.0,0.0
b1/transformed/identical-inputs/block4/1/step7,"[1, 93, 1536]",torch.bfloat16,sdpa,True,True,0.0,0.0
b1/transformed/identical-inputs/block4/1/step8,"[1, 93, 1536]",torch.bfloat16,sdpa,True,True,0.0,0.0
b1/transformed/identical-inputs/block4/1/step9,"[1, 93, 1536]",torch.bfloat16,sdpa,True,True,0.0,0.0
b1/transformed/identical-inputs/block5/0/step0,"[1, 30, 1536]",torch.bfloat16,sdpa,True,True,0.0,0.0
b1/transformed/identical-inputs/block5/0/step1,"[1, 30, 1536]",torch.bfloat16,sdpa,True,True,0.0,0.0
b1/transformed/identical-inputs/block5/0/step2,"[1, 30, 1536]",torch.bfloat16,sdpa,True,True,0.0,0.0
b1/transformed/identical-inputs/block5/0/step3,"[1, 30, 1536]",torch.bfloat16,sdpa,True,True,0.0,0.0
b1/transformed/identical-inputs/block5/0/step4,"[1, 30, 1536]",torch.bfloat16,sdpa,True,True,0.0,0.0
b1/transformed/identical-inputs/block5/0/step5,"[1, 30, 1536]",torch.bfloat16,sdpa,True,True,0.0,0.0
b1/transformed/identical-inputs/block5/0/step6,"[1, 30, 1536]",torch.bfloat16,sdpa,True,True,0.0,0.0
b1/transformed/identical-inputs/block5/0/step7,"[1, 30, 1536]",torch.bfloat16,sdpa,True,True,0.0,0.0
b1/transformed/identical-inputs/block5/0/step8,"[1, 30, 1536]",torch.bfloat16,sdpa,True,True,0.0,0.0
b1/transformed/identical-inputs/block5/0/step9,"[1, 30, 1536]",torch.bfloat16,sdpa,True,True,0.0,0.0
b1/transformed/identical-inputs/velocity/step0,"[1, 30, 78]",torch.bfloat16,sdpa,True,True,0.0,0.0
b1/transformed/identical-inputs/velocity/step1,"[1, 30, 78]",torch.bfloat16,sdpa,True,True,0.0,0.0
b1/transformed/identical-inputs/velocity/step2,"[1, 30, 78]",torch.bfloat16,sdpa,True,True,0.0,0.0
b1/transformed/identical-inputs/velocity/step3,"[1, 30, 78]",torch.bfloat16,sdpa,True,True,0.0,0.0
b1/transformed/identical-inputs/velocity/step4,"[1, 30, 78]",torch.bfloat16,sdpa,True,True,0.0,0.0
b1/transformed/identical-inputs/velocity/step5,"[1, 30, 78]",torch.bfloat16,sdpa,True,True,0.0,0.0
b1/transformed/identical-inputs/velocity/step6,"[1, 30, 78]",torch.bfloat16,sdpa,True,True,0.0,0.0
b1/transformed/identical-inputs/velocity/step7,"[1, 30, 78]",torch.bfloat16,sdpa,True,True,0.0,0.0
b1/transformed/identical-inputs/velocity/step8,"[1, 30, 78]",torch.bfloat16,sdpa,True,True,0.0,0.0
b1/transformed/identical-inputs/velocity/step9,"[1, 30, 78]",torch.bfloat16,sdpa,True,True,0.0,0.0
b1/transformed/identical-inputs/actions/step0,"[1, 30, 78]",torch.bfloat16,sdpa,True,True,0.0,0.0
b1/transformed/identical-inputs/actions/step1,"[1, 30, 78]",torch.bfloat16,sdpa,True,True,0.0,0.0
b1/transformed/identical-inputs/actions/step2,"[1, 30, 78]",torch.bfloat16,sdpa,True,True,0.0,0.0
b1/transformed/identical-inputs/actions/step3,"[1, 30, 78]",torch.bfloat16,sdpa,True,True,0.0,0.0
b1/transformed/identical-inputs/actions/step4,"[1, 30, 78]",torch.bfloat16,sdpa,True,True,0.0,0.0
b1/transformed/identical-inputs/actions/step5,"[1, 30, 78]",torch.bfloat16,sdpa,True,True,0.0,0.0
b1/transformed/identical-inputs/actions/step6,"[1, 30, 78]",torch.bfloat16,sdpa,True,True,0.0,0.0
b1/transformed/identical-inputs/actions/step7,"[1, 30, 78]",torch.bfloat16,sdpa,True,True,0.0,0.0
b1/transformed/identical-inputs/actions/step8,"[1, 30, 78]",torch.bfloat16,sdpa,True,True,0.0,0.0
b1/transformed/identical-inputs/actions/step9,"[1, 30, 78]",torch.bfloat16,sdpa,True,True,0.0,0.0
b1/transformed/denormalized,"[1, 30, 78]",torch.float32,sdpa,True,True,0.0,0.0
b1/pixels-changed/repeat/input_ids,"[1, 92]",torch.int64,sdpa,True,True,0.0,0.0
b1/pixels-changed/repeat/attention_mask,"[1, 92]",torch.bool,sdpa,True,True,0.0,0.0
b1/pixels-changed/repeat/image_grid_thw,"[1, 3]",torch.int64,sdpa,True,True,0.0,0.0
b1/pixels-changed/repeat/pixel_values,"[320, 1536]",torch.bfloat16,sdpa,True,True,0.0,0.0
b1/pixels-changed/repeat/positions,"[3, 1, 92]",torch.int64,sdpa,True,True,0.0,0.0
b1/pixels-changed/repeat/features,"[1, 1, 92, 2048]",torch.bfloat16,sdpa,True,True,0.0,0.0
b1/pixels-changed/repeat/final,"[1, 30, 78]",torch.float32,sdpa,True,True,0.0,0.0
b1/pixels-changed/repeat/time/0/step0,"[1, 1536]",torch.bfloat16,sdpa,True,True,0.0,0.0
b1/pixels-changed/repeat/time/0/step1,"[1, 1536]",torch.bfloat16,sdpa,True,True,0.0,0.0
b1/pixels-changed/repeat/time/0/step2,"[1, 1536]",torch.bfloat16,sdpa,True,True,0.0,0.0
b1/pixels-changed/repeat/time/0/step3,"[1, 1536]",torch.bfloat16,sdpa,True,True,0.0,0.0
b1/pixels-changed/repeat/time/0/step4,"[1, 1536]",torch.bfloat16,sdpa,True,True,0.0,0.0
b1/pixels-changed/repeat/time/0/step5,"[1, 1536]",torch.bfloat16,sdpa,True,True,0.0,0.0
b1/pixels-changed/repeat/time/0/step6,"[1, 1536]",torch.bfloat16,sdpa,True,True,0.0,0.0
b1/pixels-changed/repeat/time/0/step7,"[1, 1536]",torch.bfloat16,sdpa,True,True,0.0,0.0
b1/pixels-changed/repeat/time/0/step8,"[1, 1536]",torch.bfloat16,sdpa,True,True,0.0,0.0
b1/pixels-changed/repeat/time/0/step9,"[1, 1536]",torch.bfloat16,sdpa,True,True,0.0,0.0
b1/pixels-changed/repeat/action-in/0/step0,"[1, 30, 1536]",torch.bfloat16,sdpa,True,True,0.0,0.0
b1/pixels-changed/repeat/action-in/0/step1,"[1, 30, 1536]",torch.bfloat16,sdpa,True,True,0.0,0.0
b1/pixels-changed/repeat/action-in/0/step2,"[1, 30, 1536]",torch.bfloat16,sdpa,True,True,0.0,0.0
b1/pixels-changed/repeat/action-in/0/step3,"[1, 30, 1536]",torch.bfloat16,sdpa,True,True,0.0,0.0
b1/pixels-changed/repeat/action-in/0/step4,"[1, 30, 1536]",torch.bfloat16,sdpa,True,True,0.0,0.0
b1/pixels-changed/repeat/action-in/0/step5,"[1, 30, 1536]",torch.bfloat16,sdpa,True,True,0.0,0.0
b1/pixels-changed/repeat/action-in/0/step6,"[1, 30, 1536]",torch.bfloat16,sdpa,True,True,0.0,0.0
b1/pixels-changed/repeat/action-in/0/step7,"[1, 30, 1536]",torch.bfloat16,sdpa,True,True,0.0,0.0
b1/pixels-changed/repeat/action-in/0/step8,"[1, 30, 1536]",torch.bfloat16,sdpa,True,True,0.0,0.0
b1/pixels-changed/repeat/action-in/0/step9,"[1, 30, 1536]",torch.bfloat16,sdpa,True,True,0.0,0.0
b1/pixels-changed/repeat/obs/0/step0,"[1, 93, 1536]",torch.bfloat16,sdpa,True,True,0.0,0.0
b1/pixels-changed/repeat/obs/0/step1,"[1, 93, 1536]",torch.bfloat16,sdpa,True,True,0.0,0.0
b1/pixels-changed/repeat/obs/0/step2,"[1, 93, 1536]",torch.bfloat16,sdpa,True,True,0.0,0.0
b1/pixels-changed/repeat/obs/0/step3,"[1, 93, 1536]",torch.bfloat16,sdpa,True,True,0.0,0.0
b1/pixels-changed/repeat/obs/0/step4,"[1, 93, 1536]",torch.bfloat16,sdpa,True,True,0.0,0.0
b1/pixels-changed/repeat/obs/0/step5,"[1, 93, 1536]",torch.bfloat16,sdpa,True,True,0.0,0.0
b1/pixels-changed/repeat/obs/0/step6,"[1, 93, 1536]",torch.bfloat16,sdpa,True,True,0.0,0.0
b1/pixels-changed/repeat/obs/0/step7,"[1, 93, 1536]",torch.bfloat16,sdpa,True,True,0.0,0.0
b1/pixels-changed/repeat/obs/0/step8,"[1, 93, 1536]",torch.bfloat16,sdpa,True,True,0.0,0.0
b1/pixels-changed/repeat/obs/0/step9,"[1, 93, 1536]",torch.bfloat16,sdpa,True,True,0.0,0.0
b1/pixels-changed/repeat/obs/1/step0,"[1, 93]",torch.float32,sdpa,True,True,0.0,0.0
b1/pixels-changed/repeat/obs/1/step1,"[1, 93]",torch.float32,sdpa,True,True,0.0,0.0
b1/pixels-changed/repeat/obs/1/step2,"[1, 93]",torch.float32,sdpa,True,True,0.0,0.0
b1/pixels-changed/repeat/obs/1/step3,"[1, 93]",torch.float32,sdpa,True,True,0.0,0.0
b1/pixels-changed/repeat/obs/1/step4,"[1, 93]",torch.float32,sdpa,True,True,0.0,0.0
b1/pixels-changed/repeat/obs/1/step5,"[1, 93]",torch.float32,sdpa,True,True,0.0,0.0
b1/pixels-changed/repeat/obs/1/step6,"[1, 93]",torch.float32,sdpa,True,True,0.0,0.0
b1/pixels-changed/repeat/obs/1/step7,"[1, 93]",torch.float32,sdpa,True,True,0.0,0.0
b1/pixels-changed/repeat/obs/1/step8,"[1, 93]",torch.float32,sdpa,True,True,0.0,0.0
b1/pixels-changed/repeat/obs/1/step9,"[1, 93]",torch.float32,sdpa,True,True,0.0,0.0
b1/pixels-changed/repeat/block0/0/step0,"[1, 30, 1536]",torch.bfloat16,sdpa,True,True,0.0,0.0
b1/pixels-changed/repeat/block0/0/step1,"[1, 30, 1536]",torch.bfloat16,sdpa,True,True,0.0,0.0
b1/pixels-changed/repeat/block0/0/step2,"[1, 30, 1536]",torch.bfloat16,sdpa,True,True,0.0,0.0
b1/pixels-changed/repeat/block0/0/step3,"[1, 30, 1536]",torch.bfloat16,sdpa,True,True,0.0,0.0
b1/pixels-changed/repeat/block0/0/step4,"[1, 30, 1536]",torch.bfloat16,sdpa,True,True,0.0,0.0
b1/pixels-changed/repeat/block0/0/step5,"[1, 30, 1536]",torch.bfloat16,sdpa,True,True,0.0,0.0
b1/pixels-changed/repeat/block0/0/step6,"[1, 30, 1536]",torch.bfloat16,sdpa,True,True,0.0,0.0
b1/pixels-changed/repeat/block0/0/step7,"[1, 30, 1536]",torch.bfloat16,sdpa,True,True,0.0,0.0
b1/pixels-changed/repeat/block0/0/step8,"[1, 30, 1536]",torch.bfloat16,sdpa,True,True,0.0,0.0
b1/pixels-changed/repeat/block0/0/step9,"[1, 30, 1536]",torch.bfloat16,sdpa,True,True,0.0,0.0
b1/pixels-changed/repeat/block0/1/step0,"[1, 93, 1536]",torch.bfloat16,sdpa,True,True,0.0,0.0
b1/pixels-changed/repeat/block0/1/step1,"[1, 93, 1536]",torch.bfloat16,sdpa,True,True,0.0,0.0
b1/pixels-changed/repeat/block0/1/step2,"[1, 93, 1536]",torch.bfloat16,sdpa,True,True,0.0,0.0
b1/pixels-changed/repeat/block0/1/step3,"[1, 93, 1536]",torch.bfloat16,sdpa,True,True,0.0,0.0
b1/pixels-changed/repeat/block0/1/step4,"[1, 93, 1536]",torch.bfloat16,sdpa,True,True,0.0,0.0
b1/pixels-changed/repeat/block0/1/step5,"[1, 93, 1536]",torch.bfloat16,sdpa,True,True,0.0,0.0
b1/pixels-changed/repeat/block0/1/step6,"[1, 93, 1536]",torch.bfloat16,sdpa,True,True,0.0,0.0
b1/pixels-changed/repeat/block0/1/step7,"[1, 93, 1536]",torch.bfloat16,sdpa,True,True,0.0,0.0
b1/pixels-changed/repeat/block0/1/step8,"[1, 93, 1536]",torch.bfloat16,sdpa,True,True,0.0,0.0
b1/pixels-changed/repeat/block0/1/step9,"[1, 93, 1536]",torch.bfloat16,sdpa,True,True,0.0,0.0
b1/pixels-changed/repeat/block1/0/step0,"[1, 30, 1536]",torch.bfloat16,sdpa,True,True,0.0,0.0
b1/pixels-changed/repeat/block1/0/step1,"[1, 30, 1536]",torch.bfloat16,sdpa,True,True,0.0,0.0
b1/pixels-changed/repeat/block1/0/step2,"[1, 30, 1536]",torch.bfloat16,sdpa,True,True,0.0,0.0
b1/pixels-changed/repeat/block1/0/step3,"[1, 30, 1536]",torch.bfloat16,sdpa,True,True,0.0,0.0
b1/pixels-changed/repeat/block1/0/step4,"[1, 30, 1536]",torch.bfloat16,sdpa,True,True,0.0,0.0
b1/pixels-changed/repeat/block1/0/step5,"[1, 30, 1536]",torch.bfloat16,sdpa,True,True,0.0,0.0
b1/pixels-changed/repeat/block1/0/step6,"[1, 30, 1536]",torch.bfloat16,sdpa,True,True,0.0,0.0
b1/pixels-changed/repeat/block1/0/step7,"[1, 30, 1536]",torch.bfloat16,sdpa,True,True,0.0,0.0
b1/pixels-changed/repeat/block1/0/step8,"[1, 30, 1536]",torch.bfloat16,sdpa,True,True,0.0,0.0
b1/pixels-changed/repeat/block1/0/step9,"[1, 30, 1536]",torch.bfloat16,sdpa,True,True,0.0,0.0
b1/pixels-changed/repeat/block1/1/step0,"[1, 93, 1536]",torch.bfloat16,sdpa,True,True,0.0,0.0
b1/pixels-changed/repeat/block1/1/step1,"[1, 93, 1536]",torch.bfloat16,sdpa,True,True,0.0,0.0
b1/pixels-changed/repeat/block1/1/step2,"[1, 93, 1536]",torch.bfloat16,sdpa,True,True,0.0,0.0
b1/pixels-changed/repeat/block1/1/step3,"[1, 93, 1536]",torch.bfloat16,sdpa,True,True,0.0,0.0
b1/pixels-changed/repeat/block1/1/step4,"[1, 93, 1536]",torch.bfloat16,sdpa,True,True,0.0,0.0
b1/pixels-changed/repeat/block1/1/step5,"[1, 93, 1536]",torch.bfloat16,sdpa,True,True,0.0,0.0
b1/pixels-changed/repeat/block1/1/step6,"[1, 93, 1536]",torch.bfloat16,sdpa,True,True,0.0,0.0
b1/pixels-changed/repeat/block1/1/step7,"[1, 93, 1536]",torch.bfloat16,sdpa,True,True,0.0,0.0
b1/pixels-changed/repeat/block1/1/step8,"[1, 93, 1536]",torch.bfloat16,sdpa,True,True,0.0,0.0
b1/pixels-changed/repeat/block1/1/step9,"[1, 93, 1536]",torch.bfloat16,sdpa,True,True,0.0,0.0
b1/pixels-changed/repeat/block2/0/step0,"[1, 30, 1536]",torch.bfloat16,sdpa,True,True,0.0,0.0
b1/pixels-changed/repeat/block2/0/step1,"[1, 30, 1536]",torch.bfloat16,sdpa,True,True,0.0,0.0
b1/pixels-changed/repeat/block2/0/step2,"[1, 30, 1536]",torch.bfloat16,sdpa,True,True,0.0,0.0
b1/pixels-changed/repeat/block2/0/step3,"[1, 30, 1536]",torch.bfloat16,sdpa,True,True,0.0,0.0
b1/pixels-changed/repeat/block2/0/step4,"[1, 30, 1536]",torch.bfloat16,sdpa,True,True,0.0,0.0
b1/pixels-changed/repeat/block2/0/step5,"[1, 30, 1536]",torch.bfloat16,sdpa,True,True,0.0,0.0
b1/pixels-changed/repeat/block2/0/step6,"[1, 30, 1536]",torch.bfloat16,sdpa,True,True,0.0,0.0
b1/pixels-changed/repeat/block2/0/step7,"[1, 30, 1536]",torch.bfloat16,sdpa,True,True,0.0,0.0
b1/pixels-changed/repeat/block2/0/step8,"[1, 30, 1536]",torch.bfloat16,sdpa,True,True,0.0,0.0
b1/pixels-changed/repeat/block2/0/step9,"[1, 30, 1536]",torch.bfloat16,sdpa,True,True,0.0,0.0
b1/pixels-changed/repeat/block2/1/step0,"[1, 93, 1536]",torch.bfloat16,sdpa,True,True,0.0,0.0
b1/pixels-changed/repeat/block2/1/step1,"[1, 93, 1536]",torch.bfloat16,sdpa,True,True,0.0,0.0
b1/pixels-changed/repeat/block2/1/step2,"[1, 93, 1536]",torch.bfloat16,sdpa,True,True,0.0,0.0
b1/pixels-changed/repeat/block2/1/step3,"[1, 93, 1536]",torch.bfloat16,sdpa,True,True,0.0,0.0
b1/pixels-changed/repeat/block2/1/step4,"[1, 93, 1536]",torch.bfloat16,sdpa,True,True,0.0,0.0
b1/pixels-changed/repeat/block2/1/step5,"[1, 93, 1536]",torch.bfloat16,sdpa,True,True,0.0,0.0
b1/pixels-changed/repeat/block2/1/step6,"[1, 93, 1536]",torch.bfloat16,sdpa,True,True,0.0,0.0
b1/pixels-changed/repeat/block2/1/step7,"[1, 93, 1536]",torch.bfloat16,sdpa,True,True,0.0,0.0
b1/pixels-changed/repeat/block2/1/step8,"[1, 93, 1536]",torch.bfloat16,sdpa,True,True,0.0,0.0
b1/pixels-changed/repeat/block2/1/step9,"[1, 93, 1536]",torch.bfloat16,sdpa,True,True,0.0,0.0
b1/pixels-changed/repeat/block3/0/step0,"[1, 30, 1536]",torch.bfloat16,sdpa,True,True,0.0,0.0
b1/pixels-changed/repeat/block3/0/step1,"[1, 30, 1536]",torch.bfloat16,sdpa,True,True,0.0,0.0
b1/pixels-changed/repeat/block3/0/step2,"[1, 30, 1536]",torch.bfloat16,sdpa,True,True,0.0,0.0
b1/pixels-changed/repeat/block3/0/step3,"[1, 30, 1536]",torch.bfloat16,sdpa,True,True,0.0,0.0
b1/pixels-changed/repeat/block3/0/step4,"[1, 30, 1536]",torch.bfloat16,sdpa,True,True,0.0,0.0
b1/pixels-changed/repeat/block3/0/step5,"[1, 30, 1536]",torch.bfloat16,sdpa,True,True,0.0,0.0
b1/pixels-changed/repeat/block3/0/step6,"[1, 30, 1536]",torch.bfloat16,sdpa,True,True,0.0,0.0
b1/pixels-changed/repeat/block3/0/step7,"[1, 30, 1536]",torch.bfloat16,sdpa,True,True,0.0,0.0
b1/pixels-changed/repeat/block3/0/step8,"[1, 30, 1536]",torch.bfloat16,sdpa,True,True,0.0,0.0
b1/pixels-changed/repeat/block3/0/step9,"[1, 30, 1536]",torch.bfloat16,sdpa,True,True,0.0,0.0
b1/pixels-changed/repeat/block3/1/step0,"[1, 93, 1536]",torch.bfloat16,sdpa,True,True,0.0,0.0
b1/pixels-changed/repeat/block3/1/step1,"[1, 93, 1536]",torch.bfloat16,sdpa,True,True,0.0,0.0
b1/pixels-changed/repeat/block3/1/step2,"[1, 93, 1536]",torch.bfloat16,sdpa,True,True,0.0,0.0
b1/pixels-changed/repeat/block3/1/step3,"[1, 93, 1536]",torch.bfloat16,sdpa,True,True,0.0,0.0
b1/pixels-changed/repeat/block3/1/step4,"[1, 93, 1536]",torch.bfloat16,sdpa,True,True,0.0,0.0
b1/pixels-changed/repeat/block3/1/step5,"[1, 93, 1536]",torch.bfloat16,sdpa,True,True,0.0,0.0
b1/pixels-changed/repeat/block3/1/step6,"[1, 93, 1536]",torch.bfloat16,sdpa,True,True,0.0,0.0
b1/pixels-changed/repeat/block3/1/step7,"[1, 93, 1536]",torch.bfloat16,sdpa,True,True,0.0,0.0
b1/pixels-changed/repeat/block3/1/step8,"[1, 93, 1536]",torch.bfloat16,sdpa,True,True,0.0,0.0
b1/pixels-changed/repeat/block3/1/step9,"[1, 93, 1536]",torch.bfloat16,sdpa,True,True,0.0,0.0
b1/pixels-changed/repeat/block4/0/step0,"[1, 30, 1536]",torch.bfloat16,sdpa,True,True,0.0,0.0
b1/pixels-changed/repeat/block4/0/step1,"[1, 30, 1536]",torch.bfloat16,sdpa,True,True,0.0,0.0
b1/pixels-changed/repeat/block4/0/step2,"[1, 30, 1536]",torch.bfloat16,sdpa,True,True,0.0,0.0
b1/pixels-changed/repeat/block4/0/step3,"[1, 30, 1536]",torch.bfloat16,sdpa,True,True,0.0,0.0
b1/pixels-changed/repeat/block4/0/step4,"[1, 30, 1536]",torch.bfloat16,sdpa,True,True,0.0,0.0
b1/pixels-changed/repeat/block4/0/step5,"[1, 30, 1536]",torch.bfloat16,sdpa,True,True,0.0,0.0
b1/pixels-changed/repeat/block4/0/step6,"[1, 30, 1536]",torch.bfloat16,sdpa,True,True,0.0,0.0
b1/pixels-changed/repeat/block4/0/step7,"[1, 30, 1536]",torch.bfloat16,sdpa,True,True,0.0,0.0
b1/pixels-changed/repeat/block4/0/step8,"[1, 30, 1536]",torch.bfloat16,sdpa,True,True,0.0,0.0
b1/pixels-changed/repeat/block4/0/step9,"[1, 30, 1536]",torch.bfloat16,sdpa,True,True,0.0,0.0
b1/pixels-changed/repeat/block4/1/step0,"[1, 93, 1536]",torch.bfloat16,sdpa,True,True,0.0,0.0
b1/pixels-changed/repeat/block4/1/step1,"[1, 93, 1536]",torch.bfloat16,sdpa,True,True,0.0,0.0
b1/pixels-changed/repeat/block4/1/step2,"[1, 93, 1536]",torch.bfloat16,sdpa,True,True,0.0,0.0
b1/pixels-changed/repeat/block4/1/step3,"[1, 93, 1536]",torch.bfloat16,sdpa,True,True,0.0,0.0
b1/pixels-changed/repeat/block4/1/step4,"[1, 93, 1536]",torch.bfloat16,sdpa,True,True,0.0,0.0
b1/pixels-changed/repeat/block4/1/step5,"[1, 93, 1536]",torch.bfloat16,sdpa,True,True,0.0,0.0
b1/pixels-changed/repeat/block4/1/step6,"[1, 93, 1536]",torch.bfloat16,sdpa,True,True,0.0,0.0
b1/pixels-changed/repeat/block4/1/step7,"[1, 93, 1536]",torch.bfloat16,sdpa,True,True,0.0,0.0
b1/pixels-changed/repeat/block4/1/step8,"[1, 93, 1536]",torch.bfloat16,sdpa,True,True,0.0,0.0
b1/pixels-changed/repeat/block4/1/step9,"[1, 93, 1536]",torch.bfloat16,sdpa,True,True,0.0,0.0
b1/pixels-changed/repeat/block5/0/step0,"[1, 30, 1536]",torch.bfloat16,sdpa,True,True,0.0,0.0
b1/pixels-changed/repeat/block5/0/step1,"[1, 30, 1536]",torch.bfloat16,sdpa,True,True,0.0,0.0
b1/pixels-changed/repeat/block5/0/step2,"[1, 30, 1536]",torch.bfloat16,sdpa,True,True,0.0,0.0
b1/pixels-changed/repeat/block5/0/step3,"[1, 30, 1536]",torch.bfloat16,sdpa,True,True,0.0,0.0
b1/pixels-changed/repeat/block5/0/step4,"[1, 30, 1536]",torch.bfloat16,sdpa,True,True,0.0,0.0
b1/pixels-changed/repeat/block5/0/step5,"[1, 30, 1536]",torch.bfloat16,sdpa,True,True,0.0,0.0
b1/pixels-changed/repeat/block5/0/step6,"[1, 30, 1536]",torch.bfloat16,sdpa,True,True,0.0,0.0
b1/pixels-changed/repeat/block5/0/step7,"[1, 30, 1536]",torch.bfloat16,sdpa,True,True,0.0,0.0
b1/pixels-changed/repeat/block5/0/step8,"[1, 30, 1536]",torch.bfloat16,sdpa,True,True,0.0,0.0
b1/pixels-changed/repeat/block5/0/step9,"[1, 30, 1536]",torch.bfloat16,sdpa,True,True,0.0,0.0
b1/pixels-changed/repeat/velocity/step0,"[1, 30, 78]",torch.bfloat16,sdpa,True,True,0.0,0.0
b1/pixels-changed/repeat/velocity/step1,"[1, 30, 78]",torch.bfloat16,sdpa,True,True,0.0,0.0
b1/pixels-changed/repeat/velocity/step2,"[1, 30, 78]",torch.bfloat16,sdpa,True,True,0.0,0.0
b1/pixels-changed/repeat/velocity/step3,"[1, 30, 78]",torch.bfloat16,sdpa,True,True,0.0,0.0
b1/pixels-changed/repeat/velocity/step4,"[1, 30, 78]",torch.bfloat16,sdpa,True,True,0.0,0.0
b1/pixels-changed/repeat/velocity/step5,"[1, 30, 78]",torch.bfloat16,sdpa,True,True,0.0,0.0
b1/pixels-changed/repeat/velocity/step6,"[1, 30, 78]",torch.bfloat16,sdpa,True,True,0.0,0.0
b1/pixels-changed/repeat/velocity/step7,"[1, 30, 78]",torch.bfloat16,sdpa,True,True,0.0,0.0
b1/pixels-changed/repeat/velocity/step8,"[1, 30, 78]",torch.bfloat16,sdpa,True,True,0.0,0.0
b1/pixels-changed/repeat/velocity/step9,"[1, 30, 78]",torch.bfloat16,sdpa,True,True,0.0,0.0
b1/pixels-changed/repeat/actions/step0,"[1, 30, 78]",torch.bfloat16,sdpa,True,True,0.0,0.0
b1/pixels-changed/repeat/actions/step1,"[1, 30, 78]",torch.bfloat16,sdpa,True,True,0.0,0.0
b1/pixels-changed/repeat/actions/step2,"[1, 30, 78]",torch.bfloat16,sdpa,True,True,0.0,0.0
b1/pixels-changed/repeat/actions/step3,"[1, 30, 78]",torch.bfloat16,sdpa,True,True,0.0,0.0
b1/pixels-changed/repeat/actions/step4,"[1, 30, 78]",torch.bfloat16,sdpa,True,True,0.0,0.0
b1/pixels-changed/repeat/actions/step5,"[1, 30, 78]",torch.bfloat16,sdpa,True,True,0.0,0.0
b1/pixels-changed/repeat/actions/step6,"[1, 30, 78]",torch.bfloat16,sdpa,True,True,0.0,0.0
b1/pixels-changed/repeat/actions/step7,"[1, 30, 78]",torch.bfloat16,sdpa,True,True,0.0,0.0
b1/pixels-changed/repeat/actions/step8,"[1, 30, 78]",torch.bfloat16,sdpa,True,True,0.0,0.0
b1/pixels-changed/repeat/actions/step9,"[1, 30, 78]",torch.bfloat16,sdpa,True,True,0.0,0.0
b1/pixels-changed/input_ids,"[1, 92]",torch.int64,sdpa,True,True,0.0,0.0
b1/pixels-changed/attention_mask,"[1, 92]",torch.bool,sdpa,True,True,0.0,0.0
b1/pixels-changed/image_grid_thw,"[1, 3]",torch.int64,sdpa,True,True,0.0,0.0
b1/pixels-changed/pixel_values,"[320, 1536]",torch.bfloat16,sdpa,True,True,0.0,0.0
b1/pixels-changed/positions,"[3, 1, 92]",torch.int64,sdpa,True,True,0.0,0.0
b1/pixels-changed/features,"[1, 1, 92, 2048]",torch.bfloat16,sdpa,True,True,0.0,0.0
b1/pixels-changed/final,"[1, 30, 78]",torch.float32,sdpa,True,True,0.0,0.0
b1/pixels-changed/time/0/step0,"[1, 1536]",torch.bfloat16,sdpa,True,True,0.0,0.0
b1/pixels-changed/time/0/step1,"[1, 1536]",torch.bfloat16,sdpa,True,True,0.0,0.0
b1/pixels-changed/time/0/step2,"[1, 1536]",torch.bfloat16,sdpa,True,True,0.0,0.0
b1/pixels-changed/time/0/step3,"[1, 1536]",torch.bfloat16,sdpa,True,True,0.0,0.0
b1/pixels-changed/time/0/step4,"[1, 1536]",torch.bfloat16,sdpa,True,True,0.0,0.0
b1/pixels-changed/time/0/step5,"[1, 1536]",torch.bfloat16,sdpa,True,True,0.0,0.0
b1/pixels-changed/time/0/step6,"[1, 1536]",torch.bfloat16,sdpa,True,True,0.0,0.0
b1/pixels-changed/time/0/step7,"[1, 1536]",torch.bfloat16,sdpa,True,True,0.0,0.0
b1/pixels-changed/time/0/step8,"[1, 1536]",torch.bfloat16,sdpa,True,True,0.0,0.0
b1/pixels-changed/time/0/step9,"[1, 1536]",torch.bfloat16,sdpa,True,True,0.0,0.0
b1/pixels-changed/action-in/0/step0,"[1, 30, 1536]",torch.bfloat16,sdpa,True,True,0.0,0.0
b1/pixels-changed/action-in/0/step1,"[1, 30, 1536]",torch.bfloat16,sdpa,True,True,0.0,0.0
b1/pixels-changed/action-in/0/step2,"[1, 30, 1536]",torch.bfloat16,sdpa,True,True,0.0,0.0
b1/pixels-changed/action-in/0/step3,"[1, 30, 1536]",torch.bfloat16,sdpa,True,True,0.0,0.0
b1/pixels-changed/action-in/0/step4,"[1, 30, 1536]",torch.bfloat16,sdpa,True,True,0.0,0.0
b1/pixels-changed/action-in/0/step5,"[1, 30, 1536]",torch.bfloat16,sdpa,True,True,0.0,0.0
b1/pixels-changed/action-in/0/step6,"[1, 30, 1536]",torch.bfloat16,sdpa,True,True,0.0,0.0
b1/pixels-changed/action-in/0/step7,"[1, 30, 1536]",torch.bfloat16,sdpa,True,True,0.0,0.0
b1/pixels-changed/action-in/0/step8,"[1, 30, 1536]",torch.bfloat16,sdpa,True,True,0.0,0.0
b1/pixels-changed/action-in/0/step9,"[1, 30, 1536]",torch.bfloat16,sdpa,True,True,0.0,0.0
b1/pixels-changed/obs/0/step0,"[1, 93, 1536]",torch.bfloat16,sdpa,True,True,0.0,0.0
b1/pixels-changed/obs/1/step0,"[1, 93]",torch.bool,sdpa,True,True,0.0,0.0
b1/pixels-changed/block0/0/step0,"[1, 30, 1536]",torch.bfloat16,sdpa,True,True,0.0,0.0
b1/pixels-changed/block0/0/step1,"[1, 30, 1536]",torch.bfloat16,sdpa,True,True,0.0,0.0
b1/pixels-changed/block0/0/step2,"[1, 30, 1536]",torch.bfloat16,sdpa,True,True,0.0,0.0
b1/pixels-changed/block0/0/step3,"[1, 30, 1536]",torch.bfloat16,sdpa,True,True,0.0,0.0
b1/pixels-changed/block0/0/step4,"[1, 30, 1536]",torch.bfloat16,sdpa,True,True,0.0,0.0
b1/pixels-changed/block0/0/step5,"[1, 30, 1536]",torch.bfloat16,sdpa,True,True,0.0,0.0
b1/pixels-changed/block0/0/step6,"[1, 30, 1536]",torch.bfloat16,sdpa,True,True,0.0,0.0
b1/pixels-changed/block0/0/step7,"[1, 30, 1536]",torch.bfloat16,sdpa,True,True,0.0,0.0
b1/pixels-changed/block0/0/step8,"[1, 30, 1536]",torch.bfloat16,sdpa,True,True,0.0,0.0
b1/pixels-changed/block0/0/step9,"[1, 30, 1536]",torch.bfloat16,sdpa,True,True,0.0,0.0
b1/pixels-changed/block0/1/step0,"[1, 93, 1536]",torch.bfloat16,sdpa,True,True,0.0,0.0
b1/pixels-changed/block0/1/step1,"[1, 93, 1536]",torch.bfloat16,sdpa,True,True,0.0,0.0
b1/pixels-changed/block0/1/step2,"[1, 93, 1536]",torch.bfloat16,sdpa,True,True,0.0,0.0
b1/pixels-changed/block0/1/step3,"[1, 93, 1536]",torch.bfloat16,sdpa,True,True,0.0,0.0
b1/pixels-changed/block0/1/step4,"[1, 93, 1536]",torch.bfloat16,sdpa,True,True,0.0,0.0
b1/pixels-changed/block0/1/step5,"[1, 93, 1536]",torch.bfloat16,sdpa,True,True,0.0,0.0
b1/pixels-changed/block0/1/step6,"[1, 93, 1536]",torch.bfloat16,sdpa,True,True,0.0,0.0
b1/pixels-changed/block0/1/step7,"[1, 93, 1536]",torch.bfloat16,sdpa,True,True,0.0,0.0
b1/pixels-changed/block0/1/step8,"[1, 93, 1536]",torch.bfloat16,sdpa,True,True,0.0,0.0
b1/pixels-changed/block0/1/step9,"[1, 93, 1536]",torch.bfloat16,sdpa,True,True,0.0,0.0
b1/pixels-changed/block1/0/step0,"[1, 30, 1536]",torch.bfloat16,sdpa,True,True,0.0,0.0
b1/pixels-changed/block1/0/step1,"[1, 30, 1536]",torch.bfloat16,sdpa,True,True,0.0,0.0
b1/pixels-changed/block1/0/step2,"[1, 30, 1536]",torch.bfloat16,sdpa,True,True,0.0,0.0
b1/pixels-changed/block1/0/step3,"[1, 30, 1536]",torch.bfloat16,sdpa,True,True,0.0,0.0
b1/pixels-changed/block1/0/step4,"[1, 30, 1536]",torch.bfloat16,sdpa,True,True,0.0,0.0
b1/pixels-changed/block1/0/step5,"[1, 30, 1536]",torch.bfloat16,sdpa,True,True,0.0,0.0
b1/pixels-changed/block1/0/step6,"[1, 30, 1536]",torch.bfloat16,sdpa,True,True,0.0,0.0
b1/pixels-changed/block1/0/step7,"[1, 30, 1536]",torch.bfloat16,sdpa,True,True,0.0,0.0
b1/pixels-changed/block1/0/step8,"[1, 30, 1536]",torch.bfloat16,sdpa,True,True,0.0,0.0
b1/pixels-changed/block1/0/step9,"[1, 30, 1536]",torch.bfloat16,sdpa,True,True,0.0,0.0
b1/pixels-changed/block1/1/step0,"[1, 93, 1536]",torch.bfloat16,sdpa,True,True,0.0,0.0
b1/pixels-changed/block1/1/step1,"[1, 93, 1536]",torch.bfloat16,sdpa,True,True,0.0,0.0
b1/pixels-changed/block1/1/step2,"[1, 93, 1536]",torch.bfloat16,sdpa,True,True,0.0,0.0
b1/pixels-changed/block1/1/step3,"[1, 93, 1536]",torch.bfloat16,sdpa,True,True,0.0,0.0
b1/pixels-changed/block1/1/step4,"[1, 93, 1536]",torch.bfloat16,sdpa,True,True,0.0,0.0
b1/pixels-changed/block1/1/step5,"[1, 93, 1536]",torch.bfloat16,sdpa,True,True,0.0,0.0
b1/pixels-changed/block1/1/step6,"[1, 93, 1536]",torch.bfloat16,sdpa,True,True,0.0,0.0
b1/pixels-changed/block1/1/step7,"[1, 93, 1536]",torch.bfloat16,sdpa,True,True,0.0,0.0
b1/pixels-changed/block1/1/step8,"[1, 93, 1536]",torch.bfloat16,sdpa,True,True,0.0,0.0
b1/pixels-changed/block1/1/step9,"[1, 93, 1536]",torch.bfloat16,sdpa,True,True,0.0,0.0
b1/pixels-changed/block2/0/step0,"[1, 30, 1536]",torch.bfloat16,sdpa,True,True,0.0,0.0
b1/pixels-changed/block2/0/step1,"[1, 30, 1536]",torch.bfloat16,sdpa,True,True,0.0,0.0
b1/pixels-changed/block2/0/step2,"[1, 30, 1536]",torch.bfloat16,sdpa,True,True,0.0,0.0
b1/pixels-changed/block2/0/step3,"[1, 30, 1536]",torch.bfloat16,sdpa,True,True,0.0,0.0
b1/pixels-changed/block2/0/step4,"[1, 30, 1536]",torch.bfloat16,sdpa,True,True,0.0,0.0
b1/pixels-changed/block2/0/step5,"[1, 30, 1536]",torch.bfloat16,sdpa,True,True,0.0,0.0
b1/pixels-changed/block2/0/step6,"[1, 30, 1536]",torch.bfloat16,sdpa,True,True,0.0,0.0
b1/pixels-changed/block2/0/step7,"[1, 30, 1536]",torch.bfloat16,sdpa,True,True,0.0,0.0
b1/pixels-changed/block2/0/step8,"[1, 30, 1536]",torch.bfloat16,sdpa,True,True,0.0,0.0
b1/pixels-changed/block2/0/step9,"[1, 30, 1536]",torch.bfloat16,sdpa,True,True,0.0,0.0
b1/pixels-changed/block2/1/step0,"[1, 93, 1536]",torch.bfloat16,sdpa,True,True,0.0,0.0
b1/pixels-changed/block2/1/step1,"[1, 93, 1536]",torch.bfloat16,sdpa,True,True,0.0,0.0
b1/pixels-changed/block2/1/step2,"[1, 93, 1536]",torch.bfloat16,sdpa,True,True,0.0,0.0
b1/pixels-changed/block2/1/step3,"[1, 93, 1536]",torch.bfloat16,sdpa,True,True,0.0,0.0
b1/pixels-changed/block2/1/step4,"[1, 93, 1536]",torch.bfloat16,sdpa,True,True,0.0,0.0
b1/pixels-changed/block2/1/step5,"[1, 93, 1536]",torch.bfloat16,sdpa,True,True,0.0,0.0
b1/pixels-changed/block2/1/step6,"[1, 93, 1536]",torch.bfloat16,sdpa,True,True,0.0,0.0
b1/pixels-changed/block2/1/step7,"[1, 93, 1536]",torch.bfloat16,sdpa,True,True,0.0,0.0
b1/pixels-changed/block2/1/step8,"[1, 93, 1536]",torch.bfloat16,sdpa,True,True,0.0,0.0
b1/pixels-changed/block2/1/step9,"[1, 93, 1536]",torch.bfloat16,sdpa,True,True,0.0,0.0
b1/pixels-changed/block3/0/step0,"[1, 30, 1536]",torch.bfloat16,sdpa,True,True,0.0,0.0
b1/pixels-changed/block3/0/step1,"[1, 30, 1536]",torch.bfloat16,sdpa,True,True,0.0,0.0
b1/pixels-changed/block3/0/step2,"[1, 30, 1536]",torch.bfloat16,sdpa,True,True,0.0,0.0
b1/pixels-changed/block3/0/step3,"[1, 30, 1536]",torch.bfloat16,sdpa,True,True,0.0,0.0
b1/pixels-changed/block3/0/step4,"[1, 30, 1536]",torch.bfloat16,sdpa,True,True,0.0,0.0
b1/pixels-changed/block3/0/step5,"[1, 30, 1536]",torch.bfloat16,sdpa,True,True,0.0,0.0
b1/pixels-changed/block3/0/step6,"[1, 30, 1536]",torch.bfloat16,sdpa,True,True,0.0,0.0
b1/pixels-changed/block3/0/step7,"[1, 30, 1536]",torch.bfloat16,sdpa,True,True,0.0,0.0
b1/pixels-changed/block3/0/step8,"[1, 30, 1536]",torch.bfloat16,sdpa,True,True,0.0,0.0
b1/pixels-changed/block3/0/step9,"[1, 30, 1536]",torch.bfloat16,sdpa,True,True,0.0,0.0
b1/pixels-changed/block3/1/step0,"[1, 93, 1536]",torch.bfloat16,sdpa,True,True,0.0,0.0
b1/pixels-changed/block3/1/step1,"[1, 93, 1536]",torch.bfloat16,sdpa,True,True,0.0,0.0
b1/pixels-changed/block3/1/step2,"[1, 93, 1536]",torch.bfloat16,sdpa,True,True,0.0,0.0
b1/pixels-changed/block3/1/step3,"[1, 93, 1536]",torch.bfloat16,sdpa,True,True,0.0,0.0
b1/pixels-changed/block3/1/step4,"[1, 93, 1536]",torch.bfloat16,sdpa,True,True,0.0,0.0
b1/pixels-changed/block3/1/step5,"[1, 93, 1536]",torch.bfloat16,sdpa,True,True,0.0,0.0
b1/pixels-changed/block3/1/step6,"[1, 93, 1536]",torch.bfloat16,sdpa,True,True,0.0,0.0
b1/pixels-changed/block3/1/step7,"[1, 93, 1536]",torch.bfloat16,sdpa,True,True,0.0,0.0
b1/pixels-changed/block3/1/step8,"[1, 93, 1536]",torch.bfloat16,sdpa,True,True,0.0,0.0
b1/pixels-changed/block3/1/step9,"[1, 93, 1536]",torch.bfloat16,sdpa,True,True,0.0,0.0
b1/pixels-changed/block4/0/step0,"[1, 30, 1536]",torch.bfloat16,sdpa,True,True,0.0,0.0
b1/pixels-changed/block4/0/step1,"[1, 30, 1536]",torch.bfloat16,sdpa,True,True,0.0,0.0
b1/pixels-changed/block4/0/step2,"[1, 30, 1536]",torch.bfloat16,sdpa,True,True,0.0,0.0
b1/pixels-changed/block4/0/step3,"[1, 30, 1536]",torch.bfloat16,sdpa,True,True,0.0,0.0
b1/pixels-changed/block4/0/step4,"[1, 30, 1536]",torch.bfloat16,sdpa,True,True,0.0,0.0
b1/pixels-changed/block4/0/step5,"[1, 30, 1536]",torch.bfloat16,sdpa,True,True,0.0,0.0
b1/pixels-changed/block4/0/step6,"[1, 30, 1536]",torch.bfloat16,sdpa,True,True,0.0,0.0
b1/pixels-changed/block4/0/step7,"[1, 30, 1536]",torch.bfloat16,sdpa,True,True,0.0,0.0
b1/pixels-changed/block4/0/step8,"[1, 30, 1536]",torch.bfloat16,sdpa,True,True,0.0,0.0
b1/pixels-changed/block4/0/step9,"[1, 30, 1536]",torch.bfloat16,sdpa,True,True,0.0,0.0
b1/pixels-changed/block4/1/step0,"[1, 93, 1536]",torch.bfloat16,sdpa,True,True,0.0,0.0
b1/pixels-changed/block4/1/step1,"[1, 93, 1536]",torch.bfloat16,sdpa,True,True,0.0,0.0
b1/pixels-changed/block4/1/step2,"[1, 93, 1536]",torch.bfloat16,sdpa,True,True,0.0,0.0
b1/pixels-changed/block4/1/step3,"[1, 93, 1536]",torch.bfloat16,sdpa,True,True,0.0,0.0
b1/pixels-changed/block4/1/step4,"[1, 93, 1536]",torch.bfloat16,sdpa,True,True,0.0,0.0
b1/pixels-changed/block4/1/step5,"[1, 93, 1536]",torch.bfloat16,sdpa,True,True,0.0,0.0
b1/pixels-changed/block4/1/step6,"[1, 93, 1536]",torch.bfloat16,sdpa,True,True,0.0,0.0
b1/pixels-changed/block4/1/step7,"[1, 93, 1536]",torch.bfloat16,sdpa,True,True,0.0,0.0
b1/pixels-changed/block4/1/step8,"[1, 93, 1536]",torch.bfloat16,sdpa,True,True,0.0,0.0
b1/pixels-changed/block4/1/step9,"[1, 93, 1536]",torch.bfloat16,sdpa,True,True,0.0,0.0
b1/pixels-changed/block5/0/step0,"[1, 30, 1536]",torch.bfloat16,sdpa,True,True,0.0,0.0
b1/pixels-changed/block5/0/step1,"[1, 30, 1536]",torch.bfloat16,sdpa,True,True,0.0,0.0
b1/pixels-changed/block5/0/step2,"[1, 30, 1536]",torch.bfloat16,sdpa,True,True,0.0,0.0
b1/pixels-changed/block5/0/step3,"[1, 30, 1536]",torch.bfloat16,sdpa,True,True,0.0,0.0
b1/pixels-changed/block5/0/step4,"[1, 30, 1536]",torch.bfloat16,sdpa,True,True,0.0,0.0
b1/pixels-changed/block5/0/step5,"[1, 30, 1536]",torch.bfloat16,sdpa,True,True,0.0,0.0
b1/pixels-changed/block5/0/step6,"[1, 30, 1536]",torch.bfloat16,sdpa,True,True,0.0,0.0
b1/pixels-changed/block5/0/step7,"[1, 30, 1536]",torch.bfloat16,sdpa,True,True,0.0,0.0
b1/pixels-changed/block5/0/step8,"[1, 30, 1536]",torch.bfloat16,sdpa,True,True,0.0,0.0
b1/pixels-changed/block5/0/step9,"[1, 30, 1536]",torch.bfloat16,sdpa,True,True,0.0,0.0
b1/pixels-changed/velocity/step0,"[1, 30, 78]",torch.bfloat16,sdpa,True,True,0.0,0.0
b1/pixels-changed/velocity/step1,"[1, 30, 78]",torch.bfloat16,sdpa,True,True,0.0,0.0
b1/pixels-changed/velocity/step2,"[1, 30, 78]",torch.bfloat16,sdpa,True,True,0.0,0.0
b1/pixels-changed/velocity/step3,"[1, 30, 78]",torch.bfloat16,sdpa,True,True,0.0,0.0
b1/pixels-changed/velocity/step4,"[1, 30, 78]",torch.bfloat16,sdpa,True,True,0.0,0.0
b1/pixels-changed/velocity/step5,"[1, 30, 78]",torch.bfloat16,sdpa,True,True,0.0,0.0
b1/pixels-changed/velocity/step6,"[1, 30, 78]",torch.bfloat16,sdpa,True,True,0.0,0.0
b1/pixels-changed/velocity/step7,"[1, 30, 78]",torch.bfloat16,sdpa,True,True,0.0,0.0
b1/pixels-changed/velocity/step8,"[1, 30, 78]",torch.bfloat16,sdpa,True,True,0.0,0.0
b1/pixels-changed/velocity/step9,"[1, 30, 78]",torch.bfloat16,sdpa,True,True,0.0,0.0
b1/pixels-changed/actions/step0,"[1, 30, 78]",torch.bfloat16,sdpa,True,True,0.0,0.0
b1/pixels-changed/actions/step1,"[1, 30, 78]",torch.bfloat16,sdpa,True,True,0.0,0.0
b1/pixels-changed/actions/step2,"[1, 30, 78]",torch.bfloat16,sdpa,True,True,0.0,0.0
b1/pixels-changed/actions/step3,"[1, 30, 78]",torch.bfloat16,sdpa,True,True,0.0,0.0
b1/pixels-changed/actions/step4,"[1, 30, 78]",torch.bfloat16,sdpa,True,True,0.0,0.0
b1/pixels-changed/actions/step5,"[1, 30, 78]",torch.bfloat16,sdpa,True,True,0.0,0.0
b1/pixels-changed/actions/step6,"[1, 30, 78]",torch.bfloat16,sdpa,True,True,0.0,0.0
b1/pixels-changed/actions/step7,"[1, 30, 78]",torch.bfloat16,sdpa,True,True,0.0,0.0
b1/pixels-changed/actions/step8,"[1, 30, 78]",torch.bfloat16,sdpa,True,True,0.0,0.0
b1/pixels-changed/actions/step9,"[1, 30, 78]",torch.bfloat16,sdpa,True,True,0.0,0.0
b1/pixels-changed/denormalized,"[1, 30, 78]",torch.float32,sdpa,True,True,0.0,0.0
b1/mixed-grids/repeat/input_ids,"[1, 178]",torch.int64,sdpa,True,True,0.0,0.0
b1/mixed-grids/repeat/attention_mask,"[1, 178]",torch.bool,sdpa,True,True,0.0,0.0
b1/mixed-grids/repeat/image_grid_thw,"[1, 3]",torch.int64,sdpa,True,True,0.0,0.0
b1/mixed-grids/repeat/pixel_values,"[660, 1536]",torch.bfloat16,sdpa,True,True,0.0,0.0
b1/mixed-grids/repeat/positions,"[3, 1, 178]",torch.int64,sdpa,True,True,0.0,0.0
b1/mixed-grids/repeat/features,"[1, 1, 178, 2048]",torch.bfloat16,sdpa,True,True,0.0,0.0
b1/mixed-grids/repeat/final,"[1, 30, 78]",torch.float32,sdpa,True,True,0.0,0.0
b1/mixed-grids/repeat/time/0/step0,"[1, 1536]",torch.bfloat16,sdpa,True,True,0.0,0.0
b1/mixed-grids/repeat/time/0/step1,"[1, 1536]",torch.bfloat16,sdpa,True,True,0.0,0.0
b1/mixed-grids/repeat/time/0/step2,"[1, 1536]",torch.bfloat16,sdpa,True,True,0.0,0.0
b1/mixed-grids/repeat/time/0/step3,"[1, 1536]",torch.bfloat16,sdpa,True,True,0.0,0.0
b1/mixed-grids/repeat/time/0/step4,"[1, 1536]",torch.bfloat16,sdpa,True,True,0.0,0.0
b1/mixed-grids/repeat/time/0/step5,"[1, 1536]",torch.bfloat16,sdpa,True,True,0.0,0.0
b1/mixed-grids/repeat/time/0/step6,"[1, 1536]",torch.bfloat16,sdpa,True,True,0.0,0.0
b1/mixed-grids/repeat/time/0/step7,"[1, 1536]",torch.bfloat16,sdpa,True,True,0.0,0.0
b1/mixed-grids/repeat/time/0/step8,"[1, 1536]",torch.bfloat16,sdpa,True,True,0.0,0.0
b1/mixed-grids/repeat/time/0/step9,"[1, 1536]",torch.bfloat16,sdpa,True,True,0.0,0.0
b1/mixed-grids/repeat/action-in/0/step0,"[1, 30, 1536]",torch.bfloat16,sdpa,True,True,0.0,0.0
b1/mixed-grids/repeat/action-in/0/step1,"[1, 30, 1536]",torch.bfloat16,sdpa,True,True,0.0,0.0
b1/mixed-grids/repeat/action-in/0/step2,"[1, 30, 1536]",torch.bfloat16,sdpa,True,True,0.0,0.0
b1/mixed-grids/repeat/action-in/0/step3,"[1, 30, 1536]",torch.bfloat16,sdpa,True,True,0.0,0.0
b1/mixed-grids/repeat/action-in/0/step4,"[1, 30, 1536]",torch.bfloat16,sdpa,True,True,0.0,0.0
b1/mixed-grids/repeat/action-in/0/step5,"[1, 30, 1536]",torch.bfloat16,sdpa,True,True,0.0,0.0
b1/mixed-grids/repeat/action-in/0/step6,"[1, 30, 1536]",torch.bfloat16,sdpa,True,True,0.0,0.0
b1/mixed-grids/repeat/action-in/0/step7,"[1, 30, 1536]",torch.bfloat16,sdpa,True,True,0.0,0.0
b1/mixed-grids/repeat/action-in/0/step8,"[1, 30, 1536]",torch.bfloat16,sdpa,True,True,0.0,0.0
b1/mixed-grids/repeat/action-in/0/step9,"[1, 30, 1536]",torch.bfloat16,sdpa,True,True,0.0,0.0
b1/mixed-grids/repeat/obs/0/step0,"[1, 179, 1536]",torch.bfloat16,sdpa,True,True,0.0,0.0
b1/mixed-grids/repeat/obs/0/step1,"[1, 179, 1536]",torch.bfloat16,sdpa,True,True,0.0,0.0
b1/mixed-grids/repeat/obs/0/step2,"[1, 179, 1536]",torch.bfloat16,sdpa,True,True,0.0,0.0
b1/mixed-grids/repeat/obs/0/step3,"[1, 179, 1536]",torch.bfloat16,sdpa,True,True,0.0,0.0
b1/mixed-grids/repeat/obs/0/step4,"[1, 179, 1536]",torch.bfloat16,sdpa,True,True,0.0,0.0
b1/mixed-grids/repeat/obs/0/step5,"[1, 179, 1536]",torch.bfloat16,sdpa,True,True,0.0,0.0
b1/mixed-grids/repeat/obs/0/step6,"[1, 179, 1536]",torch.bfloat16,sdpa,True,True,0.0,0.0
b1/mixed-grids/repeat/obs/0/step7,"[1, 179, 1536]",torch.bfloat16,sdpa,True,True,0.0,0.0
b1/mixed-grids/repeat/obs/0/step8,"[1, 179, 1536]",torch.bfloat16,sdpa,True,True,0.0,0.0
b1/mixed-grids/repeat/obs/0/step9,"[1, 179, 1536]",torch.bfloat16,sdpa,True,True,0.0,0.0
b1/mixed-grids/repeat/obs/1/step0,"[1, 179]",torch.float32,sdpa,True,True,0.0,0.0
b1/mixed-grids/repeat/obs/1/step1,"[1, 179]",torch.float32,sdpa,True,True,0.0,0.0
b1/mixed-grids/repeat/obs/1/step2,"[1, 179]",torch.float32,sdpa,True,True,0.0,0.0
b1/mixed-grids/repeat/obs/1/step3,"[1, 179]",torch.float32,sdpa,True,True,0.0,0.0
b1/mixed-grids/repeat/obs/1/step4,"[1, 179]",torch.float32,sdpa,True,True,0.0,0.0
b1/mixed-grids/repeat/obs/1/step5,"[1, 179]",torch.float32,sdpa,True,True,0.0,0.0
b1/mixed-grids/repeat/obs/1/step6,"[1, 179]",torch.float32,sdpa,True,True,0.0,0.0
b1/mixed-grids/repeat/obs/1/step7,"[1, 179]",torch.float32,sdpa,True,True,0.0,0.0
b1/mixed-grids/repeat/obs/1/step8,"[1, 179]",torch.float32,sdpa,True,True,0.0,0.0
b1/mixed-grids/repeat/obs/1/step9,"[1, 179]",torch.float32,sdpa,True,True,0.0,0.0
b1/mixed-grids/repeat/block0/0/step0,"[1, 30, 1536]",torch.bfloat16,sdpa,True,True,0.0,0.0
b1/mixed-grids/repeat/block0/0/step1,"[1, 30, 1536]",torch.bfloat16,sdpa,True,True,0.0,0.0
b1/mixed-grids/repeat/block0/0/step2,"[1, 30, 1536]",torch.bfloat16,sdpa,True,True,0.0,0.0
b1/mixed-grids/repeat/block0/0/step3,"[1, 30, 1536]",torch.bfloat16,sdpa,True,True,0.0,0.0
b1/mixed-grids/repeat/block0/0/step4,"[1, 30, 1536]",torch.bfloat16,sdpa,True,True,0.0,0.0
b1/mixed-grids/repeat/block0/0/step5,"[1, 30, 1536]",torch.bfloat16,sdpa,True,True,0.0,0.0
b1/mixed-grids/repeat/block0/0/step6,"[1, 30, 1536]",torch.bfloat16,sdpa,True,True,0.0,0.0
b1/mixed-grids/repeat/block0/0/step7,"[1, 30, 1536]",torch.bfloat16,sdpa,True,True,0.0,0.0
b1/mixed-grids/repeat/block0/0/step8,"[1, 30, 1536]",torch.bfloat16,sdpa,True,True,0.0,0.0
b1/mixed-grids/repeat/block0/0/step9,"[1, 30, 1536]",torch.bfloat16,sdpa,True,True,0.0,0.0
b1/mixed-grids/repeat/block0/1/step0,"[1, 179, 1536]",torch.bfloat16,sdpa,True,True,0.0,0.0
b1/mixed-grids/repeat/block0/1/step1,"[1, 179, 1536]",torch.bfloat16,sdpa,True,True,0.0,0.0
b1/mixed-grids/repeat/block0/1/step2,"[1, 179, 1536]",torch.bfloat16,sdpa,True,True,0.0,0.0
b1/mixed-grids/repeat/block0/1/step3,"[1, 179, 1536]",torch.bfloat16,sdpa,True,True,0.0,0.0
b1/mixed-grids/repeat/block0/1/step4,"[1, 179, 1536]",torch.bfloat16,sdpa,True,True,0.0,0.0
b1/mixed-grids/repeat/block0/1/step5,"[1, 179, 1536]",torch.bfloat16,sdpa,True,True,0.0,0.0
b1/mixed-grids/repeat/block0/1/step6,"[1, 179, 1536]",torch.bfloat16,sdpa,True,True,0.0,0.0
b1/mixed-grids/repeat/block0/1/step7,"[1, 179, 1536]",torch.bfloat16,sdpa,True,True,0.0,0.0
b1/mixed-grids/repeat/block0/1/step8,"[1, 179, 1536]",torch.bfloat16,sdpa,True,True,0.0,0.0
b1/mixed-grids/repeat/block0/1/step9,"[1, 179, 1536]",torch.bfloat16,sdpa,True,True,0.0,0.0
b1/mixed-grids/repeat/block1/0/step0,"[1, 30, 1536]",torch.bfloat16,sdpa,True,True,0.0,0.0
b1/mixed-grids/repeat/block1/0/step1,"[1, 30, 1536]",torch.bfloat16,sdpa,True,True,0.0,0.0
b1/mixed-grids/repeat/block1/0/step2,"[1, 30, 1536]",torch.bfloat16,sdpa,True,True,0.0,0.0
b1/mixed-grids/repeat/block1/0/step3,"[1, 30, 1536]",torch.bfloat16,sdpa,True,True,0.0,0.0
b1/mixed-grids/repeat/block1/0/step4,"[1, 30, 1536]",torch.bfloat16,sdpa,True,True,0.0,0.0
b1/mixed-grids/repeat/block1/0/step5,"[1, 30, 1536]",torch.bfloat16,sdpa,True,True,0.0,0.0
b1/mixed-grids/repeat/block1/0/step6,"[1, 30, 1536]",torch.bfloat16,sdpa,True,True,0.0,0.0
b1/mixed-grids/repeat/block1/0/step7,"[1, 30, 1536]",torch.bfloat16,sdpa,True,True,0.0,0.0
b1/mixed-grids/repeat/block1/0/step8,"[1, 30, 1536]",torch.bfloat16,sdpa,True,True,0.0,0.0
b1/mixed-grids/repeat/block1/0/step9,"[1, 30, 1536]",torch.bfloat16,sdpa,True,True,0.0,0.0
b1/mixed-grids/repeat/block1/1/step0,"[1, 179, 1536]",torch.bfloat16,sdpa,True,True,0.0,0.0
b1/mixed-grids/repeat/block1/1/step1,"[1, 179, 1536]",torch.bfloat16,sdpa,True,True,0.0,0.0
b1/mixed-grids/repeat/block1/1/step2,"[1, 179, 1536]",torch.bfloat16,sdpa,True,True,0.0,0.0
b1/mixed-grids/repeat/block1/1/step3,"[1, 179, 1536]",torch.bfloat16,sdpa,True,True,0.0,0.0
b1/mixed-grids/repeat/block1/1/step4,"[1, 179, 1536]",torch.bfloat16,sdpa,True,True,0.0,0.0
b1/mixed-grids/repeat/block1/1/step5,"[1, 179, 1536]",torch.bfloat16,sdpa,True,True,0.0,0.0
b1/mixed-grids/repeat/block1/1/step6,"[1, 179, 1536]",torch.bfloat16,sdpa,True,True,0.0,0.0
b1/mixed-grids/repeat/block1/1/step7,"[1, 179, 1536]",torch.bfloat16,sdpa,True,True,0.0,0.0
b1/mixed-grids/repeat/block1/1/step8,"[1, 179, 1536]",torch.bfloat16,sdpa,True,True,0.0,0.0
b1/mixed-grids/repeat/block1/1/step9,"[1, 179, 1536]",torch.bfloat16,sdpa,True,True,0.0,0.0
b1/mixed-grids/repeat/block2/0/step0,"[1, 30, 1536]",torch.bfloat16,sdpa,True,True,0.0,0.0
b1/mixed-grids/repeat/block2/0/step1,"[1, 30, 1536]",torch.bfloat16,sdpa,True,True,0.0,0.0
b1/mixed-grids/repeat/block2/0/step2,"[1, 30, 1536]",torch.bfloat16,sdpa,True,True,0.0,0.0
b1/mixed-grids/repeat/block2/0/step3,"[1, 30, 1536]",torch.bfloat16,sdpa,True,True,0.0,0.0
b1/mixed-grids/repeat/block2/0/step4,"[1, 30, 1536]",torch.bfloat16,sdpa,True,True,0.0,0.0
b1/mixed-grids/repeat/block2/0/step5,"[1, 30, 1536]",torch.bfloat16,sdpa,True,True,0.0,0.0
b1/mixed-grids/repeat/block2/0/step6,"[1, 30, 1536]",torch.bfloat16,sdpa,True,True,0.0,0.0
b1/mixed-grids/repeat/block2/0/step7,"[1, 30, 1536]",torch.bfloat16,sdpa,True,True,0.0,0.0
b1/mixed-grids/repeat/block2/0/step8,"[1, 30, 1536]",torch.bfloat16,sdpa,True,True,0.0,0.0
b1/mixed-grids/repeat/block2/0/step9,"[1, 30, 1536]",torch.bfloat16,sdpa,True,True,0.0,0.0
b1/mixed-grids/repeat/block2/1/step0,"[1, 179, 1536]",torch.bfloat16,sdpa,True,True,0.0,0.0
b1/mixed-grids/repeat/block2/1/step1,"[1, 179, 1536]",torch.bfloat16,sdpa,True,True,0.0,0.0
b1/mixed-grids/repeat/block2/1/step2,"[1, 179, 1536]",torch.bfloat16,sdpa,True,True,0.0,0.0
b1/mixed-grids/repeat/block2/1/step3,"[1, 179, 1536]",torch.bfloat16,sdpa,True,True,0.0,0.0
b1/mixed-grids/repeat/block2/1/step4,"[1, 179, 1536]",torch.bfloat16,sdpa,True,True,0.0,0.0
b1/mixed-grids/repeat/block2/1/step5,"[1, 179, 1536]",torch.bfloat16,sdpa,True,True,0.0,0.0
b1/mixed-grids/repeat/block2/1/step6,"[1, 179, 1536]",torch.bfloat16,sdpa,True,True,0.0,0.0
b1/mixed-grids/repeat/block2/1/step7,"[1, 179, 1536]",torch.bfloat16,sdpa,True,True,0.0,0.0
b1/mixed-grids/repeat/block2/1/step8,"[1, 179, 1536]",torch.bfloat16,sdpa,True,True,0.0,0.0
b1/mixed-grids/repeat/block2/1/step9,"[1, 179, 1536]",torch.bfloat16,sdpa,True,True,0.0,0.0
b1/mixed-grids/repeat/block3/0/step0,"[1, 30, 1536]",torch.bfloat16,sdpa,True,True,0.0,0.0
b1/mixed-grids/repeat/block3/0/step1,"[1, 30, 1536]",torch.bfloat16,sdpa,True,True,0.0,0.0
b1/mixed-grids/repeat/block3/0/step2,"[1, 30, 1536]",torch.bfloat16,sdpa,True,True,0.0,0.0
b1/mixed-grids/repeat/block3/0/step3,"[1, 30, 1536]",torch.bfloat16,sdpa,True,True,0.0,0.0
b1/mixed-grids/repeat/block3/0/step4,"[1, 30, 1536]",torch.bfloat16,sdpa,True,True,0.0,0.0
b1/mixed-grids/repeat/block3/0/step5,"[1, 30, 1536]",torch.bfloat16,sdpa,True,True,0.0,0.0
b1/mixed-grids/repeat/block3/0/step6,"[1, 30, 1536]",torch.bfloat16,sdpa,True,True,0.0,0.0
b1/mixed-grids/repeat/block3/0/step7,"[1, 30, 1536]",torch.bfloat16,sdpa,True,True,0.0,0.0
b1/mixed-grids/repeat/block3/0/step8,"[1, 30, 1536]",torch.bfloat16,sdpa,True,True,0.0,0.0
b1/mixed-grids/repeat/block3/0/step9,"[1, 30, 1536]",torch.bfloat16,sdpa,True,True,0.0,0.0
b1/mixed-grids/repeat/block3/1/step0,"[1, 179, 1536]",torch.bfloat16,sdpa,True,True,0.0,0.0
b1/mixed-grids/repeat/block3/1/step1,"[1, 179, 1536]",torch.bfloat16,sdpa,True,True,0.0,0.0
b1/mixed-grids/repeat/block3/1/step2,"[1, 179, 1536]",torch.bfloat16,sdpa,True,True,0.0,0.0
b1/mixed-grids/repeat/block3/1/step3,"[1, 179, 1536]",torch.bfloat16,sdpa,True,True,0.0,0.0
b1/mixed-grids/repeat/block3/1/step4,"[1, 179, 1536]",torch.bfloat16,sdpa,True,True,0.0,0.0
b1/mixed-grids/repeat/block3/1/step5,"[1, 179, 1536]",torch.bfloat16,sdpa,True,True,0.0,0.0
b1/mixed-grids/repeat/block3/1/step6,"[1, 179, 1536]",torch.bfloat16,sdpa,True,True,0.0,0.0
b1/mixed-grids/repeat/block3/1/step7,"[1, 179, 1536]",torch.bfloat16,sdpa,True,True,0.0,0.0
b1/mixed-grids/repeat/block3/1/step8,"[1, 179, 1536]",torch.bfloat16,sdpa,True,True,0.0,0.0
b1/mixed-grids/repeat/block3/1/step9,"[1, 179, 1536]",torch.bfloat16,sdpa,True,True,0.0,0.0
b1/mixed-grids/repeat/block4/0/step0,"[1, 30, 1536]",torch.bfloat16,sdpa,True,True,0.0,0.0
b1/mixed-grids/repeat/block4/0/step1,"[1, 30, 1536]",torch.bfloat16,sdpa,True,True,0.0,0.0
b1/mixed-grids/repeat/block4/0/step2,"[1, 30, 1536]",torch.bfloat16,sdpa,True,True,0.0,0.0
b1/mixed-grids/repeat/block4/0/step3,"[1, 30, 1536]",torch.bfloat16,sdpa,True,True,0.0,0.0
b1/mixed-grids/repeat/block4/0/step4,"[1, 30, 1536]",torch.bfloat16,sdpa,True,True,0.0,0.0
b1/mixed-grids/repeat/block4/0/step5,"[1, 30, 1536]",torch.bfloat16,sdpa,True,True,0.0,0.0
b1/mixed-grids/repeat/block4/0/step6,"[1, 30, 1536]",torch.bfloat16,sdpa,True,True,0.0,0.0
b1/mixed-grids/repeat/block4/0/step7,"[1, 30, 1536]",torch.bfloat16,sdpa,True,True,0.0,0.0
b1/mixed-grids/repeat/block4/0/step8,"[1, 30, 1536]",torch.bfloat16,sdpa,True,True,0.0,0.0
b1/mixed-grids/repeat/block4/0/step9,"[1, 30, 1536]",torch.bfloat16,sdpa,True,True,0.0,0.0
b1/mixed-grids/repeat/block4/1/step0,"[1, 179, 1536]",torch.bfloat16,sdpa,True,True,0.0,0.0
b1/mixed-grids/repeat/block4/1/step1,"[1, 179, 1536]",torch.bfloat16,sdpa,True,True,0.0,0.0
b1/mixed-grids/repeat/block4/1/step2,"[1, 179, 1536]",torch.bfloat16,sdpa,True,True,0.0,0.0
b1/mixed-grids/repeat/block4/1/step3,"[1, 179, 1536]",torch.bfloat16,sdpa,True,True,0.0,0.0
b1/mixed-grids/repeat/block4/1/step4,"[1, 179, 1536]",torch.bfloat16,sdpa,True,True,0.0,0.0
b1/mixed-grids/repeat/block4/1/step5,"[1, 179, 1536]",torch.bfloat16,sdpa,True,True,0.0,0.0
b1/mixed-grids/repeat/block4/1/step6,"[1, 179, 1536]",torch.bfloat16,sdpa,True,True,0.0,0.0
b1/mixed-grids/repeat/block4/1/step7,"[1, 179, 1536]",torch.bfloat16,sdpa,True,True,0.0,0.0
b1/mixed-grids/repeat/block4/1/step8,"[1, 179, 1536]",torch.bfloat16,sdpa,True,True,0.0,0.0
b1/mixed-grids/repeat/block4/1/step9,"[1, 179, 1536]",torch.bfloat16,sdpa,True,True,0.0,0.0
b1/mixed-grids/repeat/block5/0/step0,"[1, 30, 1536]",torch.bfloat16,sdpa,True,True,0.0,0.0
b1/mixed-grids/repeat/block5/0/step1,"[1, 30, 1536]",torch.bfloat16,sdpa,True,True,0.0,0.0
b1/mixed-grids/repeat/block5/0/step2,"[1, 30, 1536]",torch.bfloat16,sdpa,True,True,0.0,0.0
b1/mixed-grids/repeat/block5/0/step3,"[1, 30, 1536]",torch.bfloat16,sdpa,True,True,0.0,0.0
b1/mixed-grids/repeat/block5/0/step4,"[1, 30, 1536]",torch.bfloat16,sdpa,True,True,0.0,0.0
b1/mixed-grids/repeat/block5/0/step5,"[1, 30, 1536]",torch.bfloat16,sdpa,True,True,0.0,0.0
b1/mixed-grids/repeat/block5/0/step6,"[1, 30, 1536]",torch.bfloat16,sdpa,True,True,0.0,0.0
b1/mixed-grids/repeat/block5/0/step7,"[1, 30, 1536]",torch.bfloat16,sdpa,True,True,0.0,0.0
b1/mixed-grids/repeat/block5/0/step8,"[1, 30, 1536]",torch.bfloat16,sdpa,True,True,0.0,0.0
b1/mixed-grids/repeat/block5/0/step9,"[1, 30, 1536]",torch.bfloat16,sdpa,True,True,0.0,0.0
b1/mixed-grids/repeat/velocity/step0,"[1, 30, 78]",torch.bfloat16,sdpa,True,True,0.0,0.0
b1/mixed-grids/repeat/velocity/step1,"[1, 30, 78]",torch.bfloat16,sdpa,True,True,0.0,0.0
b1/mixed-grids/repeat/velocity/step2,"[1, 30, 78]",torch.bfloat16,sdpa,True,True,0.0,0.0
b1/mixed-grids/repeat/velocity/step3,"[1, 30, 78]",torch.bfloat16,sdpa,True,True,0.0,0.0
b1/mixed-grids/repeat/velocity/step4,"[1, 30, 78]",torch.bfloat16,sdpa,True,True,0.0,0.0
b1/mixed-grids/repeat/velocity/step5,"[1, 30, 78]",torch.bfloat16,sdpa,True,True,0.0,0.0
b1/mixed-grids/repeat/velocity/step6,"[1, 30, 78]",torch.bfloat16,sdpa,True,True,0.0,0.0
b1/mixed-grids/repeat/velocity/step7,"[1, 30, 78]",torch.bfloat16,sdpa,True,True,0.0,0.0
b1/mixed-grids/repeat/velocity/step8,"[1, 30, 78]",torch.bfloat16,sdpa,True,True,0.0,0.0
b1/mixed-grids/repeat/velocity/step9,"[1, 30, 78]",torch.bfloat16,sdpa,True,True,0.0,0.0
b1/mixed-grids/repeat/actions/step0,"[1, 30, 78]",torch.bfloat16,sdpa,True,True,0.0,0.0
b1/mixed-grids/repeat/actions/step1,"[1, 30, 78]",torch.bfloat16,sdpa,True,True,0.0,0.0
b1/mixed-grids/repeat/actions/step2,"[1, 30, 78]",torch.bfloat16,sdpa,True,True,0.0,0.0
b1/mixed-grids/repeat/actions/step3,"[1, 30, 78]",torch.bfloat16,sdpa,True,True,0.0,0.0
b1/mixed-grids/repeat/actions/step4,"[1, 30, 78]",torch.bfloat16,sdpa,True,True,0.0,0.0
b1/mixed-grids/repeat/actions/step5,"[1, 30, 78]",torch.bfloat16,sdpa,True,True,0.0,0.0
b1/mixed-grids/repeat/actions/step6,"[1, 30, 78]",torch.bfloat16,sdpa,True,True,0.0,0.0
b1/mixed-grids/repeat/actions/step7,"[1, 30, 78]",torch.bfloat16,sdpa,True,True,0.0,0.0
b1/mixed-grids/repeat/actions/step8,"[1, 30, 78]",torch.bfloat16,sdpa,True,True,0.0,0.0
b1/mixed-grids/repeat/actions/step9,"[1, 30, 78]",torch.bfloat16,sdpa,True,True,0.0,0.0
b1/mixed-grids/input_ids,"[1, 178]",torch.int64,sdpa,True,True,0.0,0.0
b1/mixed-grids/attention_mask,"[1, 178]",torch.bool,sdpa,True,True,0.0,0.0
b1/mixed-grids/image_grid_thw,"[1, 3]",torch.int64,sdpa,True,True,0.0,0.0
b1/mixed-grids/pixel_values,"[660, 1536]",torch.bfloat16,sdpa,True,True,0.0,0.0
b1/mixed-grids/positions,"[3, 1, 178]",torch.int64,sdpa,True,True,0.0,0.0
b1/mixed-grids/features,"[1, 1, 178, 2048]",torch.bfloat16,sdpa,True,True,0.0,0.0
b1/mixed-grids/final,"[1, 30, 78]",torch.float32,sdpa,True,True,0.0,0.0
b1/mixed-grids/time/0/step0,"[1, 1536]",torch.bfloat16,sdpa,True,True,0.0,0.0
b1/mixed-grids/time/0/step1,"[1, 1536]",torch.bfloat16,sdpa,True,True,0.0,0.0
b1/mixed-grids/time/0/step2,"[1, 1536]",torch.bfloat16,sdpa,True,True,0.0,0.0
b1/mixed-grids/time/0/step3,"[1, 1536]",torch.bfloat16,sdpa,True,True,0.0,0.0
b1/mixed-grids/time/0/step4,"[1, 1536]",torch.bfloat16,sdpa,True,True,0.0,0.0
b1/mixed-grids/time/0/step5,"[1, 1536]",torch.bfloat16,sdpa,True,True,0.0,0.0
b1/mixed-grids/time/0/step6,"[1, 1536]",torch.bfloat16,sdpa,True,True,0.0,0.0
b1/mixed-grids/time/0/step7,"[1, 1536]",torch.bfloat16,sdpa,True,True,0.0,0.0
b1/mixed-grids/time/0/step8,"[1, 1536]",torch.bfloat16,sdpa,True,True,0.0,0.0
b1/mixed-grids/time/0/step9,"[1, 1536]",torch.bfloat16,sdpa,True,True,0.0,0.0
b1/mixed-grids/action-in/0/step0,"[1, 30, 1536]",torch.bfloat16,sdpa,True,True,0.0,0.0
b1/mixed-grids/action-in/0/step1,"[1, 30, 1536]",torch.bfloat16,sdpa,True,True,0.0,0.0
b1/mixed-grids/action-in/0/step2,"[1, 30, 1536]",torch.bfloat16,sdpa,True,True,0.0,0.0
b1/mixed-grids/action-in/0/step3,"[1, 30, 1536]",torch.bfloat16,sdpa,True,True,0.0,0.0
b1/mixed-grids/action-in/0/step4,"[1, 30, 1536]",torch.bfloat16,sdpa,True,True,0.0,0.0
b1/mixed-grids/action-in/0/step5,"[1, 30, 1536]",torch.bfloat16,sdpa,True,True,0.0,0.0
b1/mixed-grids/action-in/0/step6,"[1, 30, 1536]",torch.bfloat16,sdpa,True,True,0.0,0.0
b1/mixed-grids/action-in/0/step7,"[1, 30, 1536]",torch.bfloat16,sdpa,True,True,0.0,0.0
b1/mixed-grids/action-in/0/step8,"[1, 30, 1536]",torch.bfloat16,sdpa,True,True,0.0,0.0
b1/mixed-grids/action-in/0/step9,"[1, 30, 1536]",torch.bfloat16,sdpa,True,True,0.0,0.0
b1/mixed-grids/obs/0/step0,"[1, 179, 1536]",torch.bfloat16,sdpa,True,True,0.0,0.0
b1/mixed-grids/obs/1/step0,"[1, 179]",torch.bool,sdpa,True,True,0.0,0.0
b1/mixed-grids/block0/0/step0,"[1, 30, 1536]",torch.bfloat16,sdpa,True,True,0.0,0.0
b1/mixed-grids/block0/0/step1,"[1, 30, 1536]",torch.bfloat16,sdpa,True,True,0.0,0.0
b1/mixed-grids/block0/0/step2,"[1, 30, 1536]",torch.bfloat16,sdpa,True,True,0.0,0.0
b1/mixed-grids/block0/0/step3,"[1, 30, 1536]",torch.bfloat16,sdpa,True,True,0.0,0.0
b1/mixed-grids/block0/0/step4,"[1, 30, 1536]",torch.bfloat16,sdpa,True,True,0.0,0.0
b1/mixed-grids/block0/0/step5,"[1, 30, 1536]",torch.bfloat16,sdpa,True,True,0.0,0.0
b1/mixed-grids/block0/0/step6,"[1, 30, 1536]",torch.bfloat16,sdpa,True,True,0.0,0.0
b1/mixed-grids/block0/0/step7,"[1, 30, 1536]",torch.bfloat16,sdpa,True,True,0.0,0.0
b1/mixed-grids/block0/0/step8,"[1, 30, 1536]",torch.bfloat16,sdpa,True,True,0.0,0.0
b1/mixed-grids/block0/0/step9,"[1, 30, 1536]",torch.bfloat16,sdpa,True,True,0.0,0.0
b1/mixed-grids/block0/1/step0,"[1, 179, 1536]",torch.bfloat16,sdpa,True,True,0.0,0.0
b1/mixed-grids/block0/1/step1,"[1, 179, 1536]",torch.bfloat16,sdpa,True,True,0.0,0.0
b1/mixed-grids/block0/1/step2,"[1, 179, 1536]",torch.bfloat16,sdpa,True,True,0.0,0.0
b1/mixed-grids/block0/1/step3,"[1, 179, 1536]",torch.bfloat16,sdpa,True,True,0.0,0.0
b1/mixed-grids/block0/1/step4,"[1, 179, 1536]",torch.bfloat16,sdpa,True,True,0.0,0.0
b1/mixed-grids/block0/1/step5,"[1, 179, 1536]",torch.bfloat16,sdpa,True,True,0.0,0.0
b1/mixed-grids/block0/1/step6,"[1, 179, 1536]",torch.bfloat16,sdpa,True,True,0.0,0.0
b1/mixed-grids/block0/1/step7,"[1, 179, 1536]",torch.bfloat16,sdpa,True,True,0.0,0.0
b1/mixed-grids/block0/1/step8,"[1, 179, 1536]",torch.bfloat16,sdpa,True,True,0.0,0.0
b1/mixed-grids/block0/1/step9,"[1, 179, 1536]",torch.bfloat16,sdpa,True,True,0.0,0.0
b1/mixed-grids/block1/0/step0,"[1, 30, 1536]",torch.bfloat16,sdpa,True,True,0.0,0.0
b1/mixed-grids/block1/0/step1,"[1, 30, 1536]",torch.bfloat16,sdpa,True,True,0.0,0.0
b1/mixed-grids/block1/0/step2,"[1, 30, 1536]",torch.bfloat16,sdpa,True,True,0.0,0.0
b1/mixed-grids/block1/0/step3,"[1, 30, 1536]",torch.bfloat16,sdpa,True,True,0.0,0.0
b1/mixed-grids/block1/0/step4,"[1, 30, 1536]",torch.bfloat16,sdpa,True,True,0.0,0.0
b1/mixed-grids/block1/0/step5,"[1, 30, 1536]",torch.bfloat16,sdpa,True,True,0.0,0.0
b1/mixed-grids/block1/0/step6,"[1, 30, 1536]",torch.bfloat16,sdpa,True,True,0.0,0.0
b1/mixed-grids/block1/0/step7,"[1, 30, 1536]",torch.bfloat16,sdpa,True,True,0.0,0.0
b1/mixed-grids/block1/0/step8,"[1, 30, 1536]",torch.bfloat16,sdpa,True,True,0.0,0.0
b1/mixed-grids/block1/0/step9,"[1, 30, 1536]",torch.bfloat16,sdpa,True,True,0.0,0.0
b1/mixed-grids/block1/1/step0,"[1, 179, 1536]",torch.bfloat16,sdpa,True,True,0.0,0.0
b1/mixed-grids/block1/1/step1,"[1, 179, 1536]",torch.bfloat16,sdpa,True,True,0.0,0.0
b1/mixed-grids/block1/1/step2,"[1, 179, 1536]",torch.bfloat16,sdpa,True,True,0.0,0.0
b1/mixed-grids/block1/1/step3,"[1, 179, 1536]",torch.bfloat16,sdpa,True,True,0.0,0.0
b1/mixed-grids/block1/1/step4,"[1, 179, 1536]",torch.bfloat16,sdpa,True,True,0.0,0.0
b1/mixed-grids/block1/1/step5,"[1, 179, 1536]",torch.bfloat16,sdpa,True,True,0.0,0.0
b1/mixed-grids/block1/1/step6,"[1, 179, 1536]",torch.bfloat16,sdpa,True,True,0.0,0.0
b1/mixed-grids/block1/1/step7,"[1, 179, 1536]",torch.bfloat16,sdpa,True,True,0.0,0.0
b1/mixed-grids/block1/1/step8,"[1, 179, 1536]",torch.bfloat16,sdpa,True,True,0.0,0.0
b1/mixed-grids/block1/1/step9,"[1, 179, 1536]",torch.bfloat16,sdpa,True,True,0.0,0.0
b1/mixed-grids/block2/0/step0,"[1, 30, 1536]",torch.bfloat16,sdpa,True,True,0.0,0.0
b1/mixed-grids/block2/0/step1,"[1, 30, 1536]",torch.bfloat16,sdpa,True,True,0.0,0.0
b1/mixed-grids/block2/0/step2,"[1, 30, 1536]",torch.bfloat16,sdpa,True,True,0.0,0.0
b1/mixed-grids/block2/0/step3,"[1, 30, 1536]",torch.bfloat16,sdpa,True,True,0.0,0.0
b1/mixed-grids/block2/0/step4,"[1, 30, 1536]",torch.bfloat16,sdpa,True,True,0.0,0.0
b1/mixed-grids/block2/0/step5,"[1, 30, 1536]",torch.bfloat16,sdpa,True,True,0.0,0.0
b1/mixed-grids/block2/0/step6,"[1, 30, 1536]",torch.bfloat16,sdpa,True,True,0.0,0.0
b1/mixed-grids/block2/0/step7,"[1, 30, 1536]",torch.bfloat16,sdpa,True,True,0.0,0.0
b1/mixed-grids/block2/0/step8,"[1, 30, 1536]",torch.bfloat16,sdpa,True,True,0.0,0.0
b1/mixed-grids/block2/0/step9,"[1, 30, 1536]",torch.bfloat16,sdpa,True,True,0.0,0.0
b1/mixed-grids/block2/1/step0,"[1, 179, 1536]",torch.bfloat16,sdpa,True,True,0.0,0.0
b1/mixed-grids/block2/1/step1,"[1, 179, 1536]",torch.bfloat16,sdpa,True,True,0.0,0.0
b1/mixed-grids/block2/1/step2,"[1, 179, 1536]",torch.bfloat16,sdpa,True,True,0.0,0.0
b1/mixed-grids/block2/1/step3,"[1, 179, 1536]",torch.bfloat16,sdpa,True,True,0.0,0.0
b1/mixed-grids/block2/1/step4,"[1, 179, 1536]",torch.bfloat16,sdpa,True,True,0.0,0.0
b1/mixed-grids/block2/1/step5,"[1, 179, 1536]",torch.bfloat16,sdpa,True,True,0.0,0.0
b1/mixed-grids/block2/1/step6,"[1, 179, 1536]",torch.bfloat16,sdpa,True,True,0.0,0.0
b1/mixed-grids/block2/1/step7,"[1, 179, 1536]",torch.bfloat16,sdpa,True,True,0.0,0.0
b1/mixed-grids/block2/1/step8,"[1, 179, 1536]",torch.bfloat16,sdpa,True,True,0.0,0.0
b1/mixed-grids/block2/1/step9,"[1, 179, 1536]",torch.bfloat16,sdpa,True,True,0.0,0.0
b1/mixed-grids/block3/0/step0,"[1, 30, 1536]",torch.bfloat16,sdpa,True,True,0.0,0.0
b1/mixed-grids/block3/0/step1,"[1, 30, 1536]",torch.bfloat16,sdpa,True,True,0.0,0.0
b1/mixed-grids/block3/0/step2,"[1, 30, 1536]",torch.bfloat16,sdpa,True,True,0.0,0.0
b1/mixed-grids/block3/0/step3,"[1, 30, 1536]",torch.bfloat16,sdpa,True,True,0.0,0.0
b1/mixed-grids/block3/0/step4,"[1, 30, 1536]",torch.bfloat16,sdpa,True,True,0.0,0.0
b1/mixed-grids/block3/0/step5,"[1, 30, 1536]",torch.bfloat16,sdpa,True,True,0.0,0.0
b1/mixed-grids/block3/0/step6,"[1, 30, 1536]",torch.bfloat16,sdpa,True,True,0.0,0.0
b1/mixed-grids/block3/0/step7,"[1, 30, 1536]",torch.bfloat16,sdpa,True,True,0.0,0.0
b1/mixed-grids/block3/0/step8,"[1, 30, 1536]",torch.bfloat16,sdpa,True,True,0.0,0.0
b1/mixed-grids/block3/0/step9,"[1, 30, 1536]",torch.bfloat16,sdpa,True,True,0.0,0.0
b1/mixed-grids/block3/1/step0,"[1, 179, 1536]",torch.bfloat16,sdpa,True,True,0.0,0.0
b1/mixed-grids/block3/1/step1,"[1, 179, 1536]",torch.bfloat16,sdpa,True,True,0.0,0.0
b1/mixed-grids/block3/1/step2,"[1, 179, 1536]",torch.bfloat16,sdpa,True,True,0.0,0.0
b1/mixed-grids/block3/1/step3,"[1, 179, 1536]",torch.bfloat16,sdpa,True,True,0.0,0.0
b1/mixed-grids/block3/1/step4,"[1, 179, 1536]",torch.bfloat16,sdpa,True,True,0.0,0.0
b1/mixed-grids/block3/1/step5,"[1, 179, 1536]",torch.bfloat16,sdpa,True,True,0.0,0.0
b1/mixed-grids/block3/1/step6,"[1, 179, 1536]",torch.bfloat16,sdpa,True,True,0.0,0.0
b1/mixed-grids/block3/1/step7,"[1, 179, 1536]",torch.bfloat16,sdpa,True,True,0.0,0.0
b1/mixed-grids/block3/1/step8,"[1, 179, 1536]",torch.bfloat16,sdpa,True,True,0.0,0.0
b1/mixed-grids/block3/1/step9,"[1, 179, 1536]",torch.bfloat16,sdpa,True,True,0.0,0.0
b1/mixed-grids/block4/0/step0,"[1, 30, 1536]",torch.bfloat16,sdpa,True,True,0.0,0.0
b1/mixed-grids/block4/0/step1,"[1, 30, 1536]",torch.bfloat16,sdpa,True,True,0.0,0.0
b1/mixed-grids/block4/0/step2,"[1, 30, 1536]",torch.bfloat16,sdpa,True,True,0.0,0.0
b1/mixed-grids/block4/0/step3,"[1, 30, 1536]",torch.bfloat16,sdpa,True,True,0.0,0.0
b1/mixed-grids/block4/0/step4,"[1, 30, 1536]",torch.bfloat16,sdpa,True,True,0.0,0.0
b1/mixed-grids/block4/0/step5,"[1, 30, 1536]",torch.bfloat16,sdpa,True,True,0.0,0.0
b1/mixed-grids/block4/0/step6,"[1, 30, 1536]",torch.bfloat16,sdpa,True,True,0.0,0.0
b1/mixed-grids/block4/0/step7,"[1, 30, 1536]",torch.bfloat16,sdpa,True,True,0.0,0.0
b1/mixed-grids/block4/0/step8,"[1, 30, 1536]",torch.bfloat16,sdpa,True,True,0.0,0.0
b1/mixed-grids/block4/0/step9,"[1, 30, 1536]",torch.bfloat16,sdpa,True,True,0.0,0.0
b1/mixed-grids/block4/1/step0,"[1, 179, 1536]",torch.bfloat16,sdpa,True,True,0.0,0.0
b1/mixed-grids/block4/1/step1,"[1, 179, 1536]",torch.bfloat16,sdpa,True,True,0.0,0.0
b1/mixed-grids/block4/1/step2,"[1, 179, 1536]",torch.bfloat16,sdpa,True,True,0.0,0.0
b1/mixed-grids/block4/1/step3,"[1, 179, 1536]",torch.bfloat16,sdpa,True,True,0.0,0.0
b1/mixed-grids/block4/1/step4,"[1, 179, 1536]",torch.bfloat16,sdpa,True,True,0.0,0.0
b1/mixed-grids/block4/1/step5,"[1, 179, 1536]",torch.bfloat16,sdpa,True,True,0.0,0.0
b1/mixed-grids/block4/1/step6,"[1, 179, 1536]",torch.bfloat16,sdpa,True,True,0.0,0.0
b1/mixed-grids/block4/1/step7,"[1, 179, 1536]",torch.bfloat16,sdpa,True,True,0.0,0.0
b1/mixed-grids/block4/1/step8,"[1, 179, 1536]",torch.bfloat16,sdpa,True,True,0.0,0.0
b1/mixed-grids/block4/1/step9,"[1, 179, 1536]",torch.bfloat16,sdpa,True,True,0.0,0.0
b1/mixed-grids/block5/0/step0,"[1, 30, 1536]",torch.bfloat16,sdpa,True,True,0.0,0.0
b1/mixed-grids/block5/0/step1,"[1, 30, 1536]",torch.bfloat16,sdpa,True,True,0.0,0.0
b1/mixed-grids/block5/0/step2,"[1, 30, 1536]",torch.bfloat16,sdpa,True,True,0.0,0.0
b1/mixed-grids/block5/0/step3,"[1, 30, 1536]",torch.bfloat16,sdpa,True,True,0.0,0.0
b1/mixed-grids/block5/0/step4,"[1, 30, 1536]",torch.bfloat16,sdpa,True,True,0.0,0.0
b1/mixed-grids/block5/0/step5,"[1, 30, 1536]",torch.bfloat16,sdpa,True,True,0.0,0.0
b1/mixed-grids/block5/0/step6,"[1, 30, 1536]",torch.bfloat16,sdpa,True,True,0.0,0.0
b1/mixed-grids/block5/0/step7,"[1, 30, 1536]",torch.bfloat16,sdpa,True,True,0.0,0.0
b1/mixed-grids/block5/0/step8,"[1, 30, 1536]",torch.bfloat16,sdpa,True,True,0.0,0.0
b1/mixed-grids/block5/0/step9,"[1, 30, 1536]",torch.bfloat16,sdpa,True,True,0.0,0.0
b1/mixed-grids/velocity/step0,"[1, 30, 78]",torch.bfloat16,sdpa,True,True,0.0,0.0
b1/mixed-grids/velocity/step1,"[1, 30, 78]",torch.bfloat16,sdpa,True,True,0.0,0.0
b1/mixed-grids/velocity/step2,"[1, 30, 78]",torch.bfloat16,sdpa,True,True,0.0,0.0
b1/mixed-grids/velocity/step3,"[1, 30, 78]",torch.bfloat16,sdpa,True,True,0.0,0.0
b1/mixed-grids/velocity/step4,"[1, 30, 78]",torch.bfloat16,sdpa,True,True,0.0,0.0
b1/mixed-grids/velocity/step5,"[1, 30, 78]",torch.bfloat16,sdpa,True,True,0.0,0.0
b1/mixed-grids/velocity/step6,"[1, 30, 78]",torch.bfloat16,sdpa,True,True,0.0,0.0
b1/mixed-grids/velocity/step7,"[1, 30, 78]",torch.bfloat16,sdpa,True,True,0.0,0.0
b1/mixed-grids/velocity/step8,"[1, 30, 78]",torch.bfloat16,sdpa,True,True,0.0,0.0
b1/mixed-grids/velocity/step9,"[1, 30, 78]",torch.bfloat16,sdpa,True,True,0.0,0.0
b1/mixed-grids/actions/step0,"[1, 30, 78]",torch.bfloat16,sdpa,True,True,0.0,0.0
b1/mixed-grids/actions/step1,"[1, 30, 78]",torch.bfloat16,sdpa,True,True,0.0,0.0
b1/mixed-grids/actions/step2,"[1, 30, 78]",torch.bfloat16,sdpa,True,True,0.0,0.0
b1/mixed-grids/actions/step3,"[1, 30, 78]",torch.bfloat16,sdpa,True,True,0.0,0.0
b1/mixed-grids/actions/step4,"[1, 30, 78]",torch.bfloat16,sdpa,True,True,0.0,0.0
b1/mixed-grids/actions/step5,"[1, 30, 78]",torch.bfloat16,sdpa,True,True,0.0,0.0
b1/mixed-grids/actions/step6,"[1, 30, 78]",torch.bfloat16,sdpa,True,True,0.0,0.0
b1/mixed-grids/actions/step7,"[1, 30, 78]",torch.bfloat16,sdpa,True,True,0.0,0.0
b1/mixed-grids/actions/step8,"[1, 30, 78]",torch.bfloat16,sdpa,True,True,0.0,0.0
b1/mixed-grids/actions/step9,"[1, 30, 78]",torch.bfloat16,sdpa,True,True,0.0,0.0
b1/mixed-grids/denormalized,"[1, 30, 78]",torch.float32,sdpa,True,True,0.0,0.0
b2/state-normalization,"[2, 1, 43]",torch.float32,sdpa,True,True,0.0,0.0
b2/image-transform/row0,"[240, 320, 3]",torch.uint8,sdpa,True,True,0.0,0.0
b2/image-transform/row1,"[240, 320, 3]",torch.uint8,sdpa,True,True,0.0,0.0
b2/transformed/repeat/input_ids,"[2, 97]",torch.int64,sdpa,True,True,0.0,0.0
b2/transformed/repeat/attention_mask,"[2, 97]",torch.bool,sdpa,True,True,0.0,0.0
b2/transformed/repeat/image_grid_thw,"[2, 3]",torch.int64,sdpa,True,True,0.0,0.0
b2/transformed/repeat/pixel_values,"[640, 1536]",torch.bfloat16,sdpa,True,True,0.0,0.0
b2/transformed/repeat/positions,"[3, 2, 97]",torch.int64,sdpa,True,True,0.0,0.0
b2/transformed/repeat/features,"[2, 1, 97, 2048]",torch.bfloat16,sdpa,True,True,0.0,0.0
b2/transformed/repeat/final,"[2, 30, 78]",torch.float32,sdpa,True,True,0.0,0.0
b2/transformed/repeat/time/0/step0,"[2, 1536]",torch.bfloat16,sdpa,True,True,0.0,0.0
b2/transformed/repeat/time/0/step1,"[2, 1536]",torch.bfloat16,sdpa,True,True,0.0,0.0
b2/transformed/repeat/time/0/step2,"[2, 1536]",torch.bfloat16,sdpa,True,True,0.0,0.0
b2/transformed/repeat/time/0/step3,"[2, 1536]",torch.bfloat16,sdpa,True,True,0.0,0.0
b2/transformed/repeat/time/0/step4,"[2, 1536]",torch.bfloat16,sdpa,True,True,0.0,0.0
b2/transformed/repeat/time/0/step5,"[2, 1536]",torch.bfloat16,sdpa,True,True,0.0,0.0
b2/transformed/repeat/time/0/step6,"[2, 1536]",torch.bfloat16,sdpa,True,True,0.0,0.0
b2/transformed/repeat/time/0/step7,"[2, 1536]",torch.bfloat16,sdpa,True,True,0.0,0.0
b2/transformed/repeat/time/0/step8,"[2, 1536]",torch.bfloat16,sdpa,True,True,0.0,0.0
b2/transformed/repeat/time/0/step9,"[2, 1536]",torch.bfloat16,sdpa,True,True,0.0,0.0
b2/transformed/repeat/action-in/0/step0,"[2, 30, 1536]",torch.bfloat16,sdpa,True,True,0.0,0.0
b2/transformed/repeat/action-in/0/step1,"[2, 30, 1536]",torch.bfloat16,sdpa,True,True,0.0,0.0
b2/transformed/repeat/action-in/0/step2,"[2, 30, 1536]",torch.bfloat16,sdpa,True,True,0.0,0.0
b2/transformed/repeat/action-in/0/step3,"[2, 30, 1536]",torch.bfloat16,sdpa,True,True,0.0,0.0
b2/transformed/repeat/action-in/0/step4,"[2, 30, 1536]",torch.bfloat16,sdpa,True,True,0.0,0.0
b2/transformed/repeat/action-in/0/step5,"[2, 30, 1536]",torch.bfloat16,sdpa,True,True,0.0,0.0
b2/transformed/repeat/action-in/0/step6,"[2, 30, 1536]",torch.bfloat16,sdpa,True,True,0.0,0.0
b2/transformed/repeat/action-in/0/step7,"[2, 30, 1536]",torch.bfloat16,sdpa,True,True,0.0,0.0
b2/transformed/repeat/action-in/0/step8,"[2, 30, 1536]",torch.bfloat16,sdpa,True,True,0.0,0.0
b2/transformed/repeat/action-in/0/step9,"[2, 30, 1536]",torch.bfloat16,sdpa,True,True,0.0,0.0
b2/transformed/repeat/obs/0/step0,"[2, 98, 1536]",torch.bfloat16,sdpa,True,True,0.0,0.0
b2/transformed/repeat/obs/0/step1,"[2, 98, 1536]",torch.bfloat16,sdpa,True,True,0.0,0.0
b2/transformed/repeat/obs/0/step2,"[2, 98, 1536]",torch.bfloat16,sdpa,True,True,0.0,0.0
b2/transformed/repeat/obs/0/step3,"[2, 98, 1536]",torch.bfloat16,sdpa,True,True,0.0,0.0
b2/transformed/repeat/obs/0/step4,"[2, 98, 1536]",torch.bfloat16,sdpa,True,True,0.0,0.0
b2/transformed/repeat/obs/0/step5,"[2, 98, 1536]",torch.bfloat16,sdpa,True,True,0.0,0.0
b2/transformed/repeat/obs/0/step6,"[2, 98, 1536]",torch.bfloat16,sdpa,True,True,0.0,0.0
b2/transformed/repeat/obs/0/step7,"[2, 98, 1536]",torch.bfloat16,sdpa,True,True,0.0,0.0
b2/transformed/repeat/obs/0/step8,"[2, 98, 1536]",torch.bfloat16,sdpa,True,True,0.0,0.0
b2/transformed/repeat/obs/0/step9,"[2, 98, 1536]",torch.bfloat16,sdpa,True,True,0.0,0.0
b2/transformed/repeat/obs/1/step0,"[2, 98]",torch.float32,sdpa,True,True,0.0,0.0
b2/transformed/repeat/obs/1/step1,"[2, 98]",torch.float32,sdpa,True,True,0.0,0.0
b2/transformed/repeat/obs/1/step2,"[2, 98]",torch.float32,sdpa,True,True,0.0,0.0
b2/transformed/repeat/obs/1/step3,"[2, 98]",torch.float32,sdpa,True,True,0.0,0.0
b2/transformed/repeat/obs/1/step4,"[2, 98]",torch.float32,sdpa,True,True,0.0,0.0
b2/transformed/repeat/obs/1/step5,"[2, 98]",torch.float32,sdpa,True,True,0.0,0.0
b2/transformed/repeat/obs/1/step6,"[2, 98]",torch.float32,sdpa,True,True,0.0,0.0
b2/transformed/repeat/obs/1/step7,"[2, 98]",torch.float32,sdpa,True,True,0.0,0.0
b2/transformed/repeat/obs/1/step8,"[2, 98]",torch.float32,sdpa,True,True,0.0,0.0
b2/transformed/repeat/obs/1/step9,"[2, 98]",torch.float32,sdpa,True,True,0.0,0.0
b2/transformed/repeat/block0/0/step0,"[2, 30, 1536]",torch.bfloat16,sdpa,True,True,0.0,0.0
b2/transformed/repeat/block0/0/step1,"[2, 30, 1536]",torch.bfloat16,sdpa,True,True,0.0,0.0
b2/transformed/repeat/block0/0/step2,"[2, 30, 1536]",torch.bfloat16,sdpa,True,True,0.0,0.0
b2/transformed/repeat/block0/0/step3,"[2, 30, 1536]",torch.bfloat16,sdpa,True,True,0.0,0.0
b2/transformed/repeat/block0/0/step4,"[2, 30, 1536]",torch.bfloat16,sdpa,True,True,0.0,0.0
b2/transformed/repeat/block0/0/step5,"[2, 30, 1536]",torch.bfloat16,sdpa,True,True,0.0,0.0
b2/transformed/repeat/block0/0/step6,"[2, 30, 1536]",torch.bfloat16,sdpa,True,True,0.0,0.0
b2/transformed/repeat/block0/0/step7,"[2, 30, 1536]",torch.bfloat16,sdpa,True,True,0.0,0.0
b2/transformed/repeat/block0/0/step8,"[2, 30, 1536]",torch.bfloat16,sdpa,True,True,0.0,0.0
b2/transformed/repeat/block0/0/step9,"[2, 30, 1536]",torch.bfloat16,sdpa,True,True,0.0,0.0
b2/transformed/repeat/block0/1/step0,"[2, 98, 1536]",torch.bfloat16,sdpa,True,True,0.0,0.0
b2/transformed/repeat/block0/1/step1,"[2, 98, 1536]",torch.bfloat16,sdpa,True,True,0.0,0.0
b2/transformed/repeat/block0/1/step2,"[2, 98, 1536]",torch.bfloat16,sdpa,True,True,0.0,0.0
b2/transformed/repeat/block0/1/step3,"[2, 98, 1536]",torch.bfloat16,sdpa,True,True,0.0,0.0
b2/transformed/repeat/block0/1/step4,"[2, 98, 1536]",torch.bfloat16,sdpa,True,True,0.0,0.0
b2/transformed/repeat/block0/1/step5,"[2, 98, 1536]",torch.bfloat16,sdpa,True,True,0.0,0.0
b2/transformed/repeat/block0/1/step6,"[2, 98, 1536]",torch.bfloat16,sdpa,True,True,0.0,0.0
b2/transformed/repeat/block0/1/step7,"[2, 98, 1536]",torch.bfloat16,sdpa,True,True,0.0,0.0
b2/transformed/repeat/block0/1/step8,"[2, 98, 1536]",torch.bfloat16,sdpa,True,True,0.0,0.0
b2/transformed/repeat/block0/1/step9,"[2, 98, 1536]",torch.bfloat16,sdpa,True,True,0.0,0.0
b2/transformed/repeat/block1/0/step0,"[2, 30, 1536]",torch.bfloat16,sdpa,True,True,0.0,0.0
b2/transformed/repeat/block1/0/step1,"[2, 30, 1536]",torch.bfloat16,sdpa,True,True,0.0,0.0
b2/transformed/repeat/block1/0/step2,"[2, 30, 1536]",torch.bfloat16,sdpa,True,True,0.0,0.0
b2/transformed/repeat/block1/0/step3,"[2, 30, 1536]",torch.bfloat16,sdpa,True,True,0.0,0.0
b2/transformed/repeat/block1/0/step4,"[2, 30, 1536]",torch.bfloat16,sdpa,True,True,0.0,0.0
b2/transformed/repeat/block1/0/step5,"[2, 30, 1536]",torch.bfloat16,sdpa,True,True,0.0,0.0
b2/transformed/repeat/block1/0/step6,"[2, 30, 1536]",torch.bfloat16,sdpa,True,True,0.0,0.0
b2/transformed/repeat/block1/0/step7,"[2, 30, 1536]",torch.bfloat16,sdpa,True,True,0.0,0.0
b2/transformed/repeat/block1/0/step8,"[2, 30, 1536]",torch.bfloat16,sdpa,True,True,0.0,0.0
b2/transformed/repeat/block1/0/step9,"[2, 30, 1536]",torch.bfloat16,sdpa,True,True,0.0,0.0
b2/transformed/repeat/block1/1/step0,"[2, 98, 1536]",torch.bfloat16,sdpa,True,True,0.0,0.0
b2/transformed/repeat/block1/1/step1,"[2, 98, 1536]",torch.bfloat16,sdpa,True,True,0.0,0.0
b2/transformed/repeat/block1/1/step2,"[2, 98, 1536]",torch.bfloat16,sdpa,True,True,0.0,0.0
b2/transformed/repeat/block1/1/step3,"[2, 98, 1536]",torch.bfloat16,sdpa,True,True,0.0,0.0
b2/transformed/repeat/block1/1/step4,"[2, 98, 1536]",torch.bfloat16,sdpa,True,True,0.0,0.0
b2/transformed/repeat/block1/1/step5,"[2, 98, 1536]",torch.bfloat16,sdpa,True,True,0.0,0.0
b2/transformed/repeat/block1/1/step6,"[2, 98, 1536]",torch.bfloat16,sdpa,True,True,0.0,0.0
b2/transformed/repeat/block1/1/step7,"[2, 98, 1536]",torch.bfloat16,sdpa,True,True,0.0,0.0
b2/transformed/repeat/block1/1/step8,"[2, 98, 1536]",torch.bfloat16,sdpa,True,True,0.0,0.0
b2/transformed/repeat/block1/1/step9,"[2, 98, 1536]",torch.bfloat16,sdpa,True,True,0.0,0.0
b2/transformed/repeat/block2/0/step0,"[2, 30, 1536]",torch.bfloat16,sdpa,True,True,0.0,0.0
b2/transformed/repeat/block2/0/step1,"[2, 30, 1536]",torch.bfloat16,sdpa,True,True,0.0,0.0
b2/transformed/repeat/block2/0/step2,"[2, 30, 1536]",torch.bfloat16,sdpa,True,True,0.0,0.0
b2/transformed/repeat/block2/0/step3,"[2, 30, 1536]",torch.bfloat16,sdpa,True,True,0.0,0.0
b2/transformed/repeat/block2/0/step4,"[2, 30, 1536]",torch.bfloat16,sdpa,True,True,0.0,0.0
b2/transformed/repeat/block2/0/step5,"[2, 30, 1536]",torch.bfloat16,sdpa,True,True,0.0,0.0
b2/transformed/repeat/block2/0/step6,"[2, 30, 1536]",torch.bfloat16,sdpa,True,True,0.0,0.0
b2/transformed/repeat/block2/0/step7,"[2, 30, 1536]",torch.bfloat16,sdpa,True,True,0.0,0.0
b2/transformed/repeat/block2/0/step8,"[2, 30, 1536]",torch.bfloat16,sdpa,True,True,0.0,0.0
b2/transformed/repeat/block2/0/step9,"[2, 30, 1536]",torch.bfloat16,sdpa,True,True,0.0,0.0
b2/transformed/repeat/block2/1/step0,"[2, 98, 1536]",torch.bfloat16,sdpa,True,True,0.0,0.0
b2/transformed/repeat/block2/1/step1,"[2, 98, 1536]",torch.bfloat16,sdpa,True,True,0.0,0.0
b2/transformed/repeat/block2/1/step2,"[2, 98, 1536]",torch.bfloat16,sdpa,True,True,0.0,0.0
b2/transformed/repeat/block2/1/step3,"[2, 98, 1536]",torch.bfloat16,sdpa,True,True,0.0,0.0
b2/transformed/repeat/block2/1/step4,"[2, 98, 1536]",torch.bfloat16,sdpa,True,True,0.0,0.0
b2/transformed/repeat/block2/1/step5,"[2, 98, 1536]",torch.bfloat16,sdpa,True,True,0.0,0.0
b2/transformed/repeat/block2/1/step6,"[2, 98, 1536]",torch.bfloat16,sdpa,True,True,0.0,0.0
b2/transformed/repeat/block2/1/step7,"[2, 98, 1536]",torch.bfloat16,sdpa,True,True,0.0,0.0
b2/transformed/repeat/block2/1/step8,"[2, 98, 1536]",torch.bfloat16,sdpa,True,True,0.0,0.0
b2/transformed/repeat/block2/1/step9,"[2, 98, 1536]",torch.bfloat16,sdpa,True,True,0.0,0.0
b2/transformed/repeat/block3/0/step0,"[2, 30, 1536]",torch.bfloat16,sdpa,True,True,0.0,0.0
b2/transformed/repeat/block3/0/step1,"[2, 30, 1536]",torch.bfloat16,sdpa,True,True,0.0,0.0
b2/transformed/repeat/block3/0/step2,"[2, 30, 1536]",torch.bfloat16,sdpa,True,True,0.0,0.0
b2/transformed/repeat/block3/0/step3,"[2, 30, 1536]",torch.bfloat16,sdpa,True,True,0.0,0.0
b2/transformed/repeat/block3/0/step4,"[2, 30, 1536]",torch.bfloat16,sdpa,True,True,0.0,0.0
b2/transformed/repeat/block3/0/step5,"[2, 30, 1536]",torch.bfloat16,sdpa,True,True,0.0,0.0
b2/transformed/repeat/block3/0/step6,"[2, 30, 1536]",torch.bfloat16,sdpa,True,True,0.0,0.0
b2/transformed/repeat/block3/0/step7,"[2, 30, 1536]",torch.bfloat16,sdpa,True,True,0.0,0.0
b2/transformed/repeat/block3/0/step8,"[2, 30, 1536]",torch.bfloat16,sdpa,True,True,0.0,0.0
b2/transformed/repeat/block3/0/step9,"[2, 30, 1536]",torch.bfloat16,sdpa,True,True,0.0,0.0
b2/transformed/repeat/block3/1/step0,"[2, 98, 1536]",torch.bfloat16,sdpa,True,True,0.0,0.0
b2/transformed/repeat/block3/1/step1,"[2, 98, 1536]",torch.bfloat16,sdpa,True,True,0.0,0.0
b2/transformed/repeat/block3/1/step2,"[2, 98, 1536]",torch.bfloat16,sdpa,True,True,0.0,0.0
b2/transformed/repeat/block3/1/step3,"[2, 98, 1536]",torch.bfloat16,sdpa,True,True,0.0,0.0
b2/transformed/repeat/block3/1/step4,"[2, 98, 1536]",torch.bfloat16,sdpa,True,True,0.0,0.0
b2/transformed/repeat/block3/1/step5,"[2, 98, 1536]",torch.bfloat16,sdpa,True,True,0.0,0.0
b2/transformed/repeat/block3/1/step6,"[2, 98, 1536]",torch.bfloat16,sdpa,True,True,0.0,0.0
b2/transformed/repeat/block3/1/step7,"[2, 98, 1536]",torch.bfloat16,sdpa,True,True,0.0,0.0
b2/transformed/repeat/block3/1/step8,"[2, 98, 1536]",torch.bfloat16,sdpa,True,True,0.0,0.0
b2/transformed/repeat/block3/1/step9,"[2, 98, 1536]",torch.bfloat16,sdpa,True,True,0.0,0.0
b2/transformed/repeat/block4/0/step0,"[2, 30, 1536]",torch.bfloat16,sdpa,True,True,0.0,0.0
b2/transformed/repeat/block4/0/step1,"[2, 30, 1536]",torch.bfloat16,sdpa,True,True,0.0,0.0
b2/transformed/repeat/block4/0/step2,"[2, 30, 1536]",torch.bfloat16,sdpa,True,True,0.0,0.0
b2/transformed/repeat/block4/0/step3,"[2, 30, 1536]",torch.bfloat16,sdpa,True,True,0.0,0.0
b2/transformed/repeat/block4/0/step4,"[2, 30, 1536]",torch.bfloat16,sdpa,True,True,0.0,0.0
b2/transformed/repeat/block4/0/step5,"[2, 30, 1536]",torch.bfloat16,sdpa,True,True,0.0,0.0
b2/transformed/repeat/block4/0/step6,"[2, 30, 1536]",torch.bfloat16,sdpa,True,True,0.0,0.0
b2/transformed/repeat/block4/0/step7,"[2, 30, 1536]",torch.bfloat16,sdpa,True,True,0.0,0.0
b2/transformed/repeat/block4/0/step8,"[2, 30, 1536]",torch.bfloat16,sdpa,True,True,0.0,0.0
b2/transformed/repeat/block4/0/step9,"[2, 30, 1536]",torch.bfloat16,sdpa,True,True,0.0,0.0
b2/transformed/repeat/block4/1/step0,"[2, 98, 1536]",torch.bfloat16,sdpa,True,True,0.0,0.0
b2/transformed/repeat/block4/1/step1,"[2, 98, 1536]",torch.bfloat16,sdpa,True,True,0.0,0.0
b2/transformed/repeat/block4/1/step2,"[2, 98, 1536]",torch.bfloat16,sdpa,True,True,0.0,0.0
b2/transformed/repeat/block4/1/step3,"[2, 98, 1536]",torch.bfloat16,sdpa,True,True,0.0,0.0
b2/transformed/repeat/block4/1/step4,"[2, 98, 1536]",torch.bfloat16,sdpa,True,True,0.0,0.0
b2/transformed/repeat/block4/1/step5,"[2, 98, 1536]",torch.bfloat16,sdpa,True,True,0.0,0.0
b2/transformed/repeat/block4/1/step6,"[2, 98, 1536]",torch.bfloat16,sdpa,True,True,0.0,0.0
b2/transformed/repeat/block4/1/step7,"[2, 98, 1536]",torch.bfloat16,sdpa,True,True,0.0,0.0
b2/transformed/repeat/block4/1/step8,"[2, 98, 1536]",torch.bfloat16,sdpa,True,True,0.0,0.0
b2/transformed/repeat/block4/1/step9,"[2, 98, 1536]",torch.bfloat16,sdpa,True,True,0.0,0.0
b2/transformed/repeat/block5/0/step0,"[2, 30, 1536]",torch.bfloat16,sdpa,True,True,0.0,0.0
b2/transformed/repeat/block5/0/step1,"[2, 30, 1536]",torch.bfloat16,sdpa,True,True,0.0,0.0
b2/transformed/repeat/block5/0/step2,"[2, 30, 1536]",torch.bfloat16,sdpa,True,True,0.0,0.0
b2/transformed/repeat/block5/0/step3,"[2, 30, 1536]",torch.bfloat16,sdpa,True,True,0.0,0.0
b2/transformed/repeat/block5/0/step4,"[2, 30, 1536]",torch.bfloat16,sdpa,True,True,0.0,0.0
b2/transformed/repeat/block5/0/step5,"[2, 30, 1536]",torch.bfloat16,sdpa,True,True,0.0,0.0
b2/transformed/repeat/block5/0/step6,"[2, 30, 1536]",torch.bfloat16,sdpa,True,True,0.0,0.0
b2/transformed/repeat/block5/0/step7,"[2, 30, 1536]",torch.bfloat16,sdpa,True,True,0.0,0.0
b2/transformed/repeat/block5/0/step8,"[2, 30, 1536]",torch.bfloat16,sdpa,True,True,0.0,0.0
b2/transformed/repeat/block5/0/step9,"[2, 30, 1536]",torch.bfloat16,sdpa,True,True,0.0,0.0
b2/transformed/repeat/velocity/step0,"[2, 30, 78]",torch.bfloat16,sdpa,True,True,0.0,0.0
b2/transformed/repeat/velocity/step1,"[2, 30, 78]",torch.bfloat16,sdpa,True,True,0.0,0.0
b2/transformed/repeat/velocity/step2,"[2, 30, 78]",torch.bfloat16,sdpa,True,True,0.0,0.0
b2/transformed/repeat/velocity/step3,"[2, 30, 78]",torch.bfloat16,sdpa,True,True,0.0,0.0
b2/transformed/repeat/velocity/step4,"[2, 30, 78]",torch.bfloat16,sdpa,True,True,0.0,0.0
b2/transformed/repeat/velocity/step5,"[2, 30, 78]",torch.bfloat16,sdpa,True,True,0.0,0.0
b2/transformed/repeat/velocity/step6,"[2, 30, 78]",torch.bfloat16,sdpa,True,True,0.0,0.0
b2/transformed/repeat/velocity/step7,"[2, 30, 78]",torch.bfloat16,sdpa,True,True,0.0,0.0
b2/transformed/repeat/velocity/step8,"[2, 30, 78]",torch.bfloat16,sdpa,True,True,0.0,0.0
b2/transformed/repeat/velocity/step9,"[2, 30, 78]",torch.bfloat16,sdpa,True,True,0.0,0.0
b2/transformed/repeat/actions/step0,"[2, 30, 78]",torch.bfloat16,sdpa,True,True,0.0,0.0
b2/transformed/repeat/actions/step1,"[2, 30, 78]",torch.bfloat16,sdpa,True,True,0.0,0.0
b2/transformed/repeat/actions/step2,"[2, 30, 78]",torch.bfloat16,sdpa,True,True,0.0,0.0
b2/transformed/repeat/actions/step3,"[2, 30, 78]",torch.bfloat16,sdpa,True,True,0.0,0.0
b2/transformed/repeat/actions/step4,"[2, 30, 78]",torch.bfloat16,sdpa,True,True,0.0,0.0
b2/transformed/repeat/actions/step5,"[2, 30, 78]",torch.bfloat16,sdpa,True,True,0.0,0.0
b2/transformed/repeat/actions/step6,"[2, 30, 78]",torch.bfloat16,sdpa,True,True,0.0,0.0
b2/transformed/repeat/actions/step7,"[2, 30, 78]",torch.bfloat16,sdpa,True,True,0.0,0.0
b2/transformed/repeat/actions/step8,"[2, 30, 78]",torch.bfloat16,sdpa,True,True,0.0,0.0
b2/transformed/repeat/actions/step9,"[2, 30, 78]",torch.bfloat16,sdpa,True,True,0.0,0.0
b2/transformed/input_ids,"[2, 97]",torch.int64,sdpa,True,True,0.0,0.0
b2/transformed/attention_mask,"[2, 97]",torch.bool,sdpa,True,True,0.0,0.0
b2/transformed/image_grid_thw,"[2, 3]",torch.int64,sdpa,True,True,0.0,0.0
b2/transformed/pixel_values,"[640, 1536]",torch.bfloat16,sdpa,True,True,0.0,0.0
b2/transformed/positions,"[3, 2, 97]",torch.int64,sdpa,True,True,0.0,0.0
b2/transformed/features,"[2, 1, 97, 2048]",torch.bfloat16,sdpa,True,True,0.0,0.0
b2/transformed/final,"[2, 30, 78]",torch.float32,sdpa,True,True,0.0,0.0
b2/transformed/time/0/step0,"[2, 1536]",torch.bfloat16,sdpa,True,True,0.0,0.0
b2/transformed/time/0/step1,"[2, 1536]",torch.bfloat16,sdpa,True,True,0.0,0.0
b2/transformed/time/0/step2,"[2, 1536]",torch.bfloat16,sdpa,True,True,0.0,0.0
b2/transformed/time/0/step3,"[2, 1536]",torch.bfloat16,sdpa,True,True,0.0,0.0
b2/transformed/time/0/step4,"[2, 1536]",torch.bfloat16,sdpa,True,True,0.0,0.0
b2/transformed/time/0/step5,"[2, 1536]",torch.bfloat16,sdpa,True,True,0.0,0.0
b2/transformed/time/0/step6,"[2, 1536]",torch.bfloat16,sdpa,True,True,0.0,0.0
b2/transformed/time/0/step7,"[2, 1536]",torch.bfloat16,sdpa,True,True,0.0,0.0
b2/transformed/time/0/step8,"[2, 1536]",torch.bfloat16,sdpa,True,True,0.0,0.0
b2/transformed/time/0/step9,"[2, 1536]",torch.bfloat16,sdpa,True,True,0.0,0.0
b2/transformed/action-in/0/step0,"[2, 30, 1536]",torch.bfloat16,sdpa,True,True,0.0,0.0
b2/transformed/action-in/0/step1,"[2, 30, 1536]",torch.bfloat16,sdpa,True,True,0.0,0.0
b2/transformed/action-in/0/step2,"[2, 30, 1536]",torch.bfloat16,sdpa,True,True,0.0,0.0
b2/transformed/action-in/0/step3,"[2, 30, 1536]",torch.bfloat16,sdpa,True,True,0.0,0.0
b2/transformed/action-in/0/step4,"[2, 30, 1536]",torch.bfloat16,sdpa,True,True,0.0,0.0
b2/transformed/action-in/0/step5,"[2, 30, 1536]",torch.bfloat16,sdpa,True,True,0.0,0.0
b2/transformed/action-in/0/step6,"[2, 30, 1536]",torch.bfloat16,sdpa,True,True,0.0,0.0
b2/transformed/action-in/0/step7,"[2, 30, 1536]",torch.bfloat16,sdpa,True,True,0.0,0.0
b2/transformed/action-in/0/step8,"[2, 30, 1536]",torch.bfloat16,sdpa,True,True,0.0,0.0
b2/transformed/action-in/0/step9,"[2, 30, 1536]",torch.bfloat16,sdpa,True,True,0.0,0.0
b2/transformed/obs/0/step0,"[2, 98, 1536]",torch.bfloat16,sdpa,True,True,0.0,0.0
b2/transformed/obs/1/step0,"[2, 98]",torch.bool,sdpa,True,True,0.0,0.0
b2/transformed/block0/0/step0,"[2, 30, 1536]",torch.bfloat16,sdpa,True,True,0.0,0.0
b2/transformed/block0/0/step1,"[2, 30, 1536]",torch.bfloat16,sdpa,True,True,0.0,0.0
b2/transformed/block0/0/step2,"[2, 30, 1536]",torch.bfloat16,sdpa,True,True,0.0,0.0
b2/transformed/block0/0/step3,"[2, 30, 1536]",torch.bfloat16,sdpa,True,True,0.0,0.0
b2/transformed/block0/0/step4,"[2, 30, 1536]",torch.bfloat16,sdpa,True,True,0.0,0.0
b2/transformed/block0/0/step5,"[2, 30, 1536]",torch.bfloat16,sdpa,True,True,0.0,0.0
b2/transformed/block0/0/step6,"[2, 30, 1536]",torch.bfloat16,sdpa,True,True,0.0,0.0
b2/transformed/block0/0/step7,"[2, 30, 1536]",torch.bfloat16,sdpa,True,True,0.0,0.0
b2/transformed/block0/0/step8,"[2, 30, 1536]",torch.bfloat16,sdpa,True,True,0.0,0.0
b2/transformed/block0/0/step9,"[2, 30, 1536]",torch.bfloat16,sdpa,True,True,0.0,0.0
b2/transformed/block0/1/step0,"[2, 98, 1536]",torch.bfloat16,sdpa,True,True,0.0,0.0
b2/transformed/block0/1/step1,"[2, 98, 1536]",torch.bfloat16,sdpa,True,True,0.0,0.0
b2/transformed/block0/1/step2,"[2, 98, 1536]",torch.bfloat16,sdpa,True,True,0.0,0.0
b2/transformed/block0/1/step3,"[2, 98, 1536]",torch.bfloat16,sdpa,True,True,0.0,0.0
b2/transformed/block0/1/step4,"[2, 98, 1536]",torch.bfloat16,sdpa,True,True,0.0,0.0
b2/transformed/block0/1/step5,"[2, 98, 1536]",torch.bfloat16,sdpa,True,True,0.0,0.0
b2/transformed/block0/1/step6,"[2, 98, 1536]",torch.bfloat16,sdpa,True,True,0.0,0.0
b2/transformed/block0/1/step7,"[2, 98, 1536]",torch.bfloat16,sdpa,True,True,0.0,0.0
b2/transformed/block0/1/step8,"[2, 98, 1536]",torch.bfloat16,sdpa,True,True,0.0,0.0
b2/transformed/block0/1/step9,"[2, 98, 1536]",torch.bfloat16,sdpa,True,True,0.0,0.0
b2/transformed/block1/0/step0,"[2, 30, 1536]",torch.bfloat16,sdpa,True,True,0.0,0.0
b2/transformed/block1/0/step1,"[2, 30, 1536]",torch.bfloat16,sdpa,True,True,0.0,0.0
b2/transformed/block1/0/step2,"[2, 30, 1536]",torch.bfloat16,sdpa,True,True,0.0,0.0
b2/transformed/block1/0/step3,"[2, 30, 1536]",torch.bfloat16,sdpa,True,True,0.0,0.0
b2/transformed/block1/0/step4,"[2, 30, 1536]",torch.bfloat16,sdpa,True,True,0.0,0.0
b2/transformed/block1/0/step5,"[2, 30, 1536]",torch.bfloat16,sdpa,True,True,0.0,0.0
b2/transformed/block1/0/step6,"[2, 30, 1536]",torch.bfloat16,sdpa,True,True,0.0,0.0
b2/transformed/block1/0/step7,"[2, 30, 1536]",torch.bfloat16,sdpa,True,True,0.0,0.0
b2/transformed/block1/0/step8,"[2, 30, 1536]",torch.bfloat16,sdpa,True,True,0.0,0.0
b2/transformed/block1/0/step9,"[2, 30, 1536]",torch.bfloat16,sdpa,True,True,0.0,0.0
b2/transformed/block1/1/step0,"[2, 98, 1536]",torch.bfloat16,sdpa,True,True,0.0,0.0
b2/transformed/block1/1/step1,"[2, 98, 1536]",torch.bfloat16,sdpa,True,True,0.0,0.0
b2/transformed/block1/1/step2,"[2, 98, 1536]",torch.bfloat16,sdpa,True,True,0.0,0.0
b2/transformed/block1/1/step3,"[2, 98, 1536]",torch.bfloat16,sdpa,True,True,0.0,0.0
b2/transformed/block1/1/step4,"[2, 98, 1536]",torch.bfloat16,sdpa,True,True,0.0,0.0
b2/transformed/block1/1/step5,"[2, 98, 1536]",torch.bfloat16,sdpa,True,True,0.0,0.0
b2/transformed/block1/1/step6,"[2, 98, 1536]",torch.bfloat16,sdpa,True,True,0.0,0.0
b2/transformed/block1/1/step7,"[2, 98, 1536]",torch.bfloat16,sdpa,True,True,0.0,0.0
b2/transformed/block1/1/step8,"[2, 98, 1536]",torch.bfloat16,sdpa,True,True,0.0,0.0
b2/transformed/block1/1/step9,"[2, 98, 1536]",torch.bfloat16,sdpa,True,True,0.0,0.0
b2/transformed/block2/0/step0,"[2, 30, 1536]",torch.bfloat16,sdpa,True,True,0.0,0.0
b2/transformed/block2/0/step1,"[2, 30, 1536]",torch.bfloat16,sdpa,True,True,0.0,0.0
b2/transformed/block2/0/step2,"[2, 30, 1536]",torch.bfloat16,sdpa,True,True,0.0,0.0
b2/transformed/block2/0/step3,"[2, 30, 1536]",torch.bfloat16,sdpa,True,True,0.0,0.0
b2/transformed/block2/0/step4,"[2, 30, 1536]",torch.bfloat16,sdpa,True,True,0.0,0.0
b2/transformed/block2/0/step5,"[2, 30, 1536]",torch.bfloat16,sdpa,True,True,0.0,0.0
b2/transformed/block2/0/step6,"[2, 30, 1536]",torch.bfloat16,sdpa,True,True,0.0,0.0
b2/transformed/block2/0/step7,"[2, 30, 1536]",torch.bfloat16,sdpa,True,True,0.0,0.0
b2/transformed/block2/0/step8,"[2, 30, 1536]",torch.bfloat16,sdpa,True,True,0.0,0.0
b2/transformed/block2/0/step9,"[2, 30, 1536]",torch.bfloat16,sdpa,True,True,0.0,0.0
b2/transformed/block2/1/step0,"[2, 98, 1536]",torch.bfloat16,sdpa,True,True,0.0,0.0
b2/transformed/block2/1/step1,"[2, 98, 1536]",torch.bfloat16,sdpa,True,True,0.0,0.0
b2/transformed/block2/1/step2,"[2, 98, 1536]",torch.bfloat16,sdpa,True,True,0.0,0.0
b2/transformed/block2/1/step3,"[2, 98, 1536]",torch.bfloat16,sdpa,True,True,0.0,0.0
b2/transformed/block2/1/step4,"[2, 98, 1536]",torch.bfloat16,sdpa,True,True,0.0,0.0
b2/transformed/block2/1/step5,"[2, 98, 1536]",torch.bfloat16,sdpa,True,True,0.0,0.0
b2/transformed/block2/1/step6,"[2, 98, 1536]",torch.bfloat16,sdpa,True,True,0.0,0.0
b2/transformed/block2/1/step7,"[2, 98, 1536]",torch.bfloat16,sdpa,True,True,0.0,0.0
b2/transformed/block2/1/step8,"[2, 98, 1536]",torch.bfloat16,sdpa,True,True,0.0,0.0
b2/transformed/block2/1/step9,"[2, 98, 1536]",torch.bfloat16,sdpa,True,True,0.0,0.0
b2/transformed/block3/0/step0,"[2, 30, 1536]",torch.bfloat16,sdpa,True,True,0.0,0.0
b2/transformed/block3/0/step1,"[2, 30, 1536]",torch.bfloat16,sdpa,True,True,0.0,0.0
b2/transformed/block3/0/step2,"[2, 30, 1536]",torch.bfloat16,sdpa,True,True,0.0,0.0
b2/transformed/block3/0/step3,"[2, 30, 1536]",torch.bfloat16,sdpa,True,True,0.0,0.0
b2/transformed/block3/0/step4,"[2, 30, 1536]",torch.bfloat16,sdpa,True,True,0.0,0.0
b2/transformed/block3/0/step5,"[2, 30, 1536]",torch.bfloat16,sdpa,True,True,0.0,0.0
b2/transformed/block3/0/step6,"[2, 30, 1536]",torch.bfloat16,sdpa,True,True,0.0,0.0
b2/transformed/block3/0/step7,"[2, 30, 1536]",torch.bfloat16,sdpa,True,True,0.0,0.0
b2/transformed/block3/0/step8,"[2, 30, 1536]",torch.bfloat16,sdpa,True,True,0.0,0.0
b2/transformed/block3/0/step9,"[2, 30, 1536]",torch.bfloat16,sdpa,True,True,0.0,0.0
b2/transformed/block3/1/step0,"[2, 98, 1536]",torch.bfloat16,sdpa,True,True,0.0,0.0
b2/transformed/block3/1/step1,"[2, 98, 1536]",torch.bfloat16,sdpa,True,True,0.0,0.0
b2/transformed/block3/1/step2,"[2, 98, 1536]",torch.bfloat16,sdpa,True,True,0.0,0.0
b2/transformed/block3/1/step3,"[2, 98, 1536]",torch.bfloat16,sdpa,True,True,0.0,0.0
b2/transformed/block3/1/step4,"[2, 98, 1536]",torch.bfloat16,sdpa,True,True,0.0,0.0
b2/transformed/block3/1/step5,"[2, 98, 1536]",torch.bfloat16,sdpa,True,True,0.0,0.0
b2/transformed/block3/1/step6,"[2, 98, 1536]",torch.bfloat16,sdpa,True,True,0.0,0.0
b2/transformed/block3/1/step7,"[2, 98, 1536]",torch.bfloat16,sdpa,True,True,0.0,0.0
b2/transformed/block3/1/step8,"[2, 98, 1536]",torch.bfloat16,sdpa,True,True,0.0,0.0
b2/transformed/block3/1/step9,"[2, 98, 1536]",torch.bfloat16,sdpa,True,True,0.0,0.0
b2/transformed/block4/0/step0,"[2, 30, 1536]",torch.bfloat16,sdpa,True,True,0.0,0.0
b2/transformed/block4/0/step1,"[2, 30, 1536]",torch.bfloat16,sdpa,True,True,0.0,0.0
b2/transformed/block4/0/step2,"[2, 30, 1536]",torch.bfloat16,sdpa,True,True,0.0,0.0
b2/transformed/block4/0/step3,"[2, 30, 1536]",torch.bfloat16,sdpa,True,True,0.0,0.0
b2/transformed/block4/0/step4,"[2, 30, 1536]",torch.bfloat16,sdpa,True,True,0.0,0.0
b2/transformed/block4/0/step5,"[2, 30, 1536]",torch.bfloat16,sdpa,True,True,0.0,0.0
b2/transformed/block4/0/step6,"[2, 30, 1536]",torch.bfloat16,sdpa,True,True,0.0,0.0
b2/transformed/block4/0/step7,"[2, 30, 1536]",torch.bfloat16,sdpa,True,True,0.0,0.0
b2/transformed/block4/0/step8,"[2, 30, 1536]",torch.bfloat16,sdpa,True,True,0.0,0.0
b2/transformed/block4/0/step9,"[2, 30, 1536]",torch.bfloat16,sdpa,True,True,0.0,0.0
b2/transformed/block4/1/step0,"[2, 98, 1536]",torch.bfloat16,sdpa,True,True,0.0,0.0
b2/transformed/block4/1/step1,"[2, 98, 1536]",torch.bfloat16,sdpa,True,True,0.0,0.0
b2/transformed/block4/1/step2,"[2, 98, 1536]",torch.bfloat16,sdpa,True,True,0.0,0.0
b2/transformed/block4/1/step3,"[2, 98, 1536]",torch.bfloat16,sdpa,True,True,0.0,0.0
b2/transformed/block4/1/step4,"[2, 98, 1536]",torch.bfloat16,sdpa,True,True,0.0,0.0
b2/transformed/block4/1/step5,"[2, 98, 1536]",torch.bfloat16,sdpa,True,True,0.0,0.0
b2/transformed/block4/1/step6,"[2, 98, 1536]",torch.bfloat16,sdpa,True,True,0.0,0.0
b2/transformed/block4/1/step7,"[2, 98, 1536]",torch.bfloat16,sdpa,True,True,0.0,0.0
b2/transformed/block4/1/step8,"[2, 98, 1536]",torch.bfloat16,sdpa,True,True,0.0,0.0
b2/transformed/block4/1/step9,"[2, 98, 1536]",torch.bfloat16,sdpa,True,True,0.0,0.0
b2/transformed/block5/0/step0,"[2, 30, 1536]",torch.bfloat16,sdpa,True,True,0.0,0.0
b2/transformed/block5/0/step1,"[2, 30, 1536]",torch.bfloat16,sdpa,True,True,0.0,0.0
b2/transformed/block5/0/step2,"[2, 30, 1536]",torch.bfloat16,sdpa,True,True,0.0,0.0
b2/transformed/block5/0/step3,"[2, 30, 1536]",torch.bfloat16,sdpa,True,True,0.0,0.0
b2/transformed/block5/0/step4,"[2, 30, 1536]",torch.bfloat16,sdpa,True,True,0.0,0.0
b2/transformed/block5/0/step5,"[2, 30, 1536]",torch.bfloat16,sdpa,True,True,0.0,0.0
b2/transformed/block5/0/step6,"[2, 30, 1536]",torch.bfloat16,sdpa,True,True,0.0,0.0
b2/transformed/block5/0/step7,"[2, 30, 1536]",torch.bfloat16,sdpa,True,True,0.0,0.0
b2/transformed/block5/0/step8,"[2, 30, 1536]",torch.bfloat16,sdpa,True,True,0.0,0.0
b2/transformed/block5/0/step9,"[2, 30, 1536]",torch.bfloat16,sdpa,True,True,0.0,0.0
b2/transformed/velocity/step0,"[2, 30, 78]",torch.bfloat16,sdpa,True,True,0.0,0.0
b2/transformed/velocity/step1,"[2, 30, 78]",torch.bfloat16,sdpa,True,True,0.0,0.0
b2/transformed/velocity/step2,"[2, 30, 78]",torch.bfloat16,sdpa,True,True,0.0,0.0
b2/transformed/velocity/step3,"[2, 30, 78]",torch.bfloat16,sdpa,True,True,0.0,0.0
b2/transformed/velocity/step4,"[2, 30, 78]",torch.bfloat16,sdpa,True,True,0.0,0.0
b2/transformed/velocity/step5,"[2, 30, 78]",torch.bfloat16,sdpa,True,True,0.0,0.0
b2/transformed/velocity/step6,"[2, 30, 78]",torch.bfloat16,sdpa,True,True,0.0,0.0
b2/transformed/velocity/step7,"[2, 30, 78]",torch.bfloat16,sdpa,True,True,0.0,0.0
b2/transformed/velocity/step8,"[2, 30, 78]",torch.bfloat16,sdpa,True,True,0.0,0.0
b2/transformed/velocity/step9,"[2, 30, 78]",torch.bfloat16,sdpa,True,True,0.0,0.0
b2/transformed/actions/step0,"[2, 30, 78]",torch.bfloat16,sdpa,True,True,0.0,0.0
b2/transformed/actions/step1,"[2, 30, 78]",torch.bfloat16,sdpa,True,True,0.0,0.0
b2/transformed/actions/step2,"[2, 30, 78]",torch.bfloat16,sdpa,True,True,0.0,0.0
b2/transformed/actions/step3,"[2, 30, 78]",torch.bfloat16,sdpa,True,True,0.0,0.0
b2/transformed/actions/step4,"[2, 30, 78]",torch.bfloat16,sdpa,True,True,0.0,0.0
b2/transformed/actions/step5,"[2, 30, 78]",torch.bfloat16,sdpa,True,True,0.0,0.0
b2/transformed/actions/step6,"[2, 30, 78]",torch.bfloat16,sdpa,True,True,0.0,0.0
b2/transformed/actions/step7,"[2, 30, 78]",torch.bfloat16,sdpa,True,True,0.0,0.0
b2/transformed/actions/step8,"[2, 30, 78]",torch.bfloat16,sdpa,True,True,0.0,0.0
b2/transformed/actions/step9,"[2, 30, 78]",torch.bfloat16,sdpa,True,True,0.0,0.0
b2/transformed/identical-inputs/input_ids,"[2, 97]",torch.int64,sdpa,True,True,0.0,0.0
b2/transformed/identical-inputs/attention_mask,"[2, 97]",torch.bool,sdpa,True,True,0.0,0.0
b2/transformed/identical-inputs/image_grid_thw,"[2, 3]",torch.int64,sdpa,True,True,0.0,0.0
b2/transformed/identical-inputs/pixel_values,"[640, 1536]",torch.bfloat16,sdpa,True,True,0.0,0.0
b2/transformed/identical-inputs/positions,"[3, 2, 97]",torch.int64,sdpa,True,True,0.0,0.0
b2/transformed/identical-inputs/features,"[2, 1, 97, 2048]",torch.bfloat16,sdpa,True,True,0.0,0.0
b2/transformed/identical-inputs/final,"[2, 30, 78]",torch.float32,sdpa,True,True,0.0,0.0
b2/transformed/identical-inputs/time/0/step0,"[2, 1536]",torch.bfloat16,sdpa,True,True,0.0,0.0
b2/transformed/identical-inputs/time/0/step1,"[2, 1536]",torch.bfloat16,sdpa,True,True,0.0,0.0
b2/transformed/identical-inputs/time/0/step2,"[2, 1536]",torch.bfloat16,sdpa,True,True,0.0,0.0
b2/transformed/identical-inputs/time/0/step3,"[2, 1536]",torch.bfloat16,sdpa,True,True,0.0,0.0
b2/transformed/identical-inputs/time/0/step4,"[2, 1536]",torch.bfloat16,sdpa,True,True,0.0,0.0
b2/transformed/identical-inputs/time/0/step5,"[2, 1536]",torch.bfloat16,sdpa,True,True,0.0,0.0
b2/transformed/identical-inputs/time/0/step6,"[2, 1536]",torch.bfloat16,sdpa,True,True,0.0,0.0
b2/transformed/identical-inputs/time/0/step7,"[2, 1536]",torch.bfloat16,sdpa,True,True,0.0,0.0
b2/transformed/identical-inputs/time/0/step8,"[2, 1536]",torch.bfloat16,sdpa,True,True,0.0,0.0
b2/transformed/identical-inputs/time/0/step9,"[2, 1536]",torch.bfloat16,sdpa,True,True,0.0,0.0
b2/transformed/identical-inputs/action-in/0/step0,"[2, 30, 1536]",torch.bfloat16,sdpa,True,True,0.0,0.0
b2/transformed/identical-inputs/action-in/0/step1,"[2, 30, 1536]",torch.bfloat16,sdpa,True,True,0.0,0.0
b2/transformed/identical-inputs/action-in/0/step2,"[2, 30, 1536]",torch.bfloat16,sdpa,True,True,0.0,0.0
b2/transformed/identical-inputs/action-in/0/step3,"[2, 30, 1536]",torch.bfloat16,sdpa,True,True,0.0,0.0
b2/transformed/identical-inputs/action-in/0/step4,"[2, 30, 1536]",torch.bfloat16,sdpa,True,True,0.0,0.0
b2/transformed/identical-inputs/action-in/0/step5,"[2, 30, 1536]",torch.bfloat16,sdpa,True,True,0.0,0.0
b2/transformed/identical-inputs/action-in/0/step6,"[2, 30, 1536]",torch.bfloat16,sdpa,True,True,0.0,0.0
b2/transformed/identical-inputs/action-in/0/step7,"[2, 30, 1536]",torch.bfloat16,sdpa,True,True,0.0,0.0
b2/transformed/identical-inputs/action-in/0/step8,"[2, 30, 1536]",torch.bfloat16,sdpa,True,True,0.0,0.0
b2/transformed/identical-inputs/action-in/0/step9,"[2, 30, 1536]",torch.bfloat16,sdpa,True,True,0.0,0.0
b2/transformed/identical-inputs/obs/0/step0,"[2, 98, 1536]",torch.bfloat16,sdpa,True,True,0.0,0.0
b2/transformed/identical-inputs/obs/1/step0,"[2, 98]",torch.bool,sdpa,True,True,0.0,0.0
b2/transformed/identical-inputs/block0/0/step0,"[2, 30, 1536]",torch.bfloat16,sdpa,True,True,0.0,0.0
b2/transformed/identical-inputs/block0/0/step1,"[2, 30, 1536]",torch.bfloat16,sdpa,True,True,0.0,0.0
b2/transformed/identical-inputs/block0/0/step2,"[2, 30, 1536]",torch.bfloat16,sdpa,True,True,0.0,0.0
b2/transformed/identical-inputs/block0/0/step3,"[2, 30, 1536]",torch.bfloat16,sdpa,True,True,0.0,0.0
b2/transformed/identical-inputs/block0/0/step4,"[2, 30, 1536]",torch.bfloat16,sdpa,True,True,0.0,0.0
b2/transformed/identical-inputs/block0/0/step5,"[2, 30, 1536]",torch.bfloat16,sdpa,True,True,0.0,0.0
b2/transformed/identical-inputs/block0/0/step6,"[2, 30, 1536]",torch.bfloat16,sdpa,True,True,0.0,0.0
b2/transformed/identical-inputs/block0/0/step7,"[2, 30, 1536]",torch.bfloat16,sdpa,True,True,0.0,0.0
b2/transformed/identical-inputs/block0/0/step8,"[2, 30, 1536]",torch.bfloat16,sdpa,True,True,0.0,0.0
b2/transformed/identical-inputs/block0/0/step9,"[2, 30, 1536]",torch.bfloat16,sdpa,True,True,0.0,0.0
b2/transformed/identical-inputs/block0/1/step0,"[2, 98, 1536]",torch.bfloat16,sdpa,True,True,0.0,0.0
b2/transformed/identical-inputs/block0/1/step1,"[2, 98, 1536]",torch.bfloat16,sdpa,True,True,0.0,0.0
b2/transformed/identical-inputs/block0/1/step2,"[2, 98, 1536]",torch.bfloat16,sdpa,True,True,0.0,0.0
b2/transformed/identical-inputs/block0/1/step3,"[2, 98, 1536]",torch.bfloat16,sdpa,True,True,0.0,0.0
b2/transformed/identical-inputs/block0/1/step4,"[2, 98, 1536]",torch.bfloat16,sdpa,True,True,0.0,0.0
b2/transformed/identical-inputs/block0/1/step5,"[2, 98, 1536]",torch.bfloat16,sdpa,True,True,0.0,0.0
b2/transformed/identical-inputs/block0/1/step6,"[2, 98, 1536]",torch.bfloat16,sdpa,True,True,0.0,0.0
b2/transformed/identical-inputs/block0/1/step7,"[2, 98, 1536]",torch.bfloat16,sdpa,True,True,0.0,0.0
b2/transformed/identical-inputs/block0/1/step8,"[2, 98, 1536]",torch.bfloat16,sdpa,True,True,0.0,0.0
b2/transformed/identical-inputs/block0/1/step9,"[2, 98, 1536]",torch.bfloat16,sdpa,True,True,0.0,0.0
b2/transformed/identical-inputs/block1/0/step0,"[2, 30, 1536]",torch.bfloat16,sdpa,True,True,0.0,0.0
b2/transformed/identical-inputs/block1/0/step1,"[2, 30, 1536]",torch.bfloat16,sdpa,True,True,0.0,0.0
b2/transformed/identical-inputs/block1/0/step2,"[2, 30, 1536]",torch.bfloat16,sdpa,True,True,0.0,0.0
b2/transformed/identical-inputs/block1/0/step3,"[2, 30, 1536]",torch.bfloat16,sdpa,True,True,0.0,0.0
b2/transformed/identical-inputs/block1/0/step4,"[2, 30, 1536]",torch.bfloat16,sdpa,True,True,0.0,0.0
b2/transformed/identical-inputs/block1/0/step5,"[2, 30, 1536]",torch.bfloat16,sdpa,True,True,0.0,0.0
b2/transformed/identical-inputs/block1/0/step6,"[2, 30, 1536]",torch.bfloat16,sdpa,True,True,0.0,0.0
b2/transformed/identical-inputs/block1/0/step7,"[2, 30, 1536]",torch.bfloat16,sdpa,True,True,0.0,0.0
b2/transformed/identical-inputs/block1/0/step8,"[2, 30, 1536]",torch.bfloat16,sdpa,True,True,0.0,0.0
b2/transformed/identical-inputs/block1/0/step9,"[2, 30, 1536]",torch.bfloat16,sdpa,True,True,0.0,0.0
b2/transformed/identical-inputs/block1/1/step0,"[2, 98, 1536]",torch.bfloat16,sdpa,True,True,0.0,0.0
b2/transformed/identical-inputs/block1/1/step1,"[2, 98, 1536]",torch.bfloat16,sdpa,True,True,0.0,0.0
b2/transformed/identical-inputs/block1/1/step2,"[2, 98, 1536]",torch.bfloat16,sdpa,True,True,0.0,0.0
b2/transformed/identical-inputs/block1/1/step3,"[2, 98, 1536]",torch.bfloat16,sdpa,True,True,0.0,0.0
b2/transformed/identical-inputs/block1/1/step4,"[2, 98, 1536]",torch.bfloat16,sdpa,True,True,0.0,0.0
b2/transformed/identical-inputs/block1/1/step5,"[2, 98, 1536]",torch.bfloat16,sdpa,True,True,0.0,0.0
b2/transformed/identical-inputs/block1/1/step6,"[2, 98, 1536]",torch.bfloat16,sdpa,True,True,0.0,0.0
b2/transformed/identical-inputs/block1/1/step7,"[2, 98, 1536]",torch.bfloat16,sdpa,True,True,0.0,0.0
b2/transformed/identical-inputs/block1/1/step8,"[2, 98, 1536]",torch.bfloat16,sdpa,True,True,0.0,0.0
b2/transformed/identical-inputs/block1/1/step9,"[2, 98, 1536]",torch.bfloat16,sdpa,True,True,0.0,0.0
b2/transformed/identical-inputs/block2/0/step0,"[2, 30, 1536]",torch.bfloat16,sdpa,True,True,0.0,0.0
b2/transformed/identical-inputs/block2/0/step1,"[2, 30, 1536]",torch.bfloat16,sdpa,True,True,0.0,0.0
b2/transformed/identical-inputs/block2/0/step2,"[2, 30, 1536]",torch.bfloat16,sdpa,True,True,0.0,0.0
b2/transformed/identical-inputs/block2/0/step3,"[2, 30, 1536]",torch.bfloat16,sdpa,True,True,0.0,0.0
b2/transformed/identical-inputs/block2/0/step4,"[2, 30, 1536]",torch.bfloat16,sdpa,True,True,0.0,0.0
b2/transformed/identical-inputs/block2/0/step5,"[2, 30, 1536]",torch.bfloat16,sdpa,True,True,0.0,0.0
b2/transformed/identical-inputs/block2/0/step6,"[2, 30, 1536]",torch.bfloat16,sdpa,True,True,0.0,0.0
b2/transformed/identical-inputs/block2/0/step7,"[2, 30, 1536]",torch.bfloat16,sdpa,True,True,0.0,0.0
b2/transformed/identical-inputs/block2/0/step8,"[2, 30, 1536]",torch.bfloat16,sdpa,True,True,0.0,0.0
b2/transformed/identical-inputs/block2/0/step9,"[2, 30, 1536]",torch.bfloat16,sdpa,True,True,0.0,0.0
b2/transformed/identical-inputs/block2/1/step0,"[2, 98, 1536]",torch.bfloat16,sdpa,True,True,0.0,0.0
b2/transformed/identical-inputs/block2/1/step1,"[2, 98, 1536]",torch.bfloat16,sdpa,True,True,0.0,0.0
b2/transformed/identical-inputs/block2/1/step2,"[2, 98, 1536]",torch.bfloat16,sdpa,True,True,0.0,0.0
b2/transformed/identical-inputs/block2/1/step3,"[2, 98, 1536]",torch.bfloat16,sdpa,True,True,0.0,0.0
b2/transformed/identical-inputs/block2/1/step4,"[2, 98, 1536]",torch.bfloat16,sdpa,True,True,0.0,0.0
b2/transformed/identical-inputs/block2/1/step5,"[2, 98, 1536]",torch.bfloat16,sdpa,True,True,0.0,0.0
b2/transformed/identical-inputs/block2/1/step6,"[2, 98, 1536]",torch.bfloat16,sdpa,True,True,0.0,0.0
b2/transformed/identical-inputs/block2/1/step7,"[2, 98, 1536]",torch.bfloat16,sdpa,True,True,0.0,0.0
b2/transformed/identical-inputs/block2/1/step8,"[2, 98, 1536]",torch.bfloat16,sdpa,True,True,0.0,0.0
b2/transformed/identical-inputs/block2/1/step9,"[2, 98, 1536]",torch.bfloat16,sdpa,True,True,0.0,0.0
b2/transformed/identical-inputs/block3/0/step0,"[2, 30, 1536]",torch.bfloat16,sdpa,True,True,0.0,0.0
b2/transformed/identical-inputs/block3/0/step1,"[2, 30, 1536]",torch.bfloat16,sdpa,True,True,0.0,0.0
b2/transformed/identical-inputs/block3/0/step2,"[2, 30, 1536]",torch.bfloat16,sdpa,True,True,0.0,0.0
b2/transformed/identical-inputs/block3/0/step3,"[2, 30, 1536]",torch.bfloat16,sdpa,True,True,0.0,0.0
b2/transformed/identical-inputs/block3/0/step4,"[2, 30, 1536]",torch.bfloat16,sdpa,True,True,0.0,0.0
b2/transformed/identical-inputs/block3/0/step5,"[2, 30, 1536]",torch.bfloat16,sdpa,True,True,0.0,0.0
b2/transformed/identical-inputs/block3/0/step6,"[2, 30, 1536]",torch.bfloat16,sdpa,True,True,0.0,0.0
b2/transformed/identical-inputs/block3/0/step7,"[2, 30, 1536]",torch.bfloat16,sdpa,True,True,0.0,0.0
b2/transformed/identical-inputs/block3/0/step8,"[2, 30, 1536]",torch.bfloat16,sdpa,True,True,0.0,0.0
b2/transformed/identical-inputs/block3/0/step9,"[2, 30, 1536]",torch.bfloat16,sdpa,True,True,0.0,0.0
b2/transformed/identical-inputs/block3/1/step0,"[2, 98, 1536]",torch.bfloat16,sdpa,True,True,0.0,0.0
b2/transformed/identical-inputs/block3/1/step1,"[2, 98, 1536]",torch.bfloat16,sdpa,True,True,0.0,0.0
b2/transformed/identical-inputs/block3/1/step2,"[2, 98, 1536]",torch.bfloat16,sdpa,True,True,0.0,0.0
b2/transformed/identical-inputs/block3/1/step3,"[2, 98, 1536]",torch.bfloat16,sdpa,True,True,0.0,0.0
b2/transformed/identical-inputs/block3/1/step4,"[2, 98, 1536]",torch.bfloat16,sdpa,True,True,0.0,0.0
b2/transformed/identical-inputs/block3/1/step5,"[2, 98, 1536]",torch.bfloat16,sdpa,True,True,0.0,0.0
b2/transformed/identical-inputs/block3/1/step6,"[2, 98, 1536]",torch.bfloat16,sdpa,True,True,0.0,0.0
b2/transformed/identical-inputs/block3/1/step7,"[2, 98, 1536]",torch.bfloat16,sdpa,True,True,0.0,0.0
b2/transformed/identical-inputs/block3/1/step8,"[2, 98, 1536]",torch.bfloat16,sdpa,True,True,0.0,0.0
b2/transformed/identical-inputs/block3/1/step9,"[2, 98, 1536]",torch.bfloat16,sdpa,True,True,0.0,0.0
b2/transformed/identical-inputs/block4/0/step0,"[2, 30, 1536]",torch.bfloat16,sdpa,True,True,0.0,0.0
b2/transformed/identical-inputs/block4/0/step1,"[2, 30, 1536]",torch.bfloat16,sdpa,True,True,0.0,0.0
b2/transformed/identical-inputs/block4/0/step2,"[2, 30, 1536]",torch.bfloat16,sdpa,True,True,0.0,0.0
b2/transformed/identical-inputs/block4/0/step3,"[2, 30, 1536]",torch.bfloat16,sdpa,True,True,0.0,0.0
b2/transformed/identical-inputs/block4/0/step4,"[2, 30, 1536]",torch.bfloat16,sdpa,True,True,0.0,0.0
b2/transformed/identical-inputs/block4/0/step5,"[2, 30, 1536]",torch.bfloat16,sdpa,True,True,0.0,0.0
b2/transformed/identical-inputs/block4/0/step6,"[2, 30, 1536]",torch.bfloat16,sdpa,True,True,0.0,0.0
b2/transformed/identical-inputs/block4/0/step7,"[2, 30, 1536]",torch.bfloat16,sdpa,True,True,0.0,0.0
b2/transformed/identical-inputs/block4/0/step8,"[2, 30, 1536]",torch.bfloat16,sdpa,True,True,0.0,0.0
b2/transformed/identical-inputs/block4/0/step9,"[2, 30, 1536]",torch.bfloat16,sdpa,True,True,0.0,0.0
b2/transformed/identical-inputs/block4/1/step0,"[2, 98, 1536]",torch.bfloat16,sdpa,True,True,0.0,0.0
b2/transformed/identical-inputs/block4/1/step1,"[2, 98, 1536]",torch.bfloat16,sdpa,True,True,0.0,0.0
b2/transformed/identical-inputs/block4/1/step2,"[2, 98, 1536]",torch.bfloat16,sdpa,True,True,0.0,0.0
b2/transformed/identical-inputs/block4/1/step3,"[2, 98, 1536]",torch.bfloat16,sdpa,True,True,0.0,0.0
b2/transformed/identical-inputs/block4/1/step4,"[2, 98, 1536]",torch.bfloat16,sdpa,True,True,0.0,0.0
b2/transformed/identical-inputs/block4/1/step5,"[2, 98, 1536]",torch.bfloat16,sdpa,True,True,0.0,0.0
b2/transformed/identical-inputs/block4/1/step6,"[2, 98, 1536]",torch.bfloat16,sdpa,True,True,0.0,0.0
b2/transformed/identical-inputs/block4/1/step7,"[2, 98, 1536]",torch.bfloat16,sdpa,True,True,0.0,0.0
b2/transformed/identical-inputs/block4/1/step8,"[2, 98, 1536]",torch.bfloat16,sdpa,True,True,0.0,0.0
b2/transformed/identical-inputs/block4/1/step9,"[2, 98, 1536]",torch.bfloat16,sdpa,True,True,0.0,0.0
b2/transformed/identical-inputs/block5/0/step0,"[2, 30, 1536]",torch.bfloat16,sdpa,True,True,0.0,0.0
b2/transformed/identical-inputs/block5/0/step1,"[2, 30, 1536]",torch.bfloat16,sdpa,True,True,0.0,0.0
b2/transformed/identical-inputs/block5/0/step2,"[2, 30, 1536]",torch.bfloat16,sdpa,True,True,0.0,0.0
b2/transformed/identical-inputs/block5/0/step3,"[2, 30, 1536]",torch.bfloat16,sdpa,True,True,0.0,0.0
b2/transformed/identical-inputs/block5/0/step4,"[2, 30, 1536]",torch.bfloat16,sdpa,True,True,0.0,0.0
b2/transformed/identical-inputs/block5/0/step5,"[2, 30, 1536]",torch.bfloat16,sdpa,True,True,0.0,0.0
b2/transformed/identical-inputs/block5/0/step6,"[2, 30, 1536]",torch.bfloat16,sdpa,True,True,0.0,0.0
b2/transformed/identical-inputs/block5/0/step7,"[2, 30, 1536]",torch.bfloat16,sdpa,True,True,0.0,0.0
b2/transformed/identical-inputs/block5/0/step8,"[2, 30, 1536]",torch.bfloat16,sdpa,True,True,0.0,0.0
b2/transformed/identical-inputs/block5/0/step9,"[2, 30, 1536]",torch.bfloat16,sdpa,True,True,0.0,0.0
b2/transformed/identical-inputs/velocity/step0,"[2, 30, 78]",torch.bfloat16,sdpa,True,True,0.0,0.0
b2/transformed/identical-inputs/velocity/step1,"[2, 30, 78]",torch.bfloat16,sdpa,True,True,0.0,0.0
b2/transformed/identical-inputs/velocity/step2,"[2, 30, 78]",torch.bfloat16,sdpa,True,True,0.0,0.0
b2/transformed/identical-inputs/velocity/step3,"[2, 30, 78]",torch.bfloat16,sdpa,True,True,0.0,0.0
b2/transformed/identical-inputs/velocity/step4,"[2, 30, 78]",torch.bfloat16,sdpa,True,True,0.0,0.0
b2/transformed/identical-inputs/velocity/step5,"[2, 30, 78]",torch.bfloat16,sdpa,True,True,0.0,0.0
b2/transformed/identical-inputs/velocity/step6,"[2, 30, 78]",torch.bfloat16,sdpa,True,True,0.0,0.0
b2/transformed/identical-inputs/velocity/step7,"[2, 30, 78]",torch.bfloat16,sdpa,True,True,0.0,0.0
b2/transformed/identical-inputs/velocity/step8,"[2, 30, 78]",torch.bfloat16,sdpa,True,True,0.0,0.0
b2/transformed/identical-inputs/velocity/step9,"[2, 30, 78]",torch.bfloat16,sdpa,True,True,0.0,0.0
b2/transformed/identical-inputs/actions/step0,"[2, 30, 78]",torch.bfloat16,sdpa,True,True,0.0,0.0
b2/transformed/identical-inputs/actions/step1,"[2, 30, 78]",torch.bfloat16,sdpa,True,True,0.0,0.0
b2/transformed/identical-inputs/actions/step2,"[2, 30, 78]",torch.bfloat16,sdpa,True,True,0.0,0.0
b2/transformed/identical-inputs/actions/step3,"[2, 30, 78]",torch.bfloat16,sdpa,True,True,0.0,0.0
b2/transformed/identical-inputs/actions/step4,"[2, 30, 78]",torch.bfloat16,sdpa,True,True,0.0,0.0
b2/transformed/identical-inputs/actions/step5,"[2, 30, 78]",torch.bfloat16,sdpa,True,True,0.0,0.0
b2/transformed/identical-inputs/actions/step6,"[2, 30, 78]",torch.bfloat16,sdpa,True,True,0.0,0.0
b2/transformed/identical-inputs/actions/step7,"[2, 30, 78]",torch.bfloat16,sdpa,True,True,0.0,0.0
b2/transformed/identical-inputs/actions/step8,"[2, 30, 78]",torch.bfloat16,sdpa,True,True,0.0,0.0
b2/transformed/identical-inputs/actions/step9,"[2, 30, 78]",torch.bfloat16,sdpa,True,True,0.0,0.0
b2/transformed/denormalized,"[2, 30, 78]",torch.float32,sdpa,True,True,0.0,0.0
b2/pixels-changed/repeat/input_ids,"[2, 97]",torch.int64,sdpa,True,True,0.0,0.0
b2/pixels-changed/repeat/attention_mask,"[2, 97]",torch.bool,sdpa,True,True,0.0,0.0
b2/pixels-changed/repeat/image_grid_thw,"[2, 3]",torch.int64,sdpa,True,True,0.0,0.0
b2/pixels-changed/repeat/pixel_values,"[640, 1536]",torch.bfloat16,sdpa,True,True,0.0,0.0
b2/pixels-changed/repeat/positions,"[3, 2, 97]",torch.int64,sdpa,True,True,0.0,0.0
b2/pixels-changed/repeat/features,"[2, 1, 97, 2048]",torch.bfloat16,sdpa,True,True,0.0,0.0
b2/pixels-changed/repeat/final,"[2, 30, 78]",torch.float32,sdpa,True,True,0.0,0.0
b2/pixels-changed/repeat/time/0/step0,"[2, 1536]",torch.bfloat16,sdpa,True,True,0.0,0.0
b2/pixels-changed/repeat/time/0/step1,"[2, 1536]",torch.bfloat16,sdpa,True,True,0.0,0.0
b2/pixels-changed/repeat/time/0/step2,"[2, 1536]",torch.bfloat16,sdpa,True,True,0.0,0.0
b2/pixels-changed/repeat/time/0/step3,"[2, 1536]",torch.bfloat16,sdpa,True,True,0.0,0.0
b2/pixels-changed/repeat/time/0/step4,"[2, 1536]",torch.bfloat16,sdpa,True,True,0.0,0.0
b2/pixels-changed/repeat/time/0/step5,"[2, 1536]",torch.bfloat16,sdpa,True,True,0.0,0.0
b2/pixels-changed/repeat/time/0/step6,"[2, 1536]",torch.bfloat16,sdpa,True,True,0.0,0.0
b2/pixels-changed/repeat/time/0/step7,"[2, 1536]",torch.bfloat16,sdpa,True,True,0.0,0.0
b2/pixels-changed/repeat/time/0/step8,"[2, 1536]",torch.bfloat16,sdpa,True,True,0.0,0.0
b2/pixels-changed/repeat/time/0/step9,"[2, 1536]",torch.bfloat16,sdpa,True,True,0.0,0.0
b2/pixels-changed/repeat/action-in/0/step0,"[2, 30, 1536]",torch.bfloat16,sdpa,True,True,0.0,0.0
b2/pixels-changed/repeat/action-in/0/step1,"[2, 30, 1536]",torch.bfloat16,sdpa,True,True,0.0,0.0
b2/pixels-changed/repeat/action-in/0/step2,"[2, 30, 1536]",torch.bfloat16,sdpa,True,True,0.0,0.0
b2/pixels-changed/repeat/action-in/0/step3,"[2, 30, 1536]",torch.bfloat16,sdpa,True,True,0.0,0.0
b2/pixels-changed/repeat/action-in/0/step4,"[2, 30, 1536]",torch.bfloat16,sdpa,True,True,0.0,0.0
b2/pixels-changed/repeat/action-in/0/step5,"[2, 30, 1536]",torch.bfloat16,sdpa,True,True,0.0,0.0
b2/pixels-changed/repeat/action-in/0/step6,"[2, 30, 1536]",torch.bfloat16,sdpa,True,True,0.0,0.0
b2/pixels-changed/repeat/action-in/0/step7,"[2, 30, 1536]",torch.bfloat16,sdpa,True,True,0.0,0.0
b2/pixels-changed/repeat/action-in/0/step8,"[2, 30, 1536]",torch.bfloat16,sdpa,True,True,0.0,0.0
b2/pixels-changed/repeat/action-in/0/step9,"[2, 30, 1536]",torch.bfloat16,sdpa,True,True,0.0,0.0
b2/pixels-changed/repeat/obs/0/step0,"[2, 98, 1536]",torch.bfloat16,sdpa,True,True,0.0,0.0
b2/pixels-changed/repeat/obs/0/step1,"[2, 98, 1536]",torch.bfloat16,sdpa,True,True,0.0,0.0
b2/pixels-changed/repeat/obs/0/step2,"[2, 98, 1536]",torch.bfloat16,sdpa,True,True,0.0,0.0
b2/pixels-changed/repeat/obs/0/step3,"[2, 98, 1536]",torch.bfloat16,sdpa,True,True,0.0,0.0
b2/pixels-changed/repeat/obs/0/step4,"[2, 98, 1536]",torch.bfloat16,sdpa,True,True,0.0,0.0
b2/pixels-changed/repeat/obs/0/step5,"[2, 98, 1536]",torch.bfloat16,sdpa,True,True,0.0,0.0
b2/pixels-changed/repeat/obs/0/step6,"[2, 98, 1536]",torch.bfloat16,sdpa,True,True,0.0,0.0
b2/pixels-changed/repeat/obs/0/step7,"[2, 98, 1536]",torch.bfloat16,sdpa,True,True,0.0,0.0
b2/pixels-changed/repeat/obs/0/step8,"[2, 98, 1536]",torch.bfloat16,sdpa,True,True,0.0,0.0
b2/pixels-changed/repeat/obs/0/step9,"[2, 98, 1536]",torch.bfloat16,sdpa,True,True,0.0,0.0
b2/pixels-changed/repeat/obs/1/step0,"[2, 98]",torch.float32,sdpa,True,True,0.0,0.0
b2/pixels-changed/repeat/obs/1/step1,"[2, 98]",torch.float32,sdpa,True,True,0.0,0.0
b2/pixels-changed/repeat/obs/1/step2,"[2, 98]",torch.float32,sdpa,True,True,0.0,0.0
b2/pixels-changed/repeat/obs/1/step3,"[2, 98]",torch.float32,sdpa,True,True,0.0,0.0
b2/pixels-changed/repeat/obs/1/step4,"[2, 98]",torch.float32,sdpa,True,True,0.0,0.0
b2/pixels-changed/repeat/obs/1/step5,"[2, 98]",torch.float32,sdpa,True,True,0.0,0.0
b2/pixels-changed/repeat/obs/1/step6,"[2, 98]",torch.float32,sdpa,True,True,0.0,0.0
b2/pixels-changed/repeat/obs/1/step7,"[2, 98]",torch.float32,sdpa,True,True,0.0,0.0
b2/pixels-changed/repeat/obs/1/step8,"[2, 98]",torch.float32,sdpa,True,True,0.0,0.0
b2/pixels-changed/repeat/obs/1/step9,"[2, 98]",torch.float32,sdpa,True,True,0.0,0.0
b2/pixels-changed/repeat/block0/0/step0,"[2, 30, 1536]",torch.bfloat16,sdpa,True,True,0.0,0.0
b2/pixels-changed/repeat/block0/0/step1,"[2, 30, 1536]",torch.bfloat16,sdpa,True,True,0.0,0.0
b2/pixels-changed/repeat/block0/0/step2,"[2, 30, 1536]",torch.bfloat16,sdpa,True,True,0.0,0.0
b2/pixels-changed/repeat/block0/0/step3,"[2, 30, 1536]",torch.bfloat16,sdpa,True,True,0.0,0.0
b2/pixels-changed/repeat/block0/0/step4,"[2, 30, 1536]",torch.bfloat16,sdpa,True,True,0.0,0.0
b2/pixels-changed/repeat/block0/0/step5,"[2, 30, 1536]",torch.bfloat16,sdpa,True,True,0.0,0.0
b2/pixels-changed/repeat/block0/0/step6,"[2, 30, 1536]",torch.bfloat16,sdpa,True,True,0.0,0.0
b2/pixels-changed/repeat/block0/0/step7,"[2, 30, 1536]",torch.bfloat16,sdpa,True,True,0.0,0.0
b2/pixels-changed/repeat/block0/0/step8,"[2, 30, 1536]",torch.bfloat16,sdpa,True,True,0.0,0.0
b2/pixels-changed/repeat/block0/0/step9,"[2, 30, 1536]",torch.bfloat16,sdpa,True,True,0.0,0.0
b2/pixels-changed/repeat/block0/1/step0,"[2, 98, 1536]",torch.bfloat16,sdpa,True,True,0.0,0.0
b2/pixels-changed/repeat/block0/1/step1,"[2, 98, 1536]",torch.bfloat16,sdpa,True,True,0.0,0.0
b2/pixels-changed/repeat/block0/1/step2,"[2, 98, 1536]",torch.bfloat16,sdpa,True,True,0.0,0.0
b2/pixels-changed/repeat/block0/1/step3,"[2, 98, 1536]",torch.bfloat16,sdpa,True,True,0.0,0.0
b2/pixels-changed/repeat/block0/1/step4,"[2, 98, 1536]",torch.bfloat16,sdpa,True,True,0.0,0.0
b2/pixels-changed/repeat/block0/1/step5,"[2, 98, 1536]",torch.bfloat16,sdpa,True,True,0.0,0.0
b2/pixels-changed/repeat/block0/1/step6,"[2, 98, 1536]",torch.bfloat16,sdpa,True,True,0.0,0.0
b2/pixels-changed/repeat/block0/1/step7,"[2, 98, 1536]",torch.bfloat16,sdpa,True,True,0.0,0.0
b2/pixels-changed/repeat/block0/1/step8,"[2, 98, 1536]",torch.bfloat16,sdpa,True,True,0.0,0.0
b2/pixels-changed/repeat/block0/1/step9,"[2, 98, 1536]",torch.bfloat16,sdpa,True,True,0.0,0.0
b2/pixels-changed/repeat/block1/0/step0,"[2, 30, 1536]",torch.bfloat16,sdpa,True,True,0.0,0.0
b2/pixels-changed/repeat/block1/0/step1,"[2, 30, 1536]",torch.bfloat16,sdpa,True,True,0.0,0.0
b2/pixels-changed/repeat/block1/0/step2,"[2, 30, 1536]",torch.bfloat16,sdpa,True,True,0.0,0.0
b2/pixels-changed/repeat/block1/0/step3,"[2, 30, 1536]",torch.bfloat16,sdpa,True,True,0.0,0.0
b2/pixels-changed/repeat/block1/0/step4,"[2, 30, 1536]",torch.bfloat16,sdpa,True,True,0.0,0.0
b2/pixels-changed/repeat/block1/0/step5,"[2, 30, 1536]",torch.bfloat16,sdpa,True,True,0.0,0.0
b2/pixels-changed/repeat/block1/0/step6,"[2, 30, 1536]",torch.bfloat16,sdpa,True,True,0.0,0.0
b2/pixels-changed/repeat/block1/0/step7,"[2, 30, 1536]",torch.bfloat16,sdpa,True,True,0.0,0.0
b2/pixels-changed/repeat/block1/0/step8,"[2, 30, 1536]",torch.bfloat16,sdpa,True,True,0.0,0.0
b2/pixels-changed/repeat/block1/0/step9,"[2, 30, 1536]",torch.bfloat16,sdpa,True,True,0.0,0.0
b2/pixels-changed/repeat/block1/1/step0,"[2, 98, 1536]",torch.bfloat16,sdpa,True,True,0.0,0.0
b2/pixels-changed/repeat/block1/1/step1,"[2, 98, 1536]",torch.bfloat16,sdpa,True,True,0.0,0.0
b2/pixels-changed/repeat/block1/1/step2,"[2, 98, 1536]",torch.bfloat16,sdpa,True,True,0.0,0.0
b2/pixels-changed/repeat/block1/1/step3,"[2, 98, 1536]",torch.bfloat16,sdpa,True,True,0.0,0.0
b2/pixels-changed/repeat/block1/1/step4,"[2, 98, 1536]",torch.bfloat16,sdpa,True,True,0.0,0.0
b2/pixels-changed/repeat/block1/1/step5,"[2, 98, 1536]",torch.bfloat16,sdpa,True,True,0.0,0.0
b2/pixels-changed/repeat/block1/1/step6,"[2, 98, 1536]",torch.bfloat16,sdpa,True,True,0.0,0.0
b2/pixels-changed/repeat/block1/1/step7,"[2, 98, 1536]",torch.bfloat16,sdpa,True,True,0.0,0.0
b2/pixels-changed/repeat/block1/1/step8,"[2, 98, 1536]",torch.bfloat16,sdpa,True,True,0.0,0.0
b2/pixels-changed/repeat/block1/1/step9,"[2, 98, 1536]",torch.bfloat16,sdpa,True,True,0.0,0.0
b2/pixels-changed/repeat/block2/0/step0,"[2, 30, 1536]",torch.bfloat16,sdpa,True,True,0.0,0.0
b2/pixels-changed/repeat/block2/0/step1,"[2, 30, 1536]",torch.bfloat16,sdpa,True,True,0.0,0.0
b2/pixels-changed/repeat/block2/0/step2,"[2, 30, 1536]",torch.bfloat16,sdpa,True,True,0.0,0.0
b2/pixels-changed/repeat/block2/0/step3,"[2, 30, 1536]",torch.bfloat16,sdpa,True,True,0.0,0.0
b2/pixels-changed/repeat/block2/0/step4,"[2, 30, 1536]",torch.bfloat16,sdpa,True,True,0.0,0.0
b2/pixels-changed/repeat/block2/0/step5,"[2, 30, 1536]",torch.bfloat16,sdpa,True,True,0.0,0.0
b2/pixels-changed/repeat/block2/0/step6,"[2, 30, 1536]",torch.bfloat16,sdpa,True,True,0.0,0.0
b2/pixels-changed/repeat/block2/0/step7,"[2, 30, 1536]",torch.bfloat16,sdpa,True,True,0.0,0.0
b2/pixels-changed/repeat/block2/0/step8,"[2, 30, 1536]",torch.bfloat16,sdpa,True,True,0.0,0.0
b2/pixels-changed/repeat/block2/0/step9,"[2, 30, 1536]",torch.bfloat16,sdpa,True,True,0.0,0.0
b2/pixels-changed/repeat/block2/1/step0,"[2, 98, 1536]",torch.bfloat16,sdpa,True,True,0.0,0.0
b2/pixels-changed/repeat/block2/1/step1,"[2, 98, 1536]",torch.bfloat16,sdpa,True,True,0.0,0.0
b2/pixels-changed/repeat/block2/1/step2,"[2, 98, 1536]",torch.bfloat16,sdpa,True,True,0.0,0.0
b2/pixels-changed/repeat/block2/1/step3,"[2, 98, 1536]",torch.bfloat16,sdpa,True,True,0.0,0.0
b2/pixels-changed/repeat/block2/1/step4,"[2, 98, 1536]",torch.bfloat16,sdpa,True,True,0.0,0.0
b2/pixels-changed/repeat/block2/1/step5,"[2, 98, 1536]",torch.bfloat16,sdpa,True,True,0.0,0.0
b2/pixels-changed/repeat/block2/1/step6,"[2, 98, 1536]",torch.bfloat16,sdpa,True,True,0.0,0.0
b2/pixels-changed/repeat/block2/1/step7,"[2, 98, 1536]",torch.bfloat16,sdpa,True,True,0.0,0.0
b2/pixels-changed/repeat/block2/1/step8,"[2, 98, 1536]",torch.bfloat16,sdpa,True,True,0.0,0.0
b2/pixels-changed/repeat/block2/1/step9,"[2, 98, 1536]",torch.bfloat16,sdpa,True,True,0.0,0.0
b2/pixels-changed/repeat/block3/0/step0,"[2, 30, 1536]",torch.bfloat16,sdpa,True,True,0.0,0.0
b2/pixels-changed/repeat/block3/0/step1,"[2, 30, 1536]",torch.bfloat16,sdpa,True,True,0.0,0.0
b2/pixels-changed/repeat/block3/0/step2,"[2, 30, 1536]",torch.bfloat16,sdpa,True,True,0.0,0.0
b2/pixels-changed/repeat/block3/0/step3,"[2, 30, 1536]",torch.bfloat16,sdpa,True,True,0.0,0.0
b2/pixels-changed/repeat/block3/0/step4,"[2, 30, 1536]",torch.bfloat16,sdpa,True,True,0.0,0.0
b2/pixels-changed/repeat/block3/0/step5,"[2, 30, 1536]",torch.bfloat16,sdpa,True,True,0.0,0.0
b2/pixels-changed/repeat/block3/0/step6,"[2, 30, 1536]",torch.bfloat16,sdpa,True,True,0.0,0.0
b2/pixels-changed/repeat/block3/0/step7,"[2, 30, 1536]",torch.bfloat16,sdpa,True,True,0.0,0.0
b2/pixels-changed/repeat/block3/0/step8,"[2, 30, 1536]",torch.bfloat16,sdpa,True,True,0.0,0.0
b2/pixels-changed/repeat/block3/0/step9,"[2, 30, 1536]",torch.bfloat16,sdpa,True,True,0.0,0.0
b2/pixels-changed/repeat/block3/1/step0,"[2, 98, 1536]",torch.bfloat16,sdpa,True,True,0.0,0.0
b2/pixels-changed/repeat/block3/1/step1,"[2, 98, 1536]",torch.bfloat16,sdpa,True,True,0.0,0.0
b2/pixels-changed/repeat/block3/1/step2,"[2, 98, 1536]",torch.bfloat16,sdpa,True,True,0.0,0.0
b2/pixels-changed/repeat/block3/1/step3,"[2, 98, 1536]",torch.bfloat16,sdpa,True,True,0.0,0.0
b2/pixels-changed/repeat/block3/1/step4,"[2, 98, 1536]",torch.bfloat16,sdpa,True,True,0.0,0.0
b2/pixels-changed/repeat/block3/1/step5,"[2, 98, 1536]",torch.bfloat16,sdpa,True,True,0.0,0.0
b2/pixels-changed/repeat/block3/1/step6,"[2, 98, 1536]",torch.bfloat16,sdpa,True,True,0.0,0.0
b2/pixels-changed/repeat/block3/1/step7,"[2, 98, 1536]",torch.bfloat16,sdpa,True,True,0.0,0.0
b2/pixels-changed/repeat/block3/1/step8,"[2, 98, 1536]",torch.bfloat16,sdpa,True,True,0.0,0.0
b2/pixels-changed/repeat/block3/1/step9,"[2, 98, 1536]",torch.bfloat16,sdpa,True,True,0.0,0.0
b2/pixels-changed/repeat/block4/0/step0,"[2, 30, 1536]",torch.bfloat16,sdpa,True,True,0.0,0.0
b2/pixels-changed/repeat/block4/0/step1,"[2, 30, 1536]",torch.bfloat16,sdpa,True,True,0.0,0.0
b2/pixels-changed/repeat/block4/0/step2,"[2, 30, 1536]",torch.bfloat16,sdpa,True,True,0.0,0.0
b2/pixels-changed/repeat/block4/0/step3,"[2, 30, 1536]",torch.bfloat16,sdpa,True,True,0.0,0.0
b2/pixels-changed/repeat/block4/0/step4,"[2, 30, 1536]",torch.bfloat16,sdpa,True,True,0.0,0.0
b2/pixels-changed/repeat/block4/0/step5,"[2, 30, 1536]",torch.bfloat16,sdpa,True,True,0.0,0.0
b2/pixels-changed/repeat/block4/0/step6,"[2, 30, 1536]",torch.bfloat16,sdpa,True,True,0.0,0.0
b2/pixels-changed/repeat/block4/0/step7,"[2, 30, 1536]",torch.bfloat16,sdpa,True,True,0.0,0.0
b2/pixels-changed/repeat/block4/0/step8,"[2, 30, 1536]",torch.bfloat16,sdpa,True,True,0.0,0.0
b2/pixels-changed/repeat/block4/0/step9,"[2, 30, 1536]",torch.bfloat16,sdpa,True,True,0.0,0.0
b2/pixels-changed/repeat/block4/1/step0,"[2, 98, 1536]",torch.bfloat16,sdpa,True,True,0.0,0.0
b2/pixels-changed/repeat/block4/1/step1,"[2, 98, 1536]",torch.bfloat16,sdpa,True,True,0.0,0.0
b2/pixels-changed/repeat/block4/1/step2,"[2, 98, 1536]",torch.bfloat16,sdpa,True,True,0.0,0.0
b2/pixels-changed/repeat/block4/1/step3,"[2, 98, 1536]",torch.bfloat16,sdpa,True,True,0.0,0.0
b2/pixels-changed/repeat/block4/1/step4,"[2, 98, 1536]",torch.bfloat16,sdpa,True,True,0.0,0.0
b2/pixels-changed/repeat/block4/1/step5,"[2, 98, 1536]",torch.bfloat16,sdpa,True,True,0.0,0.0
b2/pixels-changed/repeat/block4/1/step6,"[2, 98, 1536]",torch.bfloat16,sdpa,True,True,0.0,0.0
b2/pixels-changed/repeat/block4/1/step7,"[2, 98, 1536]",torch.bfloat16,sdpa,True,True,0.0,0.0
b2/pixels-changed/repeat/block4/1/step8,"[2, 98, 1536]",torch.bfloat16,sdpa,True,True,0.0,0.0
b2/pixels-changed/repeat/block4/1/step9,"[2, 98, 1536]",torch.bfloat16,sdpa,True,True,0.0,0.0
b2/pixels-changed/repeat/block5/0/step0,"[2, 30, 1536]",torch.bfloat16,sdpa,True,True,0.0,0.0
b2/pixels-changed/repeat/block5/0/step1,"[2, 30, 1536]",torch.bfloat16,sdpa,True,True,0.0,0.0
b2/pixels-changed/repeat/block5/0/step2,"[2, 30, 1536]",torch.bfloat16,sdpa,True,True,0.0,0.0
b2/pixels-changed/repeat/block5/0/step3,"[2, 30, 1536]",torch.bfloat16,sdpa,True,True,0.0,0.0
b2/pixels-changed/repeat/block5/0/step4,"[2, 30, 1536]",torch.bfloat16,sdpa,True,True,0.0,0.0
b2/pixels-changed/repeat/block5/0/step5,"[2, 30, 1536]",torch.bfloat16,sdpa,True,True,0.0,0.0
b2/pixels-changed/repeat/block5/0/step6,"[2, 30, 1536]",torch.bfloat16,sdpa,True,True,0.0,0.0
b2/pixels-changed/repeat/block5/0/step7,"[2, 30, 1536]",torch.bfloat16,sdpa,True,True,0.0,0.0
b2/pixels-changed/repeat/block5/0/step8,"[2, 30, 1536]",torch.bfloat16,sdpa,True,True,0.0,0.0
b2/pixels-changed/repeat/block5/0/step9,"[2, 30, 1536]",torch.bfloat16,sdpa,True,True,0.0,0.0
b2/pixels-changed/repeat/velocity/step0,"[2, 30, 78]",torch.bfloat16,sdpa,True,True,0.0,0.0
b2/pixels-changed/repeat/velocity/step1,"[2, 30, 78]",torch.bfloat16,sdpa,True,True,0.0,0.0
b2/pixels-changed/repeat/velocity/step2,"[2, 30, 78]",torch.bfloat16,sdpa,True,True,0.0,0.0
b2/pixels-changed/repeat/velocity/step3,"[2, 30, 78]",torch.bfloat16,sdpa,True,True,0.0,0.0
b2/pixels-changed/repeat/velocity/step4,"[2, 30, 78]",torch.bfloat16,sdpa,True,True,0.0,0.0
b2/pixels-changed/repeat/velocity/step5,"[2, 30, 78]",torch.bfloat16,sdpa,True,True,0.0,0.0
b2/pixels-changed/repeat/velocity/step6,"[2, 30, 78]",torch.bfloat16,sdpa,True,True,0.0,0.0
b2/pixels-changed/repeat/velocity/step7,"[2, 30, 78]",torch.bfloat16,sdpa,True,True,0.0,0.0
b2/pixels-changed/repeat/velocity/step8,"[2, 30, 78]",torch.bfloat16,sdpa,True,True,0.0,0.0
b2/pixels-changed/repeat/velocity/step9,"[2, 30, 78]",torch.bfloat16,sdpa,True,True,0.0,0.0
b2/pixels-changed/repeat/actions/step0,"[2, 30, 78]",torch.bfloat16,sdpa,True,True,0.0,0.0
b2/pixels-changed/repeat/actions/step1,"[2, 30, 78]",torch.bfloat16,sdpa,True,True,0.0,0.0
b2/pixels-changed/repeat/actions/step2,"[2, 30, 78]",torch.bfloat16,sdpa,True,True,0.0,0.0
b2/pixels-changed/repeat/actions/step3,"[2, 30, 78]",torch.bfloat16,sdpa,True,True,0.0,0.0
b2/pixels-changed/repeat/actions/step4,"[2, 30, 78]",torch.bfloat16,sdpa,True,True,0.0,0.0
b2/pixels-changed/repeat/actions/step5,"[2, 30, 78]",torch.bfloat16,sdpa,True,True,0.0,0.0
b2/pixels-changed/repeat/actions/step6,"[2, 30, 78]",torch.bfloat16,sdpa,True,True,0.0,0.0
b2/pixels-changed/repeat/actions/step7,"[2, 30, 78]",torch.bfloat16,sdpa,True,True,0.0,0.0
b2/pixels-changed/repeat/actions/step8,"[2, 30, 78]",torch.bfloat16,sdpa,True,True,0.0,0.0
b2/pixels-changed/repeat/actions/step9,"[2, 30, 78]",torch.bfloat16,sdpa,True,True,0.0,0.0
b2/pixels-changed/input_ids,"[2, 97]",torch.int64,sdpa,True,True,0.0,0.0
b2/pixels-changed/attention_mask,"[2, 97]",torch.bool,sdpa,True,True,0.0,0.0
b2/pixels-changed/image_grid_thw,"[2, 3]",torch.int64,sdpa,True,True,0.0,0.0
b2/pixels-changed/pixel_values,"[640, 1536]",torch.bfloat16,sdpa,True,True,0.0,0.0
b2/pixels-changed/positions,"[3, 2, 97]",torch.int64,sdpa,True,True,0.0,0.0
b2/pixels-changed/features,"[2, 1, 97, 2048]",torch.bfloat16,sdpa,True,True,0.0,0.0
b2/pixels-changed/final,"[2, 30, 78]",torch.float32,sdpa,True,True,0.0,0.0
b2/pixels-changed/time/0/step0,"[2, 1536]",torch.bfloat16,sdpa,True,True,0.0,0.0
b2/pixels-changed/time/0/step1,"[2, 1536]",torch.bfloat16,sdpa,True,True,0.0,0.0
b2/pixels-changed/time/0/step2,"[2, 1536]",torch.bfloat16,sdpa,True,True,0.0,0.0
b2/pixels-changed/time/0/step3,"[2, 1536]",torch.bfloat16,sdpa,True,True,0.0,0.0
b2/pixels-changed/time/0/step4,"[2, 1536]",torch.bfloat16,sdpa,True,True,0.0,0.0
b2/pixels-changed/time/0/step5,"[2, 1536]",torch.bfloat16,sdpa,True,True,0.0,0.0
b2/pixels-changed/time/0/step6,"[2, 1536]",torch.bfloat16,sdpa,True,True,0.0,0.0
b2/pixels-changed/time/0/step7,"[2, 1536]",torch.bfloat16,sdpa,True,True,0.0,0.0
b2/pixels-changed/time/0/step8,"[2, 1536]",torch.bfloat16,sdpa,True,True,0.0,0.0
b2/pixels-changed/time/0/step9,"[2, 1536]",torch.bfloat16,sdpa,True,True,0.0,0.0
b2/pixels-changed/action-in/0/step0,"[2, 30, 1536]",torch.bfloat16,sdpa,True,True,0.0,0.0
b2/pixels-changed/action-in/0/step1,"[2, 30, 1536]",torch.bfloat16,sdpa,True,True,0.0,0.0
b2/pixels-changed/action-in/0/step2,"[2, 30, 1536]",torch.bfloat16,sdpa,True,True,0.0,0.0
b2/pixels-changed/action-in/0/step3,"[2, 30, 1536]",torch.bfloat16,sdpa,True,True,0.0,0.0
b2/pixels-changed/action-in/0/step4,"[2, 30, 1536]",torch.bfloat16,sdpa,True,True,0.0,0.0
b2/pixels-changed/action-in/0/step5,"[2, 30, 1536]",torch.bfloat16,sdpa,True,True,0.0,0.0
b2/pixels-changed/action-in/0/step6,"[2, 30, 1536]",torch.bfloat16,sdpa,True,True,0.0,0.0
b2/pixels-changed/action-in/0/step7,"[2, 30, 1536]",torch.bfloat16,sdpa,True,True,0.0,0.0
b2/pixels-changed/action-in/0/step8,"[2, 30, 1536]",torch.bfloat16,sdpa,True,True,0.0,0.0
b2/pixels-changed/action-in/0/step9,"[2, 30, 1536]",torch.bfloat16,sdpa,True,True,0.0,0.0
b2/pixels-changed/obs/0/step0,"[2, 98, 1536]",torch.bfloat16,sdpa,True,True,0.0,0.0
b2/pixels-changed/obs/1/step0,"[2, 98]",torch.bool,sdpa,True,True,0.0,0.0
b2/pixels-changed/block0/0/step0,"[2, 30, 1536]",torch.bfloat16,sdpa,True,True,0.0,0.0
b2/pixels-changed/block0/0/step1,"[2, 30, 1536]",torch.bfloat16,sdpa,True,True,0.0,0.0
b2/pixels-changed/block0/0/step2,"[2, 30, 1536]",torch.bfloat16,sdpa,True,True,0.0,0.0
b2/pixels-changed/block0/0/step3,"[2, 30, 1536]",torch.bfloat16,sdpa,True,True,0.0,0.0
b2/pixels-changed/block0/0/step4,"[2, 30, 1536]",torch.bfloat16,sdpa,True,True,0.0,0.0
b2/pixels-changed/block0/0/step5,"[2, 30, 1536]",torch.bfloat16,sdpa,True,True,0.0,0.0
b2/pixels-changed/block0/0/step6,"[2, 30, 1536]",torch.bfloat16,sdpa,True,True,0.0,0.0
b2/pixels-changed/block0/0/step7,"[2, 30, 1536]",torch.bfloat16,sdpa,True,True,0.0,0.0
b2/pixels-changed/block0/0/step8,"[2, 30, 1536]",torch.bfloat16,sdpa,True,True,0.0,0.0
b2/pixels-changed/block0/0/step9,"[2, 30, 1536]",torch.bfloat16,sdpa,True,True,0.0,0.0
b2/pixels-changed/block0/1/step0,"[2, 98, 1536]",torch.bfloat16,sdpa,True,True,0.0,0.0
b2/pixels-changed/block0/1/step1,"[2, 98, 1536]",torch.bfloat16,sdpa,True,True,0.0,0.0
b2/pixels-changed/block0/1/step2,"[2, 98, 1536]",torch.bfloat16,sdpa,True,True,0.0,0.0
b2/pixels-changed/block0/1/step3,"[2, 98, 1536]",torch.bfloat16,sdpa,True,True,0.0,0.0
b2/pixels-changed/block0/1/step4,"[2, 98, 1536]",torch.bfloat16,sdpa,True,True,0.0,0.0
b2/pixels-changed/block0/1/step5,"[2, 98, 1536]",torch.bfloat16,sdpa,True,True,0.0,0.0
b2/pixels-changed/block0/1/step6,"[2, 98, 1536]",torch.bfloat16,sdpa,True,True,0.0,0.0
b2/pixels-changed/block0/1/step7,"[2, 98, 1536]",torch.bfloat16,sdpa,True,True,0.0,0.0
b2/pixels-changed/block0/1/step8,"[2, 98, 1536]",torch.bfloat16,sdpa,True,True,0.0,0.0
b2/pixels-changed/block0/1/step9,"[2, 98, 1536]",torch.bfloat16,sdpa,True,True,0.0,0.0
b2/pixels-changed/block1/0/step0,"[2, 30, 1536]",torch.bfloat16,sdpa,True,True,0.0,0.0
b2/pixels-changed/block1/0/step1,"[2, 30, 1536]",torch.bfloat16,sdpa,True,True,0.0,0.0
b2/pixels-changed/block1/0/step2,"[2, 30, 1536]",torch.bfloat16,sdpa,True,True,0.0,0.0
b2/pixels-changed/block1/0/step3,"[2, 30, 1536]",torch.bfloat16,sdpa,True,True,0.0,0.0
b2/pixels-changed/block1/0/step4,"[2, 30, 1536]",torch.bfloat16,sdpa,True,True,0.0,0.0
b2/pixels-changed/block1/0/step5,"[2, 30, 1536]",torch.bfloat16,sdpa,True,True,0.0,0.0
b2/pixels-changed/block1/0/step6,"[2, 30, 1536]",torch.bfloat16,sdpa,True,True,0.0,0.0
b2/pixels-changed/block1/0/step7,"[2, 30, 1536]",torch.bfloat16,sdpa,True,True,0.0,0.0
b2/pixels-changed/block1/0/step8,"[2, 30, 1536]",torch.bfloat16,sdpa,True,True,0.0,0.0
b2/pixels-changed/block1/0/step9,"[2, 30, 1536]",torch.bfloat16,sdpa,True,True,0.0,0.0
b2/pixels-changed/block1/1/step0,"[2, 98, 1536]",torch.bfloat16,sdpa,True,True,0.0,0.0
b2/pixels-changed/block1/1/step1,"[2, 98, 1536]",torch.bfloat16,sdpa,True,True,0.0,0.0
b2/pixels-changed/block1/1/step2,"[2, 98, 1536]",torch.bfloat16,sdpa,True,True,0.0,0.0
b2/pixels-changed/block1/1/step3,"[2, 98, 1536]",torch.bfloat16,sdpa,True,True,0.0,0.0
b2/pixels-changed/block1/1/step4,"[2, 98, 1536]",torch.bfloat16,sdpa,True,True,0.0,0.0
b2/pixels-changed/block1/1/step5,"[2, 98, 1536]",torch.bfloat16,sdpa,True,True,0.0,0.0
b2/pixels-changed/block1/1/step6,"[2, 98, 1536]",torch.bfloat16,sdpa,True,True,0.0,0.0
b2/pixels-changed/block1/1/step7,"[2, 98, 1536]",torch.bfloat16,sdpa,True,True,0.0,0.0
b2/pixels-changed/block1/1/step8,"[2, 98, 1536]",torch.bfloat16,sdpa,True,True,0.0,0.0
b2/pixels-changed/block1/1/step9,"[2, 98, 1536]",torch.bfloat16,sdpa,True,True,0.0,0.0
b2/pixels-changed/block2/0/step0,"[2, 30, 1536]",torch.bfloat16,sdpa,True,True,0.0,0.0
b2/pixels-changed/block2/0/step1,"[2, 30, 1536]",torch.bfloat16,sdpa,True,True,0.0,0.0
b2/pixels-changed/block2/0/step2,"[2, 30, 1536]",torch.bfloat16,sdpa,True,True,0.0,0.0
b2/pixels-changed/block2/0/step3,"[2, 30, 1536]",torch.bfloat16,sdpa,True,True,0.0,0.0
b2/pixels-changed/block2/0/step4,"[2, 30, 1536]",torch.bfloat16,sdpa,True,True,0.0,0.0
b2/pixels-changed/block2/0/step5,"[2, 30, 1536]",torch.bfloat16,sdpa,True,True,0.0,0.0
b2/pixels-changed/block2/0/step6,"[2, 30, 1536]",torch.bfloat16,sdpa,True,True,0.0,0.0
b2/pixels-changed/block2/0/step7,"[2, 30, 1536]",torch.bfloat16,sdpa,True,True,0.0,0.0
b2/pixels-changed/block2/0/step8,"[2, 30, 1536]",torch.bfloat16,sdpa,True,True,0.0,0.0
b2/pixels-changed/block2/0/step9,"[2, 30, 1536]",torch.bfloat16,sdpa,True,True,0.0,0.0
b2/pixels-changed/block2/1/step0,"[2, 98, 1536]",torch.bfloat16,sdpa,True,True,0.0,0.0
b2/pixels-changed/block2/1/step1,"[2, 98, 1536]",torch.bfloat16,sdpa,True,True,0.0,0.0
b2/pixels-changed/block2/1/step2,"[2, 98, 1536]",torch.bfloat16,sdpa,True,True,0.0,0.0
b2/pixels-changed/block2/1/step3,"[2, 98, 1536]",torch.bfloat16,sdpa,True,True,0.0,0.0
b2/pixels-changed/block2/1/step4,"[2, 98, 1536]",torch.bfloat16,sdpa,True,True,0.0,0.0
b2/pixels-changed/block2/1/step5,"[2, 98, 1536]",torch.bfloat16,sdpa,True,True,0.0,0.0
b2/pixels-changed/block2/1/step6,"[2, 98, 1536]",torch.bfloat16,sdpa,True,True,0.0,0.0
b2/pixels-changed/block2/1/step7,"[2, 98, 1536]",torch.bfloat16,sdpa,True,True,0.0,0.0
b2/pixels-changed/block2/1/step8,"[2, 98, 1536]",torch.bfloat16,sdpa,True,True,0.0,0.0
b2/pixels-changed/block2/1/step9,"[2, 98, 1536]",torch.bfloat16,sdpa,True,True,0.0,0.0
b2/pixels-changed/block3/0/step0,"[2, 30, 1536]",torch.bfloat16,sdpa,True,True,0.0,0.0
b2/pixels-changed/block3/0/step1,"[2, 30, 1536]",torch.bfloat16,sdpa,True,True,0.0,0.0
b2/pixels-changed/block3/0/step2,"[2, 30, 1536]",torch.bfloat16,sdpa,True,True,0.0,0.0
b2/pixels-changed/block3/0/step3,"[2, 30, 1536]",torch.bfloat16,sdpa,True,True,0.0,0.0
b2/pixels-changed/block3/0/step4,"[2, 30, 1536]",torch.bfloat16,sdpa,True,True,0.0,0.0
b2/pixels-changed/block3/0/step5,"[2, 30, 1536]",torch.bfloat16,sdpa,True,True,0.0,0.0
b2/pixels-changed/block3/0/step6,"[2, 30, 1536]",torch.bfloat16,sdpa,True,True,0.0,0.0
b2/pixels-changed/block3/0/step7,"[2, 30, 1536]",torch.bfloat16,sdpa,True,True,0.0,0.0
b2/pixels-changed/block3/0/step8,"[2, 30, 1536]",torch.bfloat16,sdpa,True,True,0.0,0.0
b2/pixels-changed/block3/0/step9,"[2, 30, 1536]",torch.bfloat16,sdpa,True,True,0.0,0.0
b2/pixels-changed/block3/1/step0,"[2, 98, 1536]",torch.bfloat16,sdpa,True,True,0.0,0.0
b2/pixels-changed/block3/1/step1,"[2, 98, 1536]",torch.bfloat16,sdpa,True,True,0.0,0.0
b2/pixels-changed/block3/1/step2,"[2, 98, 1536]",torch.bfloat16,sdpa,True,True,0.0,0.0
b2/pixels-changed/block3/1/step3,"[2, 98, 1536]",torch.bfloat16,sdpa,True,True,0.0,0.0
b2/pixels-changed/block3/1/step4,"[2, 98, 1536]",torch.bfloat16,sdpa,True,True,0.0,0.0
b2/pixels-changed/block3/1/step5,"[2, 98, 1536]",torch.bfloat16,sdpa,True,True,0.0,0.0
b2/pixels-changed/block3/1/step6,"[2, 98, 1536]",torch.bfloat16,sdpa,True,True,0.0,0.0
b2/pixels-changed/block3/1/step7,"[2, 98, 1536]",torch.bfloat16,sdpa,True,True,0.0,0.0
b2/pixels-changed/block3/1/step8,"[2, 98, 1536]",torch.bfloat16,sdpa,True,True,0.0,0.0
b2/pixels-changed/block3/1/step9,"[2, 98, 1536]",torch.bfloat16,sdpa,True,True,0.0,0.0
b2/pixels-changed/block4/0/step0,"[2, 30, 1536]",torch.bfloat16,sdpa,True,True,0.0,0.0
b2/pixels-changed/block4/0/step1,"[2, 30, 1536]",torch.bfloat16,sdpa,True,True,0.0,0.0
b2/pixels-changed/block4/0/step2,"[2, 30, 1536]",torch.bfloat16,sdpa,True,True,0.0,0.0
b2/pixels-changed/block4/0/step3,"[2, 30, 1536]",torch.bfloat16,sdpa,True,True,0.0,0.0
b2/pixels-changed/block4/0/step4,"[2, 30, 1536]",torch.bfloat16,sdpa,True,True,0.0,0.0
b2/pixels-changed/block4/0/step5,"[2, 30, 1536]",torch.bfloat16,sdpa,True,True,0.0,0.0
b2/pixels-changed/block4/0/step6,"[2, 30, 1536]",torch.bfloat16,sdpa,True,True,0.0,0.0
b2/pixels-changed/block4/0/step7,"[2, 30, 1536]",torch.bfloat16,sdpa,True,True,0.0,0.0
b2/pixels-changed/block4/0/step8,"[2, 30, 1536]",torch.bfloat16,sdpa,True,True,0.0,0.0
b2/pixels-changed/block4/0/step9,"[2, 30, 1536]",torch.bfloat16,sdpa,True,True,0.0,0.0
b2/pixels-changed/block4/1/step0,"[2, 98, 1536]",torch.bfloat16,sdpa,True,True,0.0,0.0
b2/pixels-changed/block4/1/step1,"[2, 98, 1536]",torch.bfloat16,sdpa,True,True,0.0,0.0
b2/pixels-changed/block4/1/step2,"[2, 98, 1536]",torch.bfloat16,sdpa,True,True,0.0,0.0
b2/pixels-changed/block4/1/step3,"[2, 98, 1536]",torch.bfloat16,sdpa,True,True,0.0,0.0
b2/pixels-changed/block4/1/step4,"[2, 98, 1536]",torch.bfloat16,sdpa,True,True,0.0,0.0
b2/pixels-changed/block4/1/step5,"[2, 98, 1536]",torch.bfloat16,sdpa,True,True,0.0,0.0
b2/pixels-changed/block4/1/step6,"[2, 98, 1536]",torch.bfloat16,sdpa,True,True,0.0,0.0
b2/pixels-changed/block4/1/step7,"[2, 98, 1536]",torch.bfloat16,sdpa,True,True,0.0,0.0
b2/pixels-changed/block4/1/step8,"[2, 98, 1536]",torch.bfloat16,sdpa,True,True,0.0,0.0
b2/pixels-changed/block4/1/step9,"[2, 98, 1536]",torch.bfloat16,sdpa,True,True,0.0,0.0
b2/pixels-changed/block5/0/step0,"[2, 30, 1536]",torch.bfloat16,sdpa,True,True,0.0,0.0
b2/pixels-changed/block5/0/step1,"[2, 30, 1536]",torch.bfloat16,sdpa,True,True,0.0,0.0
b2/pixels-changed/block5/0/step2,"[2, 30, 1536]",torch.bfloat16,sdpa,True,True,0.0,0.0
b2/pixels-changed/block5/0/step3,"[2, 30, 1536]",torch.bfloat16,sdpa,True,True,0.0,0.0
b2/pixels-changed/block5/0/step4,"[2, 30, 1536]",torch.bfloat16,sdpa,True,True,0.0,0.0
b2/pixels-changed/block5/0/step5,"[2, 30, 1536]",torch.bfloat16,sdpa,True,True,0.0,0.0
b2/pixels-changed/block5/0/step6,"[2, 30, 1536]",torch.bfloat16,sdpa,True,True,0.0,0.0
b2/pixels-changed/block5/0/step7,"[2, 30, 1536]",torch.bfloat16,sdpa,True,True,0.0,0.0
b2/pixels-changed/block5/0/step8,"[2, 30, 1536]",torch.bfloat16,sdpa,True,True,0.0,0.0
b2/pixels-changed/block5/0/step9,"[2, 30, 1536]",torch.bfloat16,sdpa,True,True,0.0,0.0
b2/pixels-changed/velocity/step0,"[2, 30, 78]",torch.bfloat16,sdpa,True,True,0.0,0.0
b2/pixels-changed/velocity/step1,"[2, 30, 78]",torch.bfloat16,sdpa,True,True,0.0,0.0
b2/pixels-changed/velocity/step2,"[2, 30, 78]",torch.bfloat16,sdpa,True,True,0.0,0.0
b2/pixels-changed/velocity/step3,"[2, 30, 78]",torch.bfloat16,sdpa,True,True,0.0,0.0
b2/pixels-changed/velocity/step4,"[2, 30, 78]",torch.bfloat16,sdpa,True,True,0.0,0.0
b2/pixels-changed/velocity/step5,"[2, 30, 78]",torch.bfloat16,sdpa,True,True,0.0,0.0
b2/pixels-changed/velocity/step6,"[2, 30, 78]",torch.bfloat16,sdpa,True,True,0.0,0.0
b2/pixels-changed/velocity/step7,"[2, 30, 78]",torch.bfloat16,sdpa,True,True,0.0,0.0
b2/pixels-changed/velocity/step8,"[2, 30, 78]",torch.bfloat16,sdpa,True,True,0.0,0.0
b2/pixels-changed/velocity/step9,"[2, 30, 78]",torch.bfloat16,sdpa,True,True,0.0,0.0
b2/pixels-changed/actions/step0,"[2, 30, 78]",torch.bfloat16,sdpa,True,True,0.0,0.0
b2/pixels-changed/actions/step1,"[2, 30, 78]",torch.bfloat16,sdpa,True,True,0.0,0.0
b2/pixels-changed/actions/step2,"[2, 30, 78]",torch.bfloat16,sdpa,True,True,0.0,0.0
b2/pixels-changed/actions/step3,"[2, 30, 78]",torch.bfloat16,sdpa,True,True,0.0,0.0
b2/pixels-changed/actions/step4,"[2, 30, 78]",torch.bfloat16,sdpa,True,True,0.0,0.0
b2/pixels-changed/actions/step5,"[2, 30, 78]",torch.bfloat16,sdpa,True,True,0.0,0.0
b2/pixels-changed/actions/step6,"[2, 30, 78]",torch.bfloat16,sdpa,True,True,0.0,0.0
b2/pixels-changed/actions/step7,"[2, 30, 78]",torch.bfloat16,sdpa,True,True,0.0,0.0
b2/pixels-changed/actions/step8,"[2, 30, 78]",torch.bfloat16,sdpa,True,True,0.0,0.0
b2/pixels-changed/actions/step9,"[2, 30, 78]",torch.bfloat16,sdpa,True,True,0.0,0.0
b2/pixels-changed/denormalized,"[2, 30, 78]",torch.float32,sdpa,True,True,0.0,0.0
b2/mixed-grids/repeat/input_ids,"[2, 210]",torch.int64,sdpa,True,True,0.0,0.0
b2/mixed-grids/repeat/attention_mask,"[2, 210]",torch.bool,sdpa,True,True,0.0,0.0
b2/mixed-grids/repeat/image_grid_thw,"[2, 3]",torch.int64,sdpa,True,True,0.0,0.0
b2/mixed-grids/repeat/pixel_values,"[1428, 1536]",torch.bfloat16,sdpa,True,True,0.0,0.0
b2/mixed-grids/repeat/positions,"[3, 2, 210]",torch.int64,sdpa,True,True,0.0,0.0
b2/mixed-grids/repeat/features,"[2, 1, 210, 2048]",torch.bfloat16,sdpa,True,True,0.0,0.0
b2/mixed-grids/repeat/final,"[2, 30, 78]",torch.float32,sdpa,True,True,0.0,0.0
b2/mixed-grids/repeat/time/0/step0,"[2, 1536]",torch.bfloat16,sdpa,True,True,0.0,0.0
b2/mixed-grids/repeat/time/0/step1,"[2, 1536]",torch.bfloat16,sdpa,True,True,0.0,0.0
b2/mixed-grids/repeat/time/0/step2,"[2, 1536]",torch.bfloat16,sdpa,True,True,0.0,0.0
b2/mixed-grids/repeat/time/0/step3,"[2, 1536]",torch.bfloat16,sdpa,True,True,0.0,0.0
b2/mixed-grids/repeat/time/0/step4,"[2, 1536]",torch.bfloat16,sdpa,True,True,0.0,0.0
b2/mixed-grids/repeat/time/0/step5,"[2, 1536]",torch.bfloat16,sdpa,True,True,0.0,0.0
b2/mixed-grids/repeat/time/0/step6,"[2, 1536]",torch.bfloat16,sdpa,True,True,0.0,0.0
b2/mixed-grids/repeat/time/0/step7,"[2, 1536]",torch.bfloat16,sdpa,True,True,0.0,0.0
b2/mixed-grids/repeat/time/0/step8,"[2, 1536]",torch.bfloat16,sdpa,True,True,0.0,0.0
b2/mixed-grids/repeat/time/0/step9,"[2, 1536]",torch.bfloat16,sdpa,True,True,0.0,0.0
b2/mixed-grids/repeat/action-in/0/step0,"[2, 30, 1536]",torch.bfloat16,sdpa,True,True,0.0,0.0
b2/mixed-grids/repeat/action-in/0/step1,"[2, 30, 1536]",torch.bfloat16,sdpa,True,True,0.0,0.0
b2/mixed-grids/repeat/action-in/0/step2,"[2, 30, 1536]",torch.bfloat16,sdpa,True,True,0.0,0.0
b2/mixed-grids/repeat/action-in/0/step3,"[2, 30, 1536]",torch.bfloat16,sdpa,True,True,0.0,0.0
b2/mixed-grids/repeat/action-in/0/step4,"[2, 30, 1536]",torch.bfloat16,sdpa,True,True,0.0,0.0
b2/mixed-grids/repeat/action-in/0/step5,"[2, 30, 1536]",torch.bfloat16,sdpa,True,True,0.0,0.0
b2/mixed-grids/repeat/action-in/0/step6,"[2, 30, 1536]",torch.bfloat16,sdpa,True,True,0.0,0.0
b2/mixed-grids/repeat/action-in/0/step7,"[2, 30, 1536]",torch.bfloat16,sdpa,True,True,0.0,0.0
b2/mixed-grids/repeat/action-in/0/step8,"[2, 30, 1536]",torch.bfloat16,sdpa,True,True,0.0,0.0
b2/mixed-grids/repeat/action-in/0/step9,"[2, 30, 1536]",torch.bfloat16,sdpa,True,True,0.0,0.0
b2/mixed-grids/repeat/obs/0/step0,"[2, 211, 1536]",torch.bfloat16,sdpa,True,True,0.0,0.0
b2/mixed-grids/repeat/obs/0/step1,"[2, 211, 1536]",torch.bfloat16,sdpa,True,True,0.0,0.0
b2/mixed-grids/repeat/obs/0/step2,"[2, 211, 1536]",torch.bfloat16,sdpa,True,True,0.0,0.0
b2/mixed-grids/repeat/obs/0/step3,"[2, 211, 1536]",torch.bfloat16,sdpa,True,True,0.0,0.0
b2/mixed-grids/repeat/obs/0/step4,"[2, 211, 1536]",torch.bfloat16,sdpa,True,True,0.0,0.0
b2/mixed-grids/repeat/obs/0/step5,"[2, 211, 1536]",torch.bfloat16,sdpa,True,True,0.0,0.0
b2/mixed-grids/repeat/obs/0/step6,"[2, 211, 1536]",torch.bfloat16,sdpa,True,True,0.0,0.0
b2/mixed-grids/repeat/obs/0/step7,"[2, 211, 1536]",torch.bfloat16,sdpa,True,True,0.0,0.0
b2/mixed-grids/repeat/obs/0/step8,"[2, 211, 1536]",torch.bfloat16,sdpa,True,True,0.0,0.0
b2/mixed-grids/repeat/obs/0/step9,"[2, 211, 1536]",torch.bfloat16,sdpa,True,True,0.0,0.0
b2/mixed-grids/repeat/obs/1/step0,"[2, 211]",torch.float32,sdpa,True,True,0.0,0.0
b2/mixed-grids/repeat/obs/1/step1,"[2, 211]",torch.float32,sdpa,True,True,0.0,0.0
b2/mixed-grids/repeat/obs/1/step2,"[2, 211]",torch.float32,sdpa,True,True,0.0,0.0
b2/mixed-grids/repeat/obs/1/step3,"[2, 211]",torch.float32,sdpa,True,True,0.0,0.0
b2/mixed-grids/repeat/obs/1/step4,"[2, 211]",torch.float32,sdpa,True,True,0.0,0.0
b2/mixed-grids/repeat/obs/1/step5,"[2, 211]",torch.float32,sdpa,True,True,0.0,0.0
b2/mixed-grids/repeat/obs/1/step6,"[2, 211]",torch.float32,sdpa,True,True,0.0,0.0
b2/mixed-grids/repeat/obs/1/step7,"[2, 211]",torch.float32,sdpa,True,True,0.0,0.0
b2/mixed-grids/repeat/obs/1/step8,"[2, 211]",torch.float32,sdpa,True,True,0.0,0.0
b2/mixed-grids/repeat/obs/1/step9,"[2, 211]",torch.float32,sdpa,True,True,0.0,0.0
b2/mixed-grids/repeat/block0/0/step0,"[2, 30, 1536]",torch.bfloat16,sdpa,True,True,0.0,0.0
b2/mixed-grids/repeat/block0/0/step1,"[2, 30, 1536]",torch.bfloat16,sdpa,True,True,0.0,0.0
b2/mixed-grids/repeat/block0/0/step2,"[2, 30, 1536]",torch.bfloat16,sdpa,True,True,0.0,0.0
b2/mixed-grids/repeat/block0/0/step3,"[2, 30, 1536]",torch.bfloat16,sdpa,True,True,0.0,0.0
b2/mixed-grids/repeat/block0/0/step4,"[2, 30, 1536]",torch.bfloat16,sdpa,True,True,0.0,0.0
b2/mixed-grids/repeat/block0/0/step5,"[2, 30, 1536]",torch.bfloat16,sdpa,True,True,0.0,0.0
b2/mixed-grids/repeat/block0/0/step6,"[2, 30, 1536]",torch.bfloat16,sdpa,True,True,0.0,0.0
b2/mixed-grids/repeat/block0/0/step7,"[2, 30, 1536]",torch.bfloat16,sdpa,True,True,0.0,0.0
b2/mixed-grids/repeat/block0/0/step8,"[2, 30, 1536]",torch.bfloat16,sdpa,True,True,0.0,0.0
b2/mixed-grids/repeat/block0/0/step9,"[2, 30, 1536]",torch.bfloat16,sdpa,True,True,0.0,0.0
b2/mixed-grids/repeat/block0/1/step0,"[2, 211, 1536]",torch.bfloat16,sdpa,True,True,0.0,0.0
b2/mixed-grids/repeat/block0/1/step1,"[2, 211, 1536]",torch.bfloat16,sdpa,True,True,0.0,0.0
b2/mixed-grids/repeat/block0/1/step2,"[2, 211, 1536]",torch.bfloat16,sdpa,True,True,0.0,0.0
b2/mixed-grids/repeat/block0/1/step3,"[2, 211, 1536]",torch.bfloat16,sdpa,True,True,0.0,0.0
b2/mixed-grids/repeat/block0/1/step4,"[2, 211, 1536]",torch.bfloat16,sdpa,True,True,0.0,0.0
b2/mixed-grids/repeat/block0/1/step5,"[2, 211, 1536]",torch.bfloat16,sdpa,True,True,0.0,0.0
b2/mixed-grids/repeat/block0/1/step6,"[2, 211, 1536]",torch.bfloat16,sdpa,True,True,0.0,0.0
b2/mixed-grids/repeat/block0/1/step7,"[2, 211, 1536]",torch.bfloat16,sdpa,True,True,0.0,0.0
b2/mixed-grids/repeat/block0/1/step8,"[2, 211, 1536]",torch.bfloat16,sdpa,True,True,0.0,0.0
b2/mixed-grids/repeat/block0/1/step9,"[2, 211, 1536]",torch.bfloat16,sdpa,True,True,0.0,0.0
b2/mixed-grids/repeat/block1/0/step0,"[2, 30, 1536]",torch.bfloat16,sdpa,True,True,0.0,0.0
b2/mixed-grids/repeat/block1/0/step1,"[2, 30, 1536]",torch.bfloat16,sdpa,True,True,0.0,0.0
b2/mixed-grids/repeat/block1/0/step2,"[2, 30, 1536]",torch.bfloat16,sdpa,True,True,0.0,0.0
b2/mixed-grids/repeat/block1/0/step3,"[2, 30, 1536]",torch.bfloat16,sdpa,True,True,0.0,0.0
b2/mixed-grids/repeat/block1/0/step4,"[2, 30, 1536]",torch.bfloat16,sdpa,True,True,0.0,0.0
b2/mixed-grids/repeat/block1/0/step5,"[2, 30, 1536]",torch.bfloat16,sdpa,True,True,0.0,0.0
b2/mixed-grids/repeat/block1/0/step6,"[2, 30, 1536]",torch.bfloat16,sdpa,True,True,0.0,0.0
b2/mixed-grids/repeat/block1/0/step7,"[2, 30, 1536]",torch.bfloat16,sdpa,True,True,0.0,0.0
b2/mixed-grids/repeat/block1/0/step8,"[2, 30, 1536]",torch.bfloat16,sdpa,True,True,0.0,0.0
b2/mixed-grids/repeat/block1/0/step9,"[2, 30, 1536]",torch.bfloat16,sdpa,True,True,0.0,0.0
b2/mixed-grids/repeat/block1/1/step0,"[2, 211, 1536]",torch.bfloat16,sdpa,True,True,0.0,0.0
b2/mixed-grids/repeat/block1/1/step1,"[2, 211, 1536]",torch.bfloat16,sdpa,True,True,0.0,0.0
b2/mixed-grids/repeat/block1/1/step2,"[2, 211, 1536]",torch.bfloat16,sdpa,True,True,0.0,0.0
b2/mixed-grids/repeat/block1/1/step3,"[2, 211, 1536]",torch.bfloat16,sdpa,True,True,0.0,0.0
b2/mixed-grids/repeat/block1/1/step4,"[2, 211, 1536]",torch.bfloat16,sdpa,True,True,0.0,0.0
b2/mixed-grids/repeat/block1/1/step5,"[2, 211, 1536]",torch.bfloat16,sdpa,True,True,0.0,0.0
b2/mixed-grids/repeat/block1/1/step6,"[2, 211, 1536]",torch.bfloat16,sdpa,True,True,0.0,0.0
b2/mixed-grids/repeat/block1/1/step7,"[2, 211, 1536]",torch.bfloat16,sdpa,True,True,0.0,0.0
b2/mixed-grids/repeat/block1/1/step8,"[2, 211, 1536]",torch.bfloat16,sdpa,True,True,0.0,0.0
b2/mixed-grids/repeat/block1/1/step9,"[2, 211, 1536]",torch.bfloat16,sdpa,True,True,0.0,0.0
b2/mixed-grids/repeat/block2/0/step0,"[2, 30, 1536]",torch.bfloat16,sdpa,True,True,0.0,0.0
b2/mixed-grids/repeat/block2/0/step1,"[2, 30, 1536]",torch.bfloat16,sdpa,True,True,0.0,0.0
b2/mixed-grids/repeat/block2/0/step2,"[2, 30, 1536]",torch.bfloat16,sdpa,True,True,0.0,0.0
b2/mixed-grids/repeat/block2/0/step3,"[2, 30, 1536]",torch.bfloat16,sdpa,True,True,0.0,0.0
b2/mixed-grids/repeat/block2/0/step4,"[2, 30, 1536]",torch.bfloat16,sdpa,True,True,0.0,0.0
b2/mixed-grids/repeat/block2/0/step5,"[2, 30, 1536]",torch.bfloat16,sdpa,True,True,0.0,0.0
b2/mixed-grids/repeat/block2/0/step6,"[2, 30, 1536]",torch.bfloat16,sdpa,True,True,0.0,0.0
b2/mixed-grids/repeat/block2/0/step7,"[2, 30, 1536]",torch.bfloat16,sdpa,True,True,0.0,0.0
b2/mixed-grids/repeat/block2/0/step8,"[2, 30, 1536]",torch.bfloat16,sdpa,True,True,0.0,0.0
b2/mixed-grids/repeat/block2/0/step9,"[2, 30, 1536]",torch.bfloat16,sdpa,True,True,0.0,0.0
b2/mixed-grids/repeat/block2/1/step0,"[2, 211, 1536]",torch.bfloat16,sdpa,True,True,0.0,0.0
b2/mixed-grids/repeat/block2/1/step1,"[2, 211, 1536]",torch.bfloat16,sdpa,True,True,0.0,0.0
b2/mixed-grids/repeat/block2/1/step2,"[2, 211, 1536]",torch.bfloat16,sdpa,True,True,0.0,0.0
b2/mixed-grids/repeat/block2/1/step3,"[2, 211, 1536]",torch.bfloat16,sdpa,True,True,0.0,0.0
b2/mixed-grids/repeat/block2/1/step4,"[2, 211, 1536]",torch.bfloat16,sdpa,True,True,0.0,0.0
b2/mixed-grids/repeat/block2/1/step5,"[2, 211, 1536]",torch.bfloat16,sdpa,True,True,0.0,0.0
b2/mixed-grids/repeat/block2/1/step6,"[2, 211, 1536]",torch.bfloat16,sdpa,True,True,0.0,0.0
b2/mixed-grids/repeat/block2/1/step7,"[2, 211, 1536]",torch.bfloat16,sdpa,True,True,0.0,0.0
b2/mixed-grids/repeat/block2/1/step8,"[2, 211, 1536]",torch.bfloat16,sdpa,True,True,0.0,0.0
b2/mixed-grids/repeat/block2/1/step9,"[2, 211, 1536]",torch.bfloat16,sdpa,True,True,0.0,0.0
b2/mixed-grids/repeat/block3/0/step0,"[2, 30, 1536]",torch.bfloat16,sdpa,True,True,0.0,0.0
b2/mixed-grids/repeat/block3/0/step1,"[2, 30, 1536]",torch.bfloat16,sdpa,True,True,0.0,0.0
b2/mixed-grids/repeat/block3/0/step2,"[2, 30, 1536]",torch.bfloat16,sdpa,True,True,0.0,0.0
b2/mixed-grids/repeat/block3/0/step3,"[2, 30, 1536]",torch.bfloat16,sdpa,True,True,0.0,0.0
b2/mixed-grids/repeat/block3/0/step4,"[2, 30, 1536]",torch.bfloat16,sdpa,True,True,0.0,0.0
b2/mixed-grids/repeat/block3/0/step5,"[2, 30, 1536]",torch.bfloat16,sdpa,True,True,0.0,0.0
b2/mixed-grids/repeat/block3/0/step6,"[2, 30, 1536]",torch.bfloat16,sdpa,True,True,0.0,0.0
b2/mixed-grids/repeat/block3/0/step7,"[2, 30, 1536]",torch.bfloat16,sdpa,True,True,0.0,0.0
b2/mixed-grids/repeat/block3/0/step8,"[2, 30, 1536]",torch.bfloat16,sdpa,True,True,0.0,0.0
b2/mixed-grids/repeat/block3/0/step9,"[2, 30, 1536]",torch.bfloat16,sdpa,True,True,0.0,0.0
b2/mixed-grids/repeat/block3/1/step0,"[2, 211, 1536]",torch.bfloat16,sdpa,True,True,0.0,0.0
b2/mixed-grids/repeat/block3/1/step1,"[2, 211, 1536]",torch.bfloat16,sdpa,True,True,0.0,0.0
b2/mixed-grids/repeat/block3/1/step2,"[2, 211, 1536]",torch.bfloat16,sdpa,True,True,0.0,0.0
b2/mixed-grids/repeat/block3/1/step3,"[2, 211, 1536]",torch.bfloat16,sdpa,True,True,0.0,0.0
b2/mixed-grids/repeat/block3/1/step4,"[2, 211, 1536]",torch.bfloat16,sdpa,True,True,0.0,0.0
b2/mixed-grids/repeat/block3/1/step5,"[2, 211, 1536]",torch.bfloat16,sdpa,True,True,0.0,0.0
b2/mixed-grids/repeat/block3/1/step6,"[2, 211, 1536]",torch.bfloat16,sdpa,True,True,0.0,0.0
b2/mixed-grids/repeat/block3/1/step7,"[2, 211, 1536]",torch.bfloat16,sdpa,True,True,0.0,0.0
b2/mixed-grids/repeat/block3/1/step8,"[2, 211, 1536]",torch.bfloat16,sdpa,True,True,0.0,0.0
b2/mixed-grids/repeat/block3/1/step9,"[2, 211, 1536]",torch.bfloat16,sdpa,True,True,0.0,0.0
b2/mixed-grids/repeat/block4/0/step0,"[2, 30, 1536]",torch.bfloat16,sdpa,True,True,0.0,0.0
b2/mixed-grids/repeat/block4/0/step1,"[2, 30, 1536]",torch.bfloat16,sdpa,True,True,0.0,0.0
b2/mixed-grids/repeat/block4/0/step2,"[2, 30, 1536]",torch.bfloat16,sdpa,True,True,0.0,0.0
b2/mixed-grids/repeat/block4/0/step3,"[2, 30, 1536]",torch.bfloat16,sdpa,True,True,0.0,0.0
b2/mixed-grids/repeat/block4/0/step4,"[2, 30, 1536]",torch.bfloat16,sdpa,True,True,0.0,0.0
b2/mixed-grids/repeat/block4/0/step5,"[2, 30, 1536]",torch.bfloat16,sdpa,True,True,0.0,0.0
b2/mixed-grids/repeat/block4/0/step6,"[2, 30, 1536]",torch.bfloat16,sdpa,True,True,0.0,0.0
b2/mixed-grids/repeat/block4/0/step7,"[2, 30, 1536]",torch.bfloat16,sdpa,True,True,0.0,0.0
b2/mixed-grids/repeat/block4/0/step8,"[2, 30, 1536]",torch.bfloat16,sdpa,True,True,0.0,0.0
b2/mixed-grids/repeat/block4/0/step9,"[2, 30, 1536]",torch.bfloat16,sdpa,True,True,0.0,0.0
b2/mixed-grids/repeat/block4/1/step0,"[2, 211, 1536]",torch.bfloat16,sdpa,True,True,0.0,0.0
b2/mixed-grids/repeat/block4/1/step1,"[2, 211, 1536]",torch.bfloat16,sdpa,True,True,0.0,0.0
b2/mixed-grids/repeat/block4/1/step2,"[2, 211, 1536]",torch.bfloat16,sdpa,True,True,0.0,0.0
b2/mixed-grids/repeat/block4/1/step3,"[2, 211, 1536]",torch.bfloat16,sdpa,True,True,0.0,0.0
b2/mixed-grids/repeat/block4/1/step4,"[2, 211, 1536]",torch.bfloat16,sdpa,True,True,0.0,0.0
b2/mixed-grids/repeat/block4/1/step5,"[2, 211, 1536]",torch.bfloat16,sdpa,True,True,0.0,0.0
b2/mixed-grids/repeat/block4/1/step6,"[2, 211, 1536]",torch.bfloat16,sdpa,True,True,0.0,0.0
b2/mixed-grids/repeat/block4/1/step7,"[2, 211, 1536]",torch.bfloat16,sdpa,True,True,0.0,0.0
b2/mixed-grids/repeat/block4/1/step8,"[2, 211, 1536]",torch.bfloat16,sdpa,True,True,0.0,0.0
b2/mixed-grids/repeat/block4/1/step9,"[2, 211, 1536]",torch.bfloat16,sdpa,True,True,0.0,0.0
b2/mixed-grids/repeat/block5/0/step0,"[2, 30, 1536]",torch.bfloat16,sdpa,True,True,0.0,0.0
b2/mixed-grids/repeat/block5/0/step1,"[2, 30, 1536]",torch.bfloat16,sdpa,True,True,0.0,0.0
b2/mixed-grids/repeat/block5/0/step2,"[2, 30, 1536]",torch.bfloat16,sdpa,True,True,0.0,0.0
b2/mixed-grids/repeat/block5/0/step3,"[2, 30, 1536]",torch.bfloat16,sdpa,True,True,0.0,0.0
b2/mixed-grids/repeat/block5/0/step4,"[2, 30, 1536]",torch.bfloat16,sdpa,True,True,0.0,0.0
b2/mixed-grids/repeat/block5/0/step5,"[2, 30, 1536]",torch.bfloat16,sdpa,True,True,0.0,0.0
b2/mixed-grids/repeat/block5/0/step6,"[2, 30, 1536]",torch.bfloat16,sdpa,True,True,0.0,0.0
b2/mixed-grids/repeat/block5/0/step7,"[2, 30, 1536]",torch.bfloat16,sdpa,True,True,0.0,0.0
b2/mixed-grids/repeat/block5/0/step8,"[2, 30, 1536]",torch.bfloat16,sdpa,True,True,0.0,0.0
b2/mixed-grids/repeat/block5/0/step9,"[2, 30, 1536]",torch.bfloat16,sdpa,True,True,0.0,0.0
b2/mixed-grids/repeat/velocity/step0,"[2, 30, 78]",torch.bfloat16,sdpa,True,True,0.0,0.0
b2/mixed-grids/repeat/velocity/step1,"[2, 30, 78]",torch.bfloat16,sdpa,True,True,0.0,0.0
b2/mixed-grids/repeat/velocity/step2,"[2, 30, 78]",torch.bfloat16,sdpa,True,True,0.0,0.0
b2/mixed-grids/repeat/velocity/step3,"[2, 30, 78]",torch.bfloat16,sdpa,True,True,0.0,0.0
b2/mixed-grids/repeat/velocity/step4,"[2, 30, 78]",torch.bfloat16,sdpa,True,True,0.0,0.0
b2/mixed-grids/repeat/velocity/step5,"[2, 30, 78]",torch.bfloat16,sdpa,True,True,0.0,0.0
b2/mixed-grids/repeat/velocity/step6,"[2, 30, 78]",torch.bfloat16,sdpa,True,True,0.0,0.0
b2/mixed-grids/repeat/velocity/step7,"[2, 30, 78]",torch.bfloat16,sdpa,True,True,0.0,0.0
b2/mixed-grids/repeat/velocity/step8,"[2, 30, 78]",torch.bfloat16,sdpa,True,True,0.0,0.0
b2/mixed-grids/repeat/velocity/step9,"[2, 30, 78]",torch.bfloat16,sdpa,True,True,0.0,0.0
b2/mixed-grids/repeat/actions/step0,"[2, 30, 78]",torch.bfloat16,sdpa,True,True,0.0,0.0
b2/mixed-grids/repeat/actions/step1,"[2, 30, 78]",torch.bfloat16,sdpa,True,True,0.0,0.0
b2/mixed-grids/repeat/actions/step2,"[2, 30, 78]",torch.bfloat16,sdpa,True,True,0.0,0.0
b2/mixed-grids/repeat/actions/step3,"[2, 30, 78]",torch.bfloat16,sdpa,True,True,0.0,0.0
b2/mixed-grids/repeat/actions/step4,"[2, 30, 78]",torch.bfloat16,sdpa,True,True,0.0,0.0
b2/mixed-grids/repeat/actions/step5,"[2, 30, 78]",torch.bfloat16,sdpa,True,True,0.0,0.0
b2/mixed-grids/repeat/actions/step6,"[2, 30, 78]",torch.bfloat16,sdpa,True,True,0.0,0.0
b2/mixed-grids/repeat/actions/step7,"[2, 30, 78]",torch.bfloat16,sdpa,True,True,0.0,0.0
b2/mixed-grids/repeat/actions/step8,"[2, 30, 78]",torch.bfloat16,sdpa,True,True,0.0,0.0
b2/mixed-grids/repeat/actions/step9,"[2, 30, 78]",torch.bfloat16,sdpa,True,True,0.0,0.0
b2/mixed-grids/input_ids,"[2, 210]",torch.int64,sdpa,True,True,0.0,0.0
b2/mixed-grids/attention_mask,"[2, 210]",torch.bool,sdpa,True,True,0.0,0.0
b2/mixed-grids/image_grid_thw,"[2, 3]",torch.int64,sdpa,True,True,0.0,0.0
b2/mixed-grids/pixel_values,"[1428, 1536]",torch.bfloat16,sdpa,True,True,0.0,0.0
b2/mixed-grids/positions,"[3, 2, 210]",torch.int64,sdpa,True,True,0.0,0.0
b2/mixed-grids/features,"[2, 1, 210, 2048]",torch.bfloat16,sdpa,True,True,0.0,0.0
b2/mixed-grids/final,"[2, 30, 78]",torch.float32,sdpa,True,True,0.0,0.0
b2/mixed-grids/time/0/step0,"[2, 1536]",torch.bfloat16,sdpa,True,True,0.0,0.0
b2/mixed-grids/time/0/step1,"[2, 1536]",torch.bfloat16,sdpa,True,True,0.0,0.0
b2/mixed-grids/time/0/step2,"[2, 1536]",torch.bfloat16,sdpa,True,True,0.0,0.0
b2/mixed-grids/time/0/step3,"[2, 1536]",torch.bfloat16,sdpa,True,True,0.0,0.0
b2/mixed-grids/time/0/step4,"[2, 1536]",torch.bfloat16,sdpa,True,True,0.0,0.0
b2/mixed-grids/time/0/step5,"[2, 1536]",torch.bfloat16,sdpa,True,True,0.0,0.0
b2/mixed-grids/time/0/step6,"[2, 1536]",torch.bfloat16,sdpa,True,True,0.0,0.0
b2/mixed-grids/time/0/step7,"[2, 1536]",torch.bfloat16,sdpa,True,True,0.0,0.0
b2/mixed-grids/time/0/step8,"[2, 1536]",torch.bfloat16,sdpa,True,True,0.0,0.0
b2/mixed-grids/time/0/step9,"[2, 1536]",torch.bfloat16,sdpa,True,True,0.0,0.0
b2/mixed-grids/action-in/0/step0,"[2, 30, 1536]",torch.bfloat16,sdpa,True,True,0.0,0.0
b2/mixed-grids/action-in/0/step1,"[2, 30, 1536]",torch.bfloat16,sdpa,True,True,0.0,0.0
b2/mixed-grids/action-in/0/step2,"[2, 30, 1536]",torch.bfloat16,sdpa,True,True,0.0,0.0
b2/mixed-grids/action-in/0/step3,"[2, 30, 1536]",torch.bfloat16,sdpa,True,True,0.0,0.0
b2/mixed-grids/action-in/0/step4,"[2, 30, 1536]",torch.bfloat16,sdpa,True,True,0.0,0.0
b2/mixed-grids/action-in/0/step5,"[2, 30, 1536]",torch.bfloat16,sdpa,True,True,0.0,0.0
b2/mixed-grids/action-in/0/step6,"[2, 30, 1536]",torch.bfloat16,sdpa,True,True,0.0,0.0
b2/mixed-grids/action-in/0/step7,"[2, 30, 1536]",torch.bfloat16,sdpa,True,True,0.0,0.0
b2/mixed-grids/action-in/0/step8,"[2, 30, 1536]",torch.bfloat16,sdpa,True,True,0.0,0.0
b2/mixed-grids/action-in/0/step9,"[2, 30, 1536]",torch.bfloat16,sdpa,True,True,0.0,0.0
b2/mixed-grids/obs/0/step0,"[2, 211, 1536]",torch.bfloat16,sdpa,True,True,0.0,0.0
b2/mixed-grids/obs/1/step0,"[2, 211]",torch.bool,sdpa,True,True,0.0,0.0
b2/mixed-grids/block0/0/step0,"[2, 30, 1536]",torch.bfloat16,sdpa,True,True,0.0,0.0
b2/mixed-grids/block0/0/step1,"[2, 30, 1536]",torch.bfloat16,sdpa,True,True,0.0,0.0
b2/mixed-grids/block0/0/step2,"[2, 30, 1536]",torch.bfloat16,sdpa,True,True,0.0,0.0
b2/mixed-grids/block0/0/step3,"[2, 30, 1536]",torch.bfloat16,sdpa,True,True,0.0,0.0
b2/mixed-grids/block0/0/step4,"[2, 30, 1536]",torch.bfloat16,sdpa,True,True,0.0,0.0
b2/mixed-grids/block0/0/step5,"[2, 30, 1536]",torch.bfloat16,sdpa,True,True,0.0,0.0
b2/mixed-grids/block0/0/step6,"[2, 30, 1536]",torch.bfloat16,sdpa,True,True,0.0,0.0
b2/mixed-grids/block0/0/step7,"[2, 30, 1536]",torch.bfloat16,sdpa,True,True,0.0,0.0
b2/mixed-grids/block0/0/step8,"[2, 30, 1536]",torch.bfloat16,sdpa,True,True,0.0,0.0
b2/mixed-grids/block0/0/step9,"[2, 30, 1536]",torch.bfloat16,sdpa,True,True,0.0,0.0
b2/mixed-grids/block0/1/step0,"[2, 211, 1536]",torch.bfloat16,sdpa,True,True,0.0,0.0
b2/mixed-grids/block0/1/step1,"[2, 211, 1536]",torch.bfloat16,sdpa,True,True,0.0,0.0
b2/mixed-grids/block0/1/step2,"[2, 211, 1536]",torch.bfloat16,sdpa,True,True,0.0,0.0
b2/mixed-grids/block0/1/step3,"[2, 211, 1536]",torch.bfloat16,sdpa,True,True,0.0,0.0
b2/mixed-grids/block0/1/step4,"[2, 211, 1536]",torch.bfloat16,sdpa,True,True,0.0,0.0
b2/mixed-grids/block0/1/step5,"[2, 211, 1536]",torch.bfloat16,sdpa,True,True,0.0,0.0
b2/mixed-grids/block0/1/step6,"[2, 211, 1536]",torch.bfloat16,sdpa,True,True,0.0,0.0
b2/mixed-grids/block0/1/step7,"[2, 211, 1536]",torch.bfloat16,sdpa,True,True,0.0,0.0
b2/mixed-grids/block0/1/step8,"[2, 211, 1536]",torch.bfloat16,sdpa,True,True,0.0,0.0
b2/mixed-grids/block0/1/step9,"[2, 211, 1536]",torch.bfloat16,sdpa,True,True,0.0,0.0
b2/mixed-grids/block1/0/step0,"[2, 30, 1536]",torch.bfloat16,sdpa,True,True,0.0,0.0
b2/mixed-grids/block1/0/step1,"[2, 30, 1536]",torch.bfloat16,sdpa,True,True,0.0,0.0
b2/mixed-grids/block1/0/step2,"[2, 30, 1536]",torch.bfloat16,sdpa,True,True,0.0,0.0
b2/mixed-grids/block1/0/step3,"[2, 30, 1536]",torch.bfloat16,sdpa,True,True,0.0,0.0
b2/mixed-grids/block1/0/step4,"[2, 30, 1536]",torch.bfloat16,sdpa,True,True,0.0,0.0
b2/mixed-grids/block1/0/step5,"[2, 30, 1536]",torch.bfloat16,sdpa,True,True,0.0,0.0
b2/mixed-grids/block1/0/step6,"[2, 30, 1536]",torch.bfloat16,sdpa,True,True,0.0,0.0
b2/mixed-grids/block1/0/step7,"[2, 30, 1536]",torch.bfloat16,sdpa,True,True,0.0,0.0
b2/mixed-grids/block1/0/step8,"[2, 30, 1536]",torch.bfloat16,sdpa,True,True,0.0,0.0
b2/mixed-grids/block1/0/step9,"[2, 30, 1536]",torch.bfloat16,sdpa,True,True,0.0,0.0
b2/mixed-grids/block1/1/step0,"[2, 211, 1536]",torch.bfloat16,sdpa,True,True,0.0,0.0
b2/mixed-grids/block1/1/step1,"[2, 211, 1536]",torch.bfloat16,sdpa,True,True,0.0,0.0
b2/mixed-grids/block1/1/step2,"[2, 211, 1536]",torch.bfloat16,sdpa,True,True,0.0,0.0
b2/mixed-grids/block1/1/step3,"[2, 211, 1536]",torch.bfloat16,sdpa,True,True,0.0,0.0
b2/mixed-grids/block1/1/step4,"[2, 211, 1536]",torch.bfloat16,sdpa,True,True,0.0,0.0
b2/mixed-grids/block1/1/step5,"[2, 211, 1536]",torch.bfloat16,sdpa,True,True,0.0,0.0
b2/mixed-grids/block1/1/step6,"[2, 211, 1536]",torch.bfloat16,sdpa,True,True,0.0,0.0
b2/mixed-grids/block1/1/step7,"[2, 211, 1536]",torch.bfloat16,sdpa,True,True,0.0,0.0
b2/mixed-grids/block1/1/step8,"[2, 211, 1536]",torch.bfloat16,sdpa,True,True,0.0,0.0
b2/mixed-grids/block1/1/step9,"[2, 211, 1536]",torch.bfloat16,sdpa,True,True,0.0,0.0
b2/mixed-grids/block2/0/step0,"[2, 30, 1536]",torch.bfloat16,sdpa,True,True,0.0,0.0
b2/mixed-grids/block2/0/step1,"[2, 30, 1536]",torch.bfloat16,sdpa,True,True,0.0,0.0
b2/mixed-grids/block2/0/step2,"[2, 30, 1536]",torch.bfloat16,sdpa,True,True,0.0,0.0
b2/mixed-grids/block2/0/step3,"[2, 30, 1536]",torch.bfloat16,sdpa,True,True,0.0,0.0
b2/mixed-grids/block2/0/step4,"[2, 30, 1536]",torch.bfloat16,sdpa,True,True,0.0,0.0
b2/mixed-grids/block2/0/step5,"[2, 30, 1536]",torch.bfloat16,sdpa,True,True,0.0,0.0
b2/mixed-grids/block2/0/step6,"[2, 30, 1536]",torch.bfloat16,sdpa,True,True,0.0,0.0
b2/mixed-grids/block2/0/step7,"[2, 30, 1536]",torch.bfloat16,sdpa,True,True,0.0,0.0
b2/mixed-grids/block2/0/step8,"[2, 30, 1536]",torch.bfloat16,sdpa,True,True,0.0,0.0
b2/mixed-grids/block2/0/step9,"[2, 30, 1536]",torch.bfloat16,sdpa,True,True,0.0,0.0
b2/mixed-grids/block2/1/step0,"[2, 211, 1536]",torch.bfloat16,sdpa,True,True,0.0,0.0
b2/mixed-grids/block2/1/step1,"[2, 211, 1536]",torch.bfloat16,sdpa,True,True,0.0,0.0
b2/mixed-grids/block2/1/step2,"[2, 211, 1536]",torch.bfloat16,sdpa,True,True,0.0,0.0
b2/mixed-grids/block2/1/step3,"[2, 211, 1536]",torch.bfloat16,sdpa,True,True,0.0,0.0
b2/mixed-grids/block2/1/step4,"[2, 211, 1536]",torch.bfloat16,sdpa,True,True,0.0,0.0
b2/mixed-grids/block2/1/step5,"[2, 211, 1536]",torch.bfloat16,sdpa,True,True,0.0,0.0
b2/mixed-grids/block2/1/step6,"[2, 211, 1536]",torch.bfloat16,sdpa,True,True,0.0,0.0
b2/mixed-grids/block2/1/step7,"[2, 211, 1536]",torch.bfloat16,sdpa,True,True,0.0,0.0
b2/mixed-grids/block2/1/step8,"[2, 211, 1536]",torch.bfloat16,sdpa,True,True,0.0,0.0
b2/mixed-grids/block2/1/step9,"[2, 211, 1536]",torch.bfloat16,sdpa,True,True,0.0,0.0
b2/mixed-grids/block3/0/step0,"[2, 30, 1536]",torch.bfloat16,sdpa,True,True,0.0,0.0
b2/mixed-grids/block3/0/step1,"[2, 30, 1536]",torch.bfloat16,sdpa,True,True,0.0,0.0
b2/mixed-grids/block3/0/step2,"[2, 30, 1536]",torch.bfloat16,sdpa,True,True,0.0,0.0
b2/mixed-grids/block3/0/step3,"[2, 30, 1536]",torch.bfloat16,sdpa,True,True,0.0,0.0
b2/mixed-grids/block3/0/step4,"[2, 30, 1536]",torch.bfloat16,sdpa,True,True,0.0,0.0
b2/mixed-grids/block3/0/step5,"[2, 30, 1536]",torch.bfloat16,sdpa,True,True,0.0,0.0
b2/mixed-grids/block3/0/step6,"[2, 30, 1536]",torch.bfloat16,sdpa,True,True,0.0,0.0
b2/mixed-grids/block3/0/step7,"[2, 30, 1536]",torch.bfloat16,sdpa,True,True,0.0,0.0
b2/mixed-grids/block3/0/step8,"[2, 30, 1536]",torch.bfloat16,sdpa,True,True,0.0,0.0
b2/mixed-grids/block3/0/step9,"[2, 30, 1536]",torch.bfloat16,sdpa,True,True,0.0,0.0
b2/mixed-grids/block3/1/step0,"[2, 211, 1536]",torch.bfloat16,sdpa,True,True,0.0,0.0
b2/mixed-grids/block3/1/step1,"[2, 211, 1536]",torch.bfloat16,sdpa,True,True,0.0,0.0
b2/mixed-grids/block3/1/step2,"[2, 211, 1536]",torch.bfloat16,sdpa,True,True,0.0,0.0
b2/mixed-grids/block3/1/step3,"[2, 211, 1536]",torch.bfloat16,sdpa,True,True,0.0,0.0
b2/mixed-grids/block3/1/step4,"[2, 211, 1536]",torch.bfloat16,sdpa,True,True,0.0,0.0
b2/mixed-grids/block3/1/step5,"[2, 211, 1536]",torch.bfloat16,sdpa,True,True,0.0,0.0
b2/mixed-grids/block3/1/step6,"[2, 211, 1536]",torch.bfloat16,sdpa,True,True,0.0,0.0
b2/mixed-grids/block3/1/step7,"[2, 211, 1536]",torch.bfloat16,sdpa,True,True,0.0,0.0
b2/mixed-grids/block3/1/step8,"[2, 211, 1536]",torch.bfloat16,sdpa,True,True,0.0,0.0
b2/mixed-grids/block3/1/step9,"[2, 211, 1536]",torch.bfloat16,sdpa,True,True,0.0,0.0
b2/mixed-grids/block4/0/step0,"[2, 30, 1536]",torch.bfloat16,sdpa,True,True,0.0,0.0
b2/mixed-grids/block4/0/step1,"[2, 30, 1536]",torch.bfloat16,sdpa,True,True,0.0,0.0
b2/mixed-grids/block4/0/step2,"[2, 30, 1536]",torch.bfloat16,sdpa,True,True,0.0,0.0
b2/mixed-grids/block4/0/step3,"[2, 30, 1536]",torch.bfloat16,sdpa,True,True,0.0,0.0
b2/mixed-grids/block4/0/step4,"[2, 30, 1536]",torch.bfloat16,sdpa,True,True,0.0,0.0
b2/mixed-grids/block4/0/step5,"[2, 30, 1536]",torch.bfloat16,sdpa,True,True,0.0,0.0
b2/mixed-grids/block4/0/step6,"[2, 30, 1536]",torch.bfloat16,sdpa,True,True,0.0,0.0
b2/mixed-grids/block4/0/step7,"[2, 30, 1536]",torch.bfloat16,sdpa,True,True,0.0,0.0
b2/mixed-grids/block4/0/step8,"[2, 30, 1536]",torch.bfloat16,sdpa,True,True,0.0,0.0
b2/mixed-grids/block4/0/step9,"[2, 30, 1536]",torch.bfloat16,sdpa,True,True,0.0,0.0
b2/mixed-grids/block4/1/step0,"[2, 211, 1536]",torch.bfloat16,sdpa,True,True,0.0,0.0
b2/mixed-grids/block4/1/step1,"[2, 211, 1536]",torch.bfloat16,sdpa,True,True,0.0,0.0
b2/mixed-grids/block4/1/step2,"[2, 211, 1536]",torch.bfloat16,sdpa,True,True,0.0,0.0
b2/mixed-grids/block4/1/step3,"[2, 211, 1536]",torch.bfloat16,sdpa,True,True,0.0,0.0
b2/mixed-grids/block4/1/step4,"[2, 211, 1536]",torch.bfloat16,sdpa,True,True,0.0,0.0
b2/mixed-grids/block4/1/step5,"[2, 211, 1536]",torch.bfloat16,sdpa,True,True,0.0,0.0
b2/mixed-grids/block4/1/step6,"[2, 211, 1536]",torch.bfloat16,sdpa,True,True,0.0,0.0
b2/mixed-grids/block4/1/step7,"[2, 211, 1536]",torch.bfloat16,sdpa,True,True,0.0,0.0
b2/mixed-grids/block4/1/step8,"[2, 211, 1536]",torch.bfloat16,sdpa,True,True,0.0,0.0
b2/mixed-grids/block4/1/step9,"[2, 211, 1536]",torch.bfloat16,sdpa,True,True,0.0,0.0
b2/mixed-grids/block5/0/step0,"[2, 30, 1536]",torch.bfloat16,sdpa,True,True,0.0,0.0
b2/mixed-grids/block5/0/step1,"[2, 30, 1536]",torch.bfloat16,sdpa,True,True,0.0,0.0
b2/mixed-grids/block5/0/step2,"[2, 30, 1536]",torch.bfloat16,sdpa,True,True,0.0,0.0
b2/mixed-grids/block5/0/step3,"[2, 30, 1536]",torch.bfloat16,sdpa,True,True,0.0,0.0
b2/mixed-grids/block5/0/step4,"[2, 30, 1536]",torch.bfloat16,sdpa,True,True,0.0,0.0
b2/mixed-grids/block5/0/step5,"[2, 30, 1536]",torch.bfloat16,sdpa,True,True,0.0,0.0
b2/mixed-grids/block5/0/step6,"[2, 30, 1536]",torch.bfloat16,sdpa,True,True,0.0,0.0
b2/mixed-grids/block5/0/step7,"[2, 30, 1536]",torch.bfloat16,sdpa,True,True,0.0,0.0
b2/mixed-grids/block5/0/step8,"[2, 30, 1536]",torch.bfloat16,sdpa,True,True,0.0,0.0
b2/mixed-grids/block5/0/step9,"[2, 30, 1536]",torch.bfloat16,sdpa,True,True,0.0,0.0
b2/mixed-grids/velocity/step0,"[2, 30, 78]",torch.bfloat16,sdpa,True,True,0.0,0.0
b2/mixed-grids/velocity/step1,"[2, 30, 78]",torch.bfloat16,sdpa,True,True,0.0,0.0
b2/mixed-grids/velocity/step2,"[2, 30, 78]",torch.bfloat16,sdpa,True,True,0.0,0.0
b2/mixed-grids/velocity/step3,"[2, 30, 78]",torch.bfloat16,sdpa,True,True,0.0,0.0
b2/mixed-grids/velocity/step4,"[2, 30, 78]",torch.bfloat16,sdpa,True,True,0.0,0.0
b2/mixed-grids/velocity/step5,"[2, 30, 78]",torch.bfloat16,sdpa,True,True,0.0,0.0
b2/mixed-grids/velocity/step6,"[2, 30, 78]",torch.bfloat16,sdpa,True,True,0.0,0.0
b2/mixed-grids/velocity/step7,"[2, 30, 78]",torch.bfloat16,sdpa,True,True,0.0,0.0
b2/mixed-grids/velocity/step8,"[2, 30, 78]",torch.bfloat16,sdpa,True,True,0.0,0.0
b2/mixed-grids/velocity/step9,"[2, 30, 78]",torch.bfloat16,sdpa,True,True,0.0,0.0
b2/mixed-grids/actions/step0,"[2, 30, 78]",torch.bfloat16,sdpa,True,True,0.0,0.0
b2/mixed-grids/actions/step1,"[2, 30, 78]",torch.bfloat16,sdpa,True,True,0.0,0.0
b2/mixed-grids/actions/step2,"[2, 30, 78]",torch.bfloat16,sdpa,True,True,0.0,0.0
b2/mixed-grids/actions/step3,"[2, 30, 78]",torch.bfloat16,sdpa,True,True,0.0,0.0
b2/mixed-grids/actions/step4,"[2, 30, 78]",torch.bfloat16,sdpa,True,True,0.0,0.0
b2/mixed-grids/actions/step5,"[2, 30, 78]",torch.bfloat16,sdpa,True,True,0.0,0.0
b2/mixed-grids/actions/step6,"[2, 30, 78]",torch.bfloat16,sdpa,True,True,0.0,0.0
b2/mixed-grids/actions/step7,"[2, 30, 78]",torch.bfloat16,sdpa,True,True,0.0,0.0
b2/mixed-grids/actions/step8,"[2, 30, 78]",torch.bfloat16,sdpa,True,True,0.0,0.0
b2/mixed-grids/actions/step9,"[2, 30, 78]",torch.bfloat16,sdpa,True,True,0.0,0.0
b2/mixed-grids/denormalized,"[2, 30, 78]",torch.float32,sdpa,True,True,0.0,0.0
b4/state-normalization,"[4, 1, 43]",torch.float32,sdpa,True,True,0.0,0.0
b4/image-transform/row0,"[240, 320, 3]",torch.uint8,sdpa,True,True,0.0,0.0
b4/image-transform/row1,"[240, 320, 3]",torch.uint8,sdpa,True,True,0.0,0.0
b4/image-transform/row2,"[240, 320, 3]",torch.uint8,sdpa,True,True,0.0,0.0
b4/image-transform/row3,"[240, 320, 3]",torch.uint8,sdpa,True,True,0.0,0.0
b4/transformed/repeat/input_ids,"[4, 107]",torch.int64,sdpa,True,True,0.0,0.0
b4/transformed/repeat/attention_mask,"[4, 107]",torch.bool,sdpa,True,True,0.0,0.0
b4/transformed/repeat/image_grid_thw,"[4, 3]",torch.int64,sdpa,True,True,0.0,0.0
b4/transformed/repeat/pixel_values,"[1280, 1536]",torch.bfloat16,sdpa,True,True,0.0,0.0
b4/transformed/repeat/positions,"[3, 4, 107]",torch.int64,sdpa,True,True,0.0,0.0
b4/transformed/repeat/features,"[4, 1, 107, 2048]",torch.bfloat16,sdpa,True,True,0.0,0.0
b4/transformed/repeat/final,"[4, 30, 78]",torch.float32,sdpa,True,True,0.0,0.0
b4/transformed/repeat/time/0/step0,"[4, 1536]",torch.bfloat16,sdpa,True,True,0.0,0.0
b4/transformed/repeat/time/0/step1,"[4, 1536]",torch.bfloat16,sdpa,True,True,0.0,0.0
b4/transformed/repeat/time/0/step2,"[4, 1536]",torch.bfloat16,sdpa,True,True,0.0,0.0
b4/transformed/repeat/time/0/step3,"[4, 1536]",torch.bfloat16,sdpa,True,True,0.0,0.0
b4/transformed/repeat/time/0/step4,"[4, 1536]",torch.bfloat16,sdpa,True,True,0.0,0.0
b4/transformed/repeat/time/0/step5,"[4, 1536]",torch.bfloat16,sdpa,True,True,0.0,0.0
b4/transformed/repeat/time/0/step6,"[4, 1536]",torch.bfloat16,sdpa,True,True,0.0,0.0
b4/transformed/repeat/time/0/step7,"[4, 1536]",torch.bfloat16,sdpa,True,True,0.0,0.0
b4/transformed/repeat/time/0/step8,"[4, 1536]",torch.bfloat16,sdpa,True,True,0.0,0.0
b4/transformed/repeat/time/0/step9,"[4, 1536]",torch.bfloat16,sdpa,True,True,0.0,0.0
b4/transformed/repeat/action-in/0/step0,"[4, 30, 1536]",torch.bfloat16,sdpa,True,True,0.0,0.0
b4/transformed/repeat/action-in/0/step1,"[4, 30, 1536]",torch.bfloat16,sdpa,True,True,0.0,0.0
b4/transformed/repeat/action-in/0/step2,"[4, 30, 1536]",torch.bfloat16,sdpa,True,True,0.0,0.0
b4/transformed/repeat/action-in/0/step3,"[4, 30, 1536]",torch.bfloat16,sdpa,True,True,0.0,0.0
b4/transformed/repeat/action-in/0/step4,"[4, 30, 1536]",torch.bfloat16,sdpa,True,True,0.0,0.0
b4/transformed/repeat/action-in/0/step5,"[4, 30, 1536]",torch.bfloat16,sdpa,True,True,0.0,0.0
b4/transformed/repeat/action-in/0/step6,"[4, 30, 1536]",torch.bfloat16,sdpa,True,True,0.0,0.0
b4/transformed/repeat/action-in/0/step7,"[4, 30, 1536]",torch.bfloat16,sdpa,True,True,0.0,0.0
b4/transformed/repeat/action-in/0/step8,"[4, 30, 1536]",torch.bfloat16,sdpa,True,True,0.0,0.0
b4/transformed/repeat/action-in/0/step9,"[4, 30, 1536]",torch.bfloat16,sdpa,True,True,0.0,0.0
b4/transformed/repeat/obs/0/step0,"[4, 108, 1536]",torch.bfloat16,sdpa,True,True,0.0,0.0
b4/transformed/repeat/obs/0/step1,"[4, 108, 1536]",torch.bfloat16,sdpa,True,True,0.0,0.0
b4/transformed/repeat/obs/0/step2,"[4, 108, 1536]",torch.bfloat16,sdpa,True,True,0.0,0.0
b4/transformed/repeat/obs/0/step3,"[4, 108, 1536]",torch.bfloat16,sdpa,True,True,0.0,0.0
b4/transformed/repeat/obs/0/step4,"[4, 108, 1536]",torch.bfloat16,sdpa,True,True,0.0,0.0
b4/transformed/repeat/obs/0/step5,"[4, 108, 1536]",torch.bfloat16,sdpa,True,True,0.0,0.0
b4/transformed/repeat/obs/0/step6,"[4, 108, 1536]",torch.bfloat16,sdpa,True,True,0.0,0.0
b4/transformed/repeat/obs/0/step7,"[4, 108, 1536]",torch.bfloat16,sdpa,True,True,0.0,0.0
b4/transformed/repeat/obs/0/step8,"[4, 108, 1536]",torch.bfloat16,sdpa,True,True,0.0,0.0
b4/transformed/repeat/obs/0/step9,"[4, 108, 1536]",torch.bfloat16,sdpa,True,True,0.0,0.0
b4/transformed/repeat/obs/1/step0,"[4, 108]",torch.float32,sdpa,True,True,0.0,0.0
b4/transformed/repeat/obs/1/step1,"[4, 108]",torch.float32,sdpa,True,True,0.0,0.0
b4/transformed/repeat/obs/1/step2,"[4, 108]",torch.float32,sdpa,True,True,0.0,0.0
b4/transformed/repeat/obs/1/step3,"[4, 108]",torch.float32,sdpa,True,True,0.0,0.0
b4/transformed/repeat/obs/1/step4,"[4, 108]",torch.float32,sdpa,True,True,0.0,0.0
b4/transformed/repeat/obs/1/step5,"[4, 108]",torch.float32,sdpa,True,True,0.0,0.0
b4/transformed/repeat/obs/1/step6,"[4, 108]",torch.float32,sdpa,True,True,0.0,0.0
b4/transformed/repeat/obs/1/step7,"[4, 108]",torch.float32,sdpa,True,True,0.0,0.0
b4/transformed/repeat/obs/1/step8,"[4, 108]",torch.float32,sdpa,True,True,0.0,0.0
b4/transformed/repeat/obs/1/step9,"[4, 108]",torch.float32,sdpa,True,True,0.0,0.0
b4/transformed/repeat/block0/0/step0,"[4, 30, 1536]",torch.bfloat16,sdpa,True,True,0.0,0.0
b4/transformed/repeat/block0/0/step1,"[4, 30, 1536]",torch.bfloat16,sdpa,True,True,0.0,0.0
b4/transformed/repeat/block0/0/step2,"[4, 30, 1536]",torch.bfloat16,sdpa,True,True,0.0,0.0
b4/transformed/repeat/block0/0/step3,"[4, 30, 1536]",torch.bfloat16,sdpa,True,True,0.0,0.0
b4/transformed/repeat/block0/0/step4,"[4, 30, 1536]",torch.bfloat16,sdpa,True,True,0.0,0.0
b4/transformed/repeat/block0/0/step5,"[4, 30, 1536]",torch.bfloat16,sdpa,True,True,0.0,0.0
b4/transformed/repeat/block0/0/step6,"[4, 30, 1536]",torch.bfloat16,sdpa,True,True,0.0,0.0
b4/transformed/repeat/block0/0/step7,"[4, 30, 1536]",torch.bfloat16,sdpa,True,True,0.0,0.0
b4/transformed/repeat/block0/0/step8,"[4, 30, 1536]",torch.bfloat16,sdpa,True,True,0.0,0.0
b4/transformed/repeat/block0/0/step9,"[4, 30, 1536]",torch.bfloat16,sdpa,True,True,0.0,0.0
b4/transformed/repeat/block0/1/step0,"[4, 108, 1536]",torch.bfloat16,sdpa,True,True,0.0,0.0
b4/transformed/repeat/block0/1/step1,"[4, 108, 1536]",torch.bfloat16,sdpa,True,True,0.0,0.0
b4/transformed/repeat/block0/1/step2,"[4, 108, 1536]",torch.bfloat16,sdpa,True,True,0.0,0.0
b4/transformed/repeat/block0/1/step3,"[4, 108, 1536]",torch.bfloat16,sdpa,True,True,0.0,0.0
b4/transformed/repeat/block0/1/step4,"[4, 108, 1536]",torch.bfloat16,sdpa,True,True,0.0,0.0
b4/transformed/repeat/block0/1/step5,"[4, 108, 1536]",torch.bfloat16,sdpa,True,True,0.0,0.0
b4/transformed/repeat/block0/1/step6,"[4, 108, 1536]",torch.bfloat16,sdpa,True,True,0.0,0.0
b4/transformed/repeat/block0/1/step7,"[4, 108, 1536]",torch.bfloat16,sdpa,True,True,0.0,0.0
b4/transformed/repeat/block0/1/step8,"[4, 108, 1536]",torch.bfloat16,sdpa,True,True,0.0,0.0
b4/transformed/repeat/block0/1/step9,"[4, 108, 1536]",torch.bfloat16,sdpa,True,True,0.0,0.0
b4/transformed/repeat/block1/0/step0,"[4, 30, 1536]",torch.bfloat16,sdpa,True,True,0.0,0.0
b4/transformed/repeat/block1/0/step1,"[4, 30, 1536]",torch.bfloat16,sdpa,True,True,0.0,0.0
b4/transformed/repeat/block1/0/step2,"[4, 30, 1536]",torch.bfloat16,sdpa,True,True,0.0,0.0
b4/transformed/repeat/block1/0/step3,"[4, 30, 1536]",torch.bfloat16,sdpa,True,True,0.0,0.0
b4/transformed/repeat/block1/0/step4,"[4, 30, 1536]",torch.bfloat16,sdpa,True,True,0.0,0.0
b4/transformed/repeat/block1/0/step5,"[4, 30, 1536]",torch.bfloat16,sdpa,True,True,0.0,0.0
b4/transformed/repeat/block1/0/step6,"[4, 30, 1536]",torch.bfloat16,sdpa,True,True,0.0,0.0
b4/transformed/repeat/block1/0/step7,"[4, 30, 1536]",torch.bfloat16,sdpa,True,True,0.0,0.0
b4/transformed/repeat/block1/0/step8,"[4, 30, 1536]",torch.bfloat16,sdpa,True,True,0.0,0.0
b4/transformed/repeat/block1/0/step9,"[4, 30, 1536]",torch.bfloat16,sdpa,True,True,0.0,0.0
b4/transformed/repeat/block1/1/step0,"[4, 108, 1536]",torch.bfloat16,sdpa,True,True,0.0,0.0
b4/transformed/repeat/block1/1/step1,"[4, 108, 1536]",torch.bfloat16,sdpa,True,True,0.0,0.0
b4/transformed/repeat/block1/1/step2,"[4, 108, 1536]",torch.bfloat16,sdpa,True,True,0.0,0.0
b4/transformed/repeat/block1/1/step3,"[4, 108, 1536]",torch.bfloat16,sdpa,True,True,0.0,0.0
b4/transformed/repeat/block1/1/step4,"[4, 108, 1536]",torch.bfloat16,sdpa,True,True,0.0,0.0
b4/transformed/repeat/block1/1/step5,"[4, 108, 1536]",torch.bfloat16,sdpa,True,True,0.0,0.0
b4/transformed/repeat/block1/1/step6,"[4, 108, 1536]",torch.bfloat16,sdpa,True,True,0.0,0.0
b4/transformed/repeat/block1/1/step7,"[4, 108, 1536]",torch.bfloat16,sdpa,True,True,0.0,0.0
b4/transformed/repeat/block1/1/step8,"[4, 108, 1536]",torch.bfloat16,sdpa,True,True,0.0,0.0
b4/transformed/repeat/block1/1/step9,"[4, 108, 1536]",torch.bfloat16,sdpa,True,True,0.0,0.0
b4/transformed/repeat/block2/0/step0,"[4, 30, 1536]",torch.bfloat16,sdpa,True,True,0.0,0.0
b4/transformed/repeat/block2/0/step1,"[4, 30, 1536]",torch.bfloat16,sdpa,True,True,0.0,0.0
b4/transformed/repeat/block2/0/step2,"[4, 30, 1536]",torch.bfloat16,sdpa,True,True,0.0,0.0
b4/transformed/repeat/block2/0/step3,"[4, 30, 1536]",torch.bfloat16,sdpa,True,True,0.0,0.0
b4/transformed/repeat/block2/0/step4,"[4, 30, 1536]",torch.bfloat16,sdpa,True,True,0.0,0.0
b4/transformed/repeat/block2/0/step5,"[4, 30, 1536]",torch.bfloat16,sdpa,True,True,0.0,0.0
b4/transformed/repeat/block2/0/step6,"[4, 30, 1536]",torch.bfloat16,sdpa,True,True,0.0,0.0
b4/transformed/repeat/block2/0/step7,"[4, 30, 1536]",torch.bfloat16,sdpa,True,True,0.0,0.0
b4/transformed/repeat/block2/0/step8,"[4, 30, 1536]",torch.bfloat16,sdpa,True,True,0.0,0.0
b4/transformed/repeat/block2/0/step9,"[4, 30, 1536]",torch.bfloat16,sdpa,True,True,0.0,0.0
b4/transformed/repeat/block2/1/step0,"[4, 108, 1536]",torch.bfloat16,sdpa,True,True,0.0,0.0
b4/transformed/repeat/block2/1/step1,"[4, 108, 1536]",torch.bfloat16,sdpa,True,True,0.0,0.0
b4/transformed/repeat/block2/1/step2,"[4, 108, 1536]",torch.bfloat16,sdpa,True,True,0.0,0.0
b4/transformed/repeat/block2/1/step3,"[4, 108, 1536]",torch.bfloat16,sdpa,True,True,0.0,0.0
b4/transformed/repeat/block2/1/step4,"[4, 108, 1536]",torch.bfloat16,sdpa,True,True,0.0,0.0
b4/transformed/repeat/block2/1/step5,"[4, 108, 1536]",torch.bfloat16,sdpa,True,True,0.0,0.0
b4/transformed/repeat/block2/1/step6,"[4, 108, 1536]",torch.bfloat16,sdpa,True,True,0.0,0.0
b4/transformed/repeat/block2/1/step7,"[4, 108, 1536]",torch.bfloat16,sdpa,True,True,0.0,0.0
b4/transformed/repeat/block2/1/step8,"[4, 108, 1536]",torch.bfloat16,sdpa,True,True,0.0,0.0
b4/transformed/repeat/block2/1/step9,"[4, 108, 1536]",torch.bfloat16,sdpa,True,True,0.0,0.0
b4/transformed/repeat/block3/0/step0,"[4, 30, 1536]",torch.bfloat16,sdpa,True,True,0.0,0.0
b4/transformed/repeat/block3/0/step1,"[4, 30, 1536]",torch.bfloat16,sdpa,True,True,0.0,0.0
b4/transformed/repeat/block3/0/step2,"[4, 30, 1536]",torch.bfloat16,sdpa,True,True,0.0,0.0
b4/transformed/repeat/block3/0/step3,"[4, 30, 1536]",torch.bfloat16,sdpa,True,True,0.0,0.0
b4/transformed/repeat/block3/0/step4,"[4, 30, 1536]",torch.bfloat16,sdpa,True,True,0.0,0.0
b4/transformed/repeat/block3/0/step5,"[4, 30, 1536]",torch.bfloat16,sdpa,True,True,0.0,0.0
b4/transformed/repeat/block3/0/step6,"[4, 30, 1536]",torch.bfloat16,sdpa,True,True,0.0,0.0
b4/transformed/repeat/block3/0/step7,"[4, 30, 1536]",torch.bfloat16,sdpa,True,True,0.0,0.0
b4/transformed/repeat/block3/0/step8,"[4, 30, 1536]",torch.bfloat16,sdpa,True,True,0.0,0.0
b4/transformed/repeat/block3/0/step9,"[4, 30, 1536]",torch.bfloat16,sdpa,True,True,0.0,0.0
b4/transformed/repeat/block3/1/step0,"[4, 108, 1536]",torch.bfloat16,sdpa,True,True,0.0,0.0
b4/transformed/repeat/block3/1/step1,"[4, 108, 1536]",torch.bfloat16,sdpa,True,True,0.0,0.0
b4/transformed/repeat/block3/1/step2,"[4, 108, 1536]",torch.bfloat16,sdpa,True,True,0.0,0.0
b4/transformed/repeat/block3/1/step3,"[4, 108, 1536]",torch.bfloat16,sdpa,True,True,0.0,0.0
b4/transformed/repeat/block3/1/step4,"[4, 108, 1536]",torch.bfloat16,sdpa,True,True,0.0,0.0
b4/transformed/repeat/block3/1/step5,"[4, 108, 1536]",torch.bfloat16,sdpa,True,True,0.0,0.0
b4/transformed/repeat/block3/1/step6,"[4, 108, 1536]",torch.bfloat16,sdpa,True,True,0.0,0.0
b4/transformed/repeat/block3/1/step7,"[4, 108, 1536]",torch.bfloat16,sdpa,True,True,0.0,0.0
b4/transformed/repeat/block3/1/step8,"[4, 108, 1536]",torch.bfloat16,sdpa,True,True,0.0,0.0
b4/transformed/repeat/block3/1/step9,"[4, 108, 1536]",torch.bfloat16,sdpa,True,True,0.0,0.0
b4/transformed/repeat/block4/0/step0,"[4, 30, 1536]",torch.bfloat16,sdpa,True,True,0.0,0.0
b4/transformed/repeat/block4/0/step1,"[4, 30, 1536]",torch.bfloat16,sdpa,True,True,0.0,0.0
b4/transformed/repeat/block4/0/step2,"[4, 30, 1536]",torch.bfloat16,sdpa,True,True,0.0,0.0
b4/transformed/repeat/block4/0/step3,"[4, 30, 1536]",torch.bfloat16,sdpa,True,True,0.0,0.0
b4/transformed/repeat/block4/0/step4,"[4, 30, 1536]",torch.bfloat16,sdpa,True,True,0.0,0.0
b4/transformed/repeat/block4/0/step5,"[4, 30, 1536]",torch.bfloat16,sdpa,True,True,0.0,0.0
b4/transformed/repeat/block4/0/step6,"[4, 30, 1536]",torch.bfloat16,sdpa,True,True,0.0,0.0
b4/transformed/repeat/block4/0/step7,"[4, 30, 1536]",torch.bfloat16,sdpa,True,True,0.0,0.0
b4/transformed/repeat/block4/0/step8,"[4, 30, 1536]",torch.bfloat16,sdpa,True,True,0.0,0.0
b4/transformed/repeat/block4/0/step9,"[4, 30, 1536]",torch.bfloat16,sdpa,True,True,0.0,0.0
b4/transformed/repeat/block4/1/step0,"[4, 108, 1536]",torch.bfloat16,sdpa,True,True,0.0,0.0
b4/transformed/repeat/block4/1/step1,"[4, 108, 1536]",torch.bfloat16,sdpa,True,True,0.0,0.0
b4/transformed/repeat/block4/1/step2,"[4, 108, 1536]",torch.bfloat16,sdpa,True,True,0.0,0.0
b4/transformed/repeat/block4/1/step3,"[4, 108, 1536]",torch.bfloat16,sdpa,True,True,0.0,0.0
b4/transformed/repeat/block4/1/step4,"[4, 108, 1536]",torch.bfloat16,sdpa,True,True,0.0,0.0
b4/transformed/repeat/block4/1/step5,"[4, 108, 1536]",torch.bfloat16,sdpa,True,True,0.0,0.0
b4/transformed/repeat/block4/1/step6,"[4, 108, 1536]",torch.bfloat16,sdpa,True,True,0.0,0.0
b4/transformed/repeat/block4/1/step7,"[4, 108, 1536]",torch.bfloat16,sdpa,True,True,0.0,0.0
b4/transformed/repeat/block4/1/step8,"[4, 108, 1536]",torch.bfloat16,sdpa,True,True,0.0,0.0
b4/transformed/repeat/block4/1/step9,"[4, 108, 1536]",torch.bfloat16,sdpa,True,True,0.0,0.0
b4/transformed/repeat/block5/0/step0,"[4, 30, 1536]",torch.bfloat16,sdpa,True,True,0.0,0.0
b4/transformed/repeat/block5/0/step1,"[4, 30, 1536]",torch.bfloat16,sdpa,True,True,0.0,0.0
b4/transformed/repeat/block5/0/step2,"[4, 30, 1536]",torch.bfloat16,sdpa,True,True,0.0,0.0
b4/transformed/repeat/block5/0/step3,"[4, 30, 1536]",torch.bfloat16,sdpa,True,True,0.0,0.0
b4/transformed/repeat/block5/0/step4,"[4, 30, 1536]",torch.bfloat16,sdpa,True,True,0.0,0.0
b4/transformed/repeat/block5/0/step5,"[4, 30, 1536]",torch.bfloat16,sdpa,True,True,0.0,0.0
b4/transformed/repeat/block5/0/step6,"[4, 30, 1536]",torch.bfloat16,sdpa,True,True,0.0,0.0
b4/transformed/repeat/block5/0/step7,"[4, 30, 1536]",torch.bfloat16,sdpa,True,True,0.0,0.0
b4/transformed/repeat/block5/0/step8,"[4, 30, 1536]",torch.bfloat16,sdpa,True,True,0.0,0.0
b4/transformed/repeat/block5/0/step9,"[4, 30, 1536]",torch.bfloat16,sdpa,True,True,0.0,0.0
b4/transformed/repeat/velocity/step0,"[4, 30, 78]",torch.bfloat16,sdpa,True,True,0.0,0.0
b4/transformed/repeat/velocity/step1,"[4, 30, 78]",torch.bfloat16,sdpa,True,True,0.0,0.0
b4/transformed/repeat/velocity/step2,"[4, 30, 78]",torch.bfloat16,sdpa,True,True,0.0,0.0
b4/transformed/repeat/velocity/step3,"[4, 30, 78]",torch.bfloat16,sdpa,True,True,0.0,0.0
b4/transformed/repeat/velocity/step4,"[4, 30, 78]",torch.bfloat16,sdpa,True,True,0.0,0.0
b4/transformed/repeat/velocity/step5,"[4, 30, 78]",torch.bfloat16,sdpa,True,True,0.0,0.0
b4/transformed/repeat/velocity/step6,"[4, 30, 78]",torch.bfloat16,sdpa,True,True,0.0,0.0
b4/transformed/repeat/velocity/step7,"[4, 30, 78]",torch.bfloat16,sdpa,True,True,0.0,0.0
b4/transformed/repeat/velocity/step8,"[4, 30, 78]",torch.bfloat16,sdpa,True,True,0.0,0.0
b4/transformed/repeat/velocity/step9,"[4, 30, 78]",torch.bfloat16,sdpa,True,True,0.0,0.0
b4/transformed/repeat/actions/step0,"[4, 30, 78]",torch.bfloat16,sdpa,True,True,0.0,0.0
b4/transformed/repeat/actions/step1,"[4, 30, 78]",torch.bfloat16,sdpa,True,True,0.0,0.0
b4/transformed/repeat/actions/step2,"[4, 30, 78]",torch.bfloat16,sdpa,True,True,0.0,0.0
b4/transformed/repeat/actions/step3,"[4, 30, 78]",torch.bfloat16,sdpa,True,True,0.0,0.0
b4/transformed/repeat/actions/step4,"[4, 30, 78]",torch.bfloat16,sdpa,True,True,0.0,0.0
b4/transformed/repeat/actions/step5,"[4, 30, 78]",torch.bfloat16,sdpa,True,True,0.0,0.0
b4/transformed/repeat/actions/step6,"[4, 30, 78]",torch.bfloat16,sdpa,True,True,0.0,0.0
b4/transformed/repeat/actions/step7,"[4, 30, 78]",torch.bfloat16,sdpa,True,True,0.0,0.0
b4/transformed/repeat/actions/step8,"[4, 30, 78]",torch.bfloat16,sdpa,True,True,0.0,0.0
b4/transformed/repeat/actions/step9,"[4, 30, 78]",torch.bfloat16,sdpa,True,True,0.0,0.0
b4/transformed/input_ids,"[4, 107]",torch.int64,sdpa,True,True,0.0,0.0
b4/transformed/attention_mask,"[4, 107]",torch.bool,sdpa,True,True,0.0,0.0
b4/transformed/image_grid_thw,"[4, 3]",torch.int64,sdpa,True,True,0.0,0.0
b4/transformed/pixel_values,"[1280, 1536]",torch.bfloat16,sdpa,True,True,0.0,0.0
b4/transformed/positions,"[3, 4, 107]",torch.int64,sdpa,True,True,0.0,0.0
b4/transformed/features,"[4, 1, 107, 2048]",torch.bfloat16,sdpa,True,True,0.0,0.0
b4/transformed/final,"[4, 30, 78]",torch.float32,sdpa,True,True,0.0,0.0
b4/transformed/time/0/step0,"[4, 1536]",torch.bfloat16,sdpa,True,True,0.0,0.0
b4/transformed/time/0/step1,"[4, 1536]",torch.bfloat16,sdpa,True,True,0.0,0.0
b4/transformed/time/0/step2,"[4, 1536]",torch.bfloat16,sdpa,True,True,0.0,0.0
b4/transformed/time/0/step3,"[4, 1536]",torch.bfloat16,sdpa,True,True,0.0,0.0
b4/transformed/time/0/step4,"[4, 1536]",torch.bfloat16,sdpa,True,True,0.0,0.0
b4/transformed/time/0/step5,"[4, 1536]",torch.bfloat16,sdpa,True,True,0.0,0.0
b4/transformed/time/0/step6,"[4, 1536]",torch.bfloat16,sdpa,True,True,0.0,0.0
b4/transformed/time/0/step7,"[4, 1536]",torch.bfloat16,sdpa,True,True,0.0,0.0
b4/transformed/time/0/step8,"[4, 1536]",torch.bfloat16,sdpa,True,True,0.0,0.0
b4/transformed/time/0/step9,"[4, 1536]",torch.bfloat16,sdpa,True,True,0.0,0.0
b4/transformed/action-in/0/step0,"[4, 30, 1536]",torch.bfloat16,sdpa,True,True,0.0,0.0
b4/transformed/action-in/0/step1,"[4, 30, 1536]",torch.bfloat16,sdpa,True,True,0.0,0.0
b4/transformed/action-in/0/step2,"[4, 30, 1536]",torch.bfloat16,sdpa,True,True,0.0,0.0
b4/transformed/action-in/0/step3,"[4, 30, 1536]",torch.bfloat16,sdpa,True,True,0.0,0.0
b4/transformed/action-in/0/step4,"[4, 30, 1536]",torch.bfloat16,sdpa,True,True,0.0,0.0
b4/transformed/action-in/0/step5,"[4, 30, 1536]",torch.bfloat16,sdpa,True,True,0.0,0.0
b4/transformed/action-in/0/step6,"[4, 30, 1536]",torch.bfloat16,sdpa,True,True,0.0,0.0
b4/transformed/action-in/0/step7,"[4, 30, 1536]",torch.bfloat16,sdpa,True,True,0.0,0.0
b4/transformed/action-in/0/step8,"[4, 30, 1536]",torch.bfloat16,sdpa,True,True,0.0,0.0
b4/transformed/action-in/0/step9,"[4, 30, 1536]",torch.bfloat16,sdpa,True,True,0.0,0.0
b4/transformed/obs/0/step0,"[4, 108, 1536]",torch.bfloat16,sdpa,True,True,0.0,0.0
b4/transformed/obs/1/step0,"[4, 108]",torch.bool,sdpa,True,True,0.0,0.0
b4/transformed/block0/0/step0,"[4, 30, 1536]",torch.bfloat16,sdpa,True,True,0.0,0.0
b4/transformed/block0/0/step1,"[4, 30, 1536]",torch.bfloat16,sdpa,True,True,0.0,0.0
b4/transformed/block0/0/step2,"[4, 30, 1536]",torch.bfloat16,sdpa,True,True,0.0,0.0
b4/transformed/block0/0/step3,"[4, 30, 1536]",torch.bfloat16,sdpa,True,True,0.0,0.0
b4/transformed/block0/0/step4,"[4, 30, 1536]",torch.bfloat16,sdpa,True,True,0.0,0.0
b4/transformed/block0/0/step5,"[4, 30, 1536]",torch.bfloat16,sdpa,True,True,0.0,0.0
b4/transformed/block0/0/step6,"[4, 30, 1536]",torch.bfloat16,sdpa,True,True,0.0,0.0
b4/transformed/block0/0/step7,"[4, 30, 1536]",torch.bfloat16,sdpa,True,True,0.0,0.0
b4/transformed/block0/0/step8,"[4, 30, 1536]",torch.bfloat16,sdpa,True,True,0.0,0.0
b4/transformed/block0/0/step9,"[4, 30, 1536]",torch.bfloat16,sdpa,True,True,0.0,0.0
b4/transformed/block0/1/step0,"[4, 108, 1536]",torch.bfloat16,sdpa,True,True,0.0,0.0
b4/transformed/block0/1/step1,"[4, 108, 1536]",torch.bfloat16,sdpa,True,True,0.0,0.0
b4/transformed/block0/1/step2,"[4, 108, 1536]",torch.bfloat16,sdpa,True,True,0.0,0.0
b4/transformed/block0/1/step3,"[4, 108, 1536]",torch.bfloat16,sdpa,True,True,0.0,0.0
b4/transformed/block0/1/step4,"[4, 108, 1536]",torch.bfloat16,sdpa,True,True,0.0,0.0
b4/transformed/block0/1/step5,"[4, 108, 1536]",torch.bfloat16,sdpa,True,True,0.0,0.0
b4/transformed/block0/1/step6,"[4, 108, 1536]",torch.bfloat16,sdpa,True,True,0.0,0.0
b4/transformed/block0/1/step7,"[4, 108, 1536]",torch.bfloat16,sdpa,True,True,0.0,0.0
b4/transformed/block0/1/step8,"[4, 108, 1536]",torch.bfloat16,sdpa,True,True,0.0,0.0
b4/transformed/block0/1/step9,"[4, 108, 1536]",torch.bfloat16,sdpa,True,True,0.0,0.0
b4/transformed/block1/0/step0,"[4, 30, 1536]",torch.bfloat16,sdpa,True,True,0.0,0.0
b4/transformed/block1/0/step1,"[4, 30, 1536]",torch.bfloat16,sdpa,True,True,0.0,0.0
b4/transformed/block1/0/step2,"[4, 30, 1536]",torch.bfloat16,sdpa,True,True,0.0,0.0
b4/transformed/block1/0/step3,"[4, 30, 1536]",torch.bfloat16,sdpa,True,True,0.0,0.0
b4/transformed/block1/0/step4,"[4, 30, 1536]",torch.bfloat16,sdpa,True,True,0.0,0.0
b4/transformed/block1/0/step5,"[4, 30, 1536]",torch.bfloat16,sdpa,True,True,0.0,0.0
b4/transformed/block1/0/step6,"[4, 30, 1536]",torch.bfloat16,sdpa,True,True,0.0,0.0
b4/transformed/block1/0/step7,"[4, 30, 1536]",torch.bfloat16,sdpa,True,True,0.0,0.0
b4/transformed/block1/0/step8,"[4, 30, 1536]",torch.bfloat16,sdpa,True,True,0.0,0.0
b4/transformed/block1/0/step9,"[4, 30, 1536]",torch.bfloat16,sdpa,True,True,0.0,0.0
b4/transformed/block1/1/step0,"[4, 108, 1536]",torch.bfloat16,sdpa,True,True,0.0,0.0
b4/transformed/block1/1/step1,"[4, 108, 1536]",torch.bfloat16,sdpa,True,True,0.0,0.0
b4/transformed/block1/1/step2,"[4, 108, 1536]",torch.bfloat16,sdpa,True,True,0.0,0.0
b4/transformed/block1/1/step3,"[4, 108, 1536]",torch.bfloat16,sdpa,True,True,0.0,0.0
b4/transformed/block1/1/step4,"[4, 108, 1536]",torch.bfloat16,sdpa,True,True,0.0,0.0
b4/transformed/block1/1/step5,"[4, 108, 1536]",torch.bfloat16,sdpa,True,True,0.0,0.0
b4/transformed/block1/1/step6,"[4, 108, 1536]",torch.bfloat16,sdpa,True,True,0.0,0.0
b4/transformed/block1/1/step7,"[4, 108, 1536]",torch.bfloat16,sdpa,True,True,0.0,0.0
b4/transformed/block1/1/step8,"[4, 108, 1536]",torch.bfloat16,sdpa,True,True,0.0,0.0
b4/transformed/block1/1/step9,"[4, 108, 1536]",torch.bfloat16,sdpa,True,True,0.0,0.0
b4/transformed/block2/0/step0,"[4, 30, 1536]",torch.bfloat16,sdpa,True,True,0.0,0.0
b4/transformed/block2/0/step1,"[4, 30, 1536]",torch.bfloat16,sdpa,True,True,0.0,0.0
b4/transformed/block2/0/step2,"[4, 30, 1536]",torch.bfloat16,sdpa,True,True,0.0,0.0
b4/transformed/block2/0/step3,"[4, 30, 1536]",torch.bfloat16,sdpa,True,True,0.0,0.0
b4/transformed/block2/0/step4,"[4, 30, 1536]",torch.bfloat16,sdpa,True,True,0.0,0.0
b4/transformed/block2/0/step5,"[4, 30, 1536]",torch.bfloat16,sdpa,True,True,0.0,0.0
b4/transformed/block2/0/step6,"[4, 30, 1536]",torch.bfloat16,sdpa,True,True,0.0,0.0
b4/transformed/block2/0/step7,"[4, 30, 1536]",torch.bfloat16,sdpa,True,True,0.0,0.0
b4/transformed/block2/0/step8,"[4, 30, 1536]",torch.bfloat16,sdpa,True,True,0.0,0.0
b4/transformed/block2/0/step9,"[4, 30, 1536]",torch.bfloat16,sdpa,True,True,0.0,0.0
b4/transformed/block2/1/step0,"[4, 108, 1536]",torch.bfloat16,sdpa,True,True,0.0,0.0
b4/transformed/block2/1/step1,"[4, 108, 1536]",torch.bfloat16,sdpa,True,True,0.0,0.0
b4/transformed/block2/1/step2,"[4, 108, 1536]",torch.bfloat16,sdpa,True,True,0.0,0.0
b4/transformed/block2/1/step3,"[4, 108, 1536]",torch.bfloat16,sdpa,True,True,0.0,0.0
b4/transformed/block2/1/step4,"[4, 108, 1536]",torch.bfloat16,sdpa,True,True,0.0,0.0
b4/transformed/block2/1/step5,"[4, 108, 1536]",torch.bfloat16,sdpa,True,True,0.0,0.0
b4/transformed/block2/1/step6,"[4, 108, 1536]",torch.bfloat16,sdpa,True,True,0.0,0.0
b4/transformed/block2/1/step7,"[4, 108, 1536]",torch.bfloat16,sdpa,True,True,0.0,0.0
b4/transformed/block2/1/step8,"[4, 108, 1536]",torch.bfloat16,sdpa,True,True,0.0,0.0
b4/transformed/block2/1/step9,"[4, 108, 1536]",torch.bfloat16,sdpa,True,True,0.0,0.0
b4/transformed/block3/0/step0,"[4, 30, 1536]",torch.bfloat16,sdpa,True,True,0.0,0.0
b4/transformed/block3/0/step1,"[4, 30, 1536]",torch.bfloat16,sdpa,True,True,0.0,0.0
b4/transformed/block3/0/step2,"[4, 30, 1536]",torch.bfloat16,sdpa,True,True,0.0,0.0
b4/transformed/block3/0/step3,"[4, 30, 1536]",torch.bfloat16,sdpa,True,True,0.0,0.0
b4/transformed/block3/0/step4,"[4, 30, 1536]",torch.bfloat16,sdpa,True,True,0.0,0.0
b4/transformed/block3/0/step5,"[4, 30, 1536]",torch.bfloat16,sdpa,True,True,0.0,0.0
b4/transformed/block3/0/step6,"[4, 30, 1536]",torch.bfloat16,sdpa,True,True,0.0,0.0
b4/transformed/block3/0/step7,"[4, 30, 1536]",torch.bfloat16,sdpa,True,True,0.0,0.0
b4/transformed/block3/0/step8,"[4, 30, 1536]",torch.bfloat16,sdpa,True,True,0.0,0.0
b4/transformed/block3/0/step9,"[4, 30, 1536]",torch.bfloat16,sdpa,True,True,0.0,0.0
b4/transformed/block3/1/step0,"[4, 108, 1536]",torch.bfloat16,sdpa,True,True,0.0,0.0
b4/transformed/block3/1/step1,"[4, 108, 1536]",torch.bfloat16,sdpa,True,True,0.0,0.0
b4/transformed/block3/1/step2,"[4, 108, 1536]",torch.bfloat16,sdpa,True,True,0.0,0.0
b4/transformed/block3/1/step3,"[4, 108, 1536]",torch.bfloat16,sdpa,True,True,0.0,0.0
b4/transformed/block3/1/step4,"[4, 108, 1536]",torch.bfloat16,sdpa,True,True,0.0,0.0
b4/transformed/block3/1/step5,"[4, 108, 1536]",torch.bfloat16,sdpa,True,True,0.0,0.0
b4/transformed/block3/1/step6,"[4, 108, 1536]",torch.bfloat16,sdpa,True,True,0.0,0.0
b4/transformed/block3/1/step7,"[4, 108, 1536]",torch.bfloat16,sdpa,True,True,0.0,0.0
b4/transformed/block3/1/step8,"[4, 108, 1536]",torch.bfloat16,sdpa,True,True,0.0,0.0
b4/transformed/block3/1/step9,"[4, 108, 1536]",torch.bfloat16,sdpa,True,True,0.0,0.0
b4/transformed/block4/0/step0,"[4, 30, 1536]",torch.bfloat16,sdpa,True,True,0.0,0.0
b4/transformed/block4/0/step1,"[4, 30, 1536]",torch.bfloat16,sdpa,True,True,0.0,0.0
b4/transformed/block4/0/step2,"[4, 30, 1536]",torch.bfloat16,sdpa,True,True,0.0,0.0
b4/transformed/block4/0/step3,"[4, 30, 1536]",torch.bfloat16,sdpa,True,True,0.0,0.0
b4/transformed/block4/0/step4,"[4, 30, 1536]",torch.bfloat16,sdpa,True,True,0.0,0.0
b4/transformed/block4/0/step5,"[4, 30, 1536]",torch.bfloat16,sdpa,True,True,0.0,0.0
b4/transformed/block4/0/step6,"[4, 30, 1536]",torch.bfloat16,sdpa,True,True,0.0,0.0
b4/transformed/block4/0/step7,"[4, 30, 1536]",torch.bfloat16,sdpa,True,True,0.0,0.0
b4/transformed/block4/0/step8,"[4, 30, 1536]",torch.bfloat16,sdpa,True,True,0.0,0.0
b4/transformed/block4/0/step9,"[4, 30, 1536]",torch.bfloat16,sdpa,True,True,0.0,0.0
b4/transformed/block4/1/step0,"[4, 108, 1536]",torch.bfloat16,sdpa,True,True,0.0,0.0
b4/transformed/block4/1/step1,"[4, 108, 1536]",torch.bfloat16,sdpa,True,True,0.0,0.0
b4/transformed/block4/1/step2,"[4, 108, 1536]",torch.bfloat16,sdpa,True,True,0.0,0.0
b4/transformed/block4/1/step3,"[4, 108, 1536]",torch.bfloat16,sdpa,True,True,0.0,0.0
b4/transformed/block4/1/step4,"[4, 108, 1536]",torch.bfloat16,sdpa,True,True,0.0,0.0
b4/transformed/block4/1/step5,"[4, 108, 1536]",torch.bfloat16,sdpa,True,True,0.0,0.0
b4/transformed/block4/1/step6,"[4, 108, 1536]",torch.bfloat16,sdpa,True,True,0.0,0.0
b4/transformed/block4/1/step7,"[4, 108, 1536]",torch.bfloat16,sdpa,True,True,0.0,0.0
b4/transformed/block4/1/step8,"[4, 108, 1536]",torch.bfloat16,sdpa,True,True,0.0,0.0
b4/transformed/block4/1/step9,"[4, 108, 1536]",torch.bfloat16,sdpa,True,True,0.0,0.0
b4/transformed/block5/0/step0,"[4, 30, 1536]",torch.bfloat16,sdpa,True,True,0.0,0.0
b4/transformed/block5/0/step1,"[4, 30, 1536]",torch.bfloat16,sdpa,True,True,0.0,0.0
b4/transformed/block5/0/step2,"[4, 30, 1536]",torch.bfloat16,sdpa,True,True,0.0,0.0
b4/transformed/block5/0/step3,"[4, 30, 1536]",torch.bfloat16,sdpa,True,True,0.0,0.0
b4/transformed/block5/0/step4,"[4, 30, 1536]",torch.bfloat16,sdpa,True,True,0.0,0.0
b4/transformed/block5/0/step5,"[4, 30, 1536]",torch.bfloat16,sdpa,True,True,0.0,0.0
b4/transformed/block5/0/step6,"[4, 30, 1536]",torch.bfloat16,sdpa,True,True,0.0,0.0
b4/transformed/block5/0/step7,"[4, 30, 1536]",torch.bfloat16,sdpa,True,True,0.0,0.0
b4/transformed/block5/0/step8,"[4, 30, 1536]",torch.bfloat16,sdpa,True,True,0.0,0.0
b4/transformed/block5/0/step9,"[4, 30, 1536]",torch.bfloat16,sdpa,True,True,0.0,0.0
b4/transformed/velocity/step0,"[4, 30, 78]",torch.bfloat16,sdpa,True,True,0.0,0.0
b4/transformed/velocity/step1,"[4, 30, 78]",torch.bfloat16,sdpa,True,True,0.0,0.0
b4/transformed/velocity/step2,"[4, 30, 78]",torch.bfloat16,sdpa,True,True,0.0,0.0
b4/transformed/velocity/step3,"[4, 30, 78]",torch.bfloat16,sdpa,True,True,0.0,0.0
b4/transformed/velocity/step4,"[4, 30, 78]",torch.bfloat16,sdpa,True,True,0.0,0.0
b4/transformed/velocity/step5,"[4, 30, 78]",torch.bfloat16,sdpa,True,True,0.0,0.0
b4/transformed/velocity/step6,"[4, 30, 78]",torch.bfloat16,sdpa,True,True,0.0,0.0
b4/transformed/velocity/step7,"[4, 30, 78]",torch.bfloat16,sdpa,True,True,0.0,0.0
b4/transformed/velocity/step8,"[4, 30, 78]",torch.bfloat16,sdpa,True,True,0.0,0.0
b4/transformed/velocity/step9,"[4, 30, 78]",torch.bfloat16,sdpa,True,True,0.0,0.0
b4/transformed/actions/step0,"[4, 30, 78]",torch.bfloat16,sdpa,True,True,0.0,0.0
b4/transformed/actions/step1,"[4, 30, 78]",torch.bfloat16,sdpa,True,True,0.0,0.0
b4/transformed/actions/step2,"[4, 30, 78]",torch.bfloat16,sdpa,True,True,0.0,0.0
b4/transformed/actions/step3,"[4, 30, 78]",torch.bfloat16,sdpa,True,True,0.0,0.0
b4/transformed/actions/step4,"[4, 30, 78]",torch.bfloat16,sdpa,True,True,0.0,0.0
b4/transformed/actions/step5,"[4, 30, 78]",torch.bfloat16,sdpa,True,True,0.0,0.0
b4/transformed/actions/step6,"[4, 30, 78]",torch.bfloat16,sdpa,True,True,0.0,0.0
b4/transformed/actions/step7,"[4, 30, 78]",torch.bfloat16,sdpa,True,True,0.0,0.0
b4/transformed/actions/step8,"[4, 30, 78]",torch.bfloat16,sdpa,True,True,0.0,0.0
b4/transformed/actions/step9,"[4, 30, 78]",torch.bfloat16,sdpa,True,True,0.0,0.0
b4/transformed/identical-inputs/input_ids,"[4, 107]",torch.int64,sdpa,True,True,0.0,0.0
b4/transformed/identical-inputs/attention_mask,"[4, 107]",torch.bool,sdpa,True,True,0.0,0.0
b4/transformed/identical-inputs/image_grid_thw,"[4, 3]",torch.int64,sdpa,True,True,0.0,0.0
b4/transformed/identical-inputs/pixel_values,"[1280, 1536]",torch.bfloat16,sdpa,True,True,0.0,0.0
b4/transformed/identical-inputs/positions,"[3, 4, 107]",torch.int64,sdpa,True,True,0.0,0.0
b4/transformed/identical-inputs/features,"[4, 1, 107, 2048]",torch.bfloat16,sdpa,True,True,0.0,0.0
b4/transformed/identical-inputs/final,"[4, 30, 78]",torch.float32,sdpa,True,True,0.0,0.0
b4/transformed/identical-inputs/time/0/step0,"[4, 1536]",torch.bfloat16,sdpa,True,True,0.0,0.0
b4/transformed/identical-inputs/time/0/step1,"[4, 1536]",torch.bfloat16,sdpa,True,True,0.0,0.0
b4/transformed/identical-inputs/time/0/step2,"[4, 1536]",torch.bfloat16,sdpa,True,True,0.0,0.0
b4/transformed/identical-inputs/time/0/step3,"[4, 1536]",torch.bfloat16,sdpa,True,True,0.0,0.0
b4/transformed/identical-inputs/time/0/step4,"[4, 1536]",torch.bfloat16,sdpa,True,True,0.0,0.0
b4/transformed/identical-inputs/time/0/step5,"[4, 1536]",torch.bfloat16,sdpa,True,True,0.0,0.0
b4/transformed/identical-inputs/time/0/step6,"[4, 1536]",torch.bfloat16,sdpa,True,True,0.0,0.0
b4/transformed/identical-inputs/time/0/step7,"[4, 1536]",torch.bfloat16,sdpa,True,True,0.0,0.0
b4/transformed/identical-inputs/time/0/step8,"[4, 1536]",torch.bfloat16,sdpa,True,True,0.0,0.0
b4/transformed/identical-inputs/time/0/step9,"[4, 1536]",torch.bfloat16,sdpa,True,True,0.0,0.0
b4/transformed/identical-inputs/action-in/0/step0,"[4, 30, 1536]",torch.bfloat16,sdpa,True,True,0.0,0.0
b4/transformed/identical-inputs/action-in/0/step1,"[4, 30, 1536]",torch.bfloat16,sdpa,True,True,0.0,0.0
b4/transformed/identical-inputs/action-in/0/step2,"[4, 30, 1536]",torch.bfloat16,sdpa,True,True,0.0,0.0
b4/transformed/identical-inputs/action-in/0/step3,"[4, 30, 1536]",torch.bfloat16,sdpa,True,True,0.0,0.0
b4/transformed/identical-inputs/action-in/0/step4,"[4, 30, 1536]",torch.bfloat16,sdpa,True,True,0.0,0.0
b4/transformed/identical-inputs/action-in/0/step5,"[4, 30, 1536]",torch.bfloat16,sdpa,True,True,0.0,0.0
b4/transformed/identical-inputs/action-in/0/step6,"[4, 30, 1536]",torch.bfloat16,sdpa,True,True,0.0,0.0
b4/transformed/identical-inputs/action-in/0/step7,"[4, 30, 1536]",torch.bfloat16,sdpa,True,True,0.0,0.0
b4/transformed/identical-inputs/action-in/0/step8,"[4, 30, 1536]",torch.bfloat16,sdpa,True,True,0.0,0.0
b4/transformed/identical-inputs/action-in/0/step9,"[4, 30, 1536]",torch.bfloat16,sdpa,True,True,0.0,0.0
b4/transformed/identical-inputs/obs/0/step0,"[4, 108, 1536]",torch.bfloat16,sdpa,True,True,0.0,0.0
b4/transformed/identical-inputs/obs/1/step0,"[4, 108]",torch.bool,sdpa,True,True,0.0,0.0
b4/transformed/identical-inputs/block0/0/step0,"[4, 30, 1536]",torch.bfloat16,sdpa,True,True,0.0,0.0
b4/transformed/identical-inputs/block0/0/step1,"[4, 30, 1536]",torch.bfloat16,sdpa,True,True,0.0,0.0
b4/transformed/identical-inputs/block0/0/step2,"[4, 30, 1536]",torch.bfloat16,sdpa,True,True,0.0,0.0
b4/transformed/identical-inputs/block0/0/step3,"[4, 30, 1536]",torch.bfloat16,sdpa,True,True,0.0,0.0
b4/transformed/identical-inputs/block0/0/step4,"[4, 30, 1536]",torch.bfloat16,sdpa,True,True,0.0,0.0
b4/transformed/identical-inputs/block0/0/step5,"[4, 30, 1536]",torch.bfloat16,sdpa,True,True,0.0,0.0
b4/transformed/identical-inputs/block0/0/step6,"[4, 30, 1536]",torch.bfloat16,sdpa,True,True,0.0,0.0
b4/transformed/identical-inputs/block0/0/step7,"[4, 30, 1536]",torch.bfloat16,sdpa,True,True,0.0,0.0
b4/transformed/identical-inputs/block0/0/step8,"[4, 30, 1536]",torch.bfloat16,sdpa,True,True,0.0,0.0
b4/transformed/identical-inputs/block0/0/step9,"[4, 30, 1536]",torch.bfloat16,sdpa,True,True,0.0,0.0
b4/transformed/identical-inputs/block0/1/step0,"[4, 108, 1536]",torch.bfloat16,sdpa,True,True,0.0,0.0
b4/transformed/identical-inputs/block0/1/step1,"[4, 108, 1536]",torch.bfloat16,sdpa,True,True,0.0,0.0
b4/transformed/identical-inputs/block0/1/step2,"[4, 108, 1536]",torch.bfloat16,sdpa,True,True,0.0,0.0
b4/transformed/identical-inputs/block0/1/step3,"[4, 108, 1536]",torch.bfloat16,sdpa,True,True,0.0,0.0
b4/transformed/identical-inputs/block0/1/step4,"[4, 108, 1536]",torch.bfloat16,sdpa,True,True,0.0,0.0
b4/transformed/identical-inputs/block0/1/step5,"[4, 108, 1536]",torch.bfloat16,sdpa,True,True,0.0,0.0
b4/transformed/identical-inputs/block0/1/step6,"[4, 108, 1536]",torch.bfloat16,sdpa,True,True,0.0,0.0
b4/transformed/identical-inputs/block0/1/step7,"[4, 108, 1536]",torch.bfloat16,sdpa,True,True,0.0,0.0
b4/transformed/identical-inputs/block0/1/step8,"[4, 108, 1536]",torch.bfloat16,sdpa,True,True,0.0,0.0
b4/transformed/identical-inputs/block0/1/step9,"[4, 108, 1536]",torch.bfloat16,sdpa,True,True,0.0,0.0
b4/transformed/identical-inputs/block1/0/step0,"[4, 30, 1536]",torch.bfloat16,sdpa,True,True,0.0,0.0
b4/transformed/identical-inputs/block1/0/step1,"[4, 30, 1536]",torch.bfloat16,sdpa,True,True,0.0,0.0
b4/transformed/identical-inputs/block1/0/step2,"[4, 30, 1536]",torch.bfloat16,sdpa,True,True,0.0,0.0
b4/transformed/identical-inputs/block1/0/step3,"[4, 30, 1536]",torch.bfloat16,sdpa,True,True,0.0,0.0
b4/transformed/identical-inputs/block1/0/step4,"[4, 30, 1536]",torch.bfloat16,sdpa,True,True,0.0,0.0
b4/transformed/identical-inputs/block1/0/step5,"[4, 30, 1536]",torch.bfloat16,sdpa,True,True,0.0,0.0
b4/transformed/identical-inputs/block1/0/step6,"[4, 30, 1536]",torch.bfloat16,sdpa,True,True,0.0,0.0
b4/transformed/identical-inputs/block1/0/step7,"[4, 30, 1536]",torch.bfloat16,sdpa,True,True,0.0,0.0
b4/transformed/identical-inputs/block1/0/step8,"[4, 30, 1536]",torch.bfloat16,sdpa,True,True,0.0,0.0
b4/transformed/identical-inputs/block1/0/step9,"[4, 30, 1536]",torch.bfloat16,sdpa,True,True,0.0,0.0
b4/transformed/identical-inputs/block1/1/step0,"[4, 108, 1536]",torch.bfloat16,sdpa,True,True,0.0,0.0
b4/transformed/identical-inputs/block1/1/step1,"[4, 108, 1536]",torch.bfloat16,sdpa,True,True,0.0,0.0
b4/transformed/identical-inputs/block1/1/step2,"[4, 108, 1536]",torch.bfloat16,sdpa,True,True,0.0,0.0
b4/transformed/identical-inputs/block1/1/step3,"[4, 108, 1536]",torch.bfloat16,sdpa,True,True,0.0,0.0
b4/transformed/identical-inputs/block1/1/step4,"[4, 108, 1536]",torch.bfloat16,sdpa,True,True,0.0,0.0
b4/transformed/identical-inputs/block1/1/step5,"[4, 108, 1536]",torch.bfloat16,sdpa,True,True,0.0,0.0
b4/transformed/identical-inputs/block1/1/step6,"[4, 108, 1536]",torch.bfloat16,sdpa,True,True,0.0,0.0
b4/transformed/identical-inputs/block1/1/step7,"[4, 108, 1536]",torch.bfloat16,sdpa,True,True,0.0,0.0
b4/transformed/identical-inputs/block1/1/step8,"[4, 108, 1536]",torch.bfloat16,sdpa,True,True,0.0,0.0
b4/transformed/identical-inputs/block1/1/step9,"[4, 108, 1536]",torch.bfloat16,sdpa,True,True,0.0,0.0
b4/transformed/identical-inputs/block2/0/step0,"[4, 30, 1536]",torch.bfloat16,sdpa,True,True,0.0,0.0
b4/transformed/identical-inputs/block2/0/step1,"[4, 30, 1536]",torch.bfloat16,sdpa,True,True,0.0,0.0
b4/transformed/identical-inputs/block2/0/step2,"[4, 30, 1536]",torch.bfloat16,sdpa,True,True,0.0,0.0
b4/transformed/identical-inputs/block2/0/step3,"[4, 30, 1536]",torch.bfloat16,sdpa,True,True,0.0,0.0
b4/transformed/identical-inputs/block2/0/step4,"[4, 30, 1536]",torch.bfloat16,sdpa,True,True,0.0,0.0
b4/transformed/identical-inputs/block2/0/step5,"[4, 30, 1536]",torch.bfloat16,sdpa,True,True,0.0,0.0
b4/transformed/identical-inputs/block2/0/step6,"[4, 30, 1536]",torch.bfloat16,sdpa,True,True,0.0,0.0
b4/transformed/identical-inputs/block2/0/step7,"[4, 30, 1536]",torch.bfloat16,sdpa,True,True,0.0,0.0
b4/transformed/identical-inputs/block2/0/step8,"[4, 30, 1536]",torch.bfloat16,sdpa,True,True,0.0,0.0
b4/transformed/identical-inputs/block2/0/step9,"[4, 30, 1536]",torch.bfloat16,sdpa,True,True,0.0,0.0
b4/transformed/identical-inputs/block2/1/step0,"[4, 108, 1536]",torch.bfloat16,sdpa,True,True,0.0,0.0
b4/transformed/identical-inputs/block2/1/step1,"[4, 108, 1536]",torch.bfloat16,sdpa,True,True,0.0,0.0
b4/transformed/identical-inputs/block2/1/step2,"[4, 108, 1536]",torch.bfloat16,sdpa,True,True,0.0,0.0
b4/transformed/identical-inputs/block2/1/step3,"[4, 108, 1536]",torch.bfloat16,sdpa,True,True,0.0,0.0
b4/transformed/identical-inputs/block2/1/step4,"[4, 108, 1536]",torch.bfloat16,sdpa,True,True,0.0,0.0
b4/transformed/identical-inputs/block2/1/step5,"[4, 108, 1536]",torch.bfloat16,sdpa,True,True,0.0,0.0
b4/transformed/identical-inputs/block2/1/step6,"[4, 108, 1536]",torch.bfloat16,sdpa,True,True,0.0,0.0
b4/transformed/identical-inputs/block2/1/step7,"[4, 108, 1536]",torch.bfloat16,sdpa,True,True,0.0,0.0
b4/transformed/identical-inputs/block2/1/step8,"[4, 108, 1536]",torch.bfloat16,sdpa,True,True,0.0,0.0
b4/transformed/identical-inputs/block2/1/step9,"[4, 108, 1536]",torch.bfloat16,sdpa,True,True,0.0,0.0
b4/transformed/identical-inputs/block3/0/step0,"[4, 30, 1536]",torch.bfloat16,sdpa,True,True,0.0,0.0
b4/transformed/identical-inputs/block3/0/step1,"[4, 30, 1536]",torch.bfloat16,sdpa,True,True,0.0,0.0
b4/transformed/identical-inputs/block3/0/step2,"[4, 30, 1536]",torch.bfloat16,sdpa,True,True,0.0,0.0
b4/transformed/identical-inputs/block3/0/step3,"[4, 30, 1536]",torch.bfloat16,sdpa,True,True,0.0,0.0
b4/transformed/identical-inputs/block3/0/step4,"[4, 30, 1536]",torch.bfloat16,sdpa,True,True,0.0,0.0
b4/transformed/identical-inputs/block3/0/step5,"[4, 30, 1536]",torch.bfloat16,sdpa,True,True,0.0,0.0
b4/transformed/identical-inputs/block3/0/step6,"[4, 30, 1536]",torch.bfloat16,sdpa,True,True,0.0,0.0
b4/transformed/identical-inputs/block3/0/step7,"[4, 30, 1536]",torch.bfloat16,sdpa,True,True,0.0,0.0
b4/transformed/identical-inputs/block3/0/step8,"[4, 30, 1536]",torch.bfloat16,sdpa,True,True,0.0,0.0
b4/transformed/identical-inputs/block3/0/step9,"[4, 30, 1536]",torch.bfloat16,sdpa,True,True,0.0,0.0
b4/transformed/identical-inputs/block3/1/step0,"[4, 108, 1536]",torch.bfloat16,sdpa,True,True,0.0,0.0
b4/transformed/identical-inputs/block3/1/step1,"[4, 108, 1536]",torch.bfloat16,sdpa,True,True,0.0,0.0
b4/transformed/identical-inputs/block3/1/step2,"[4, 108, 1536]",torch.bfloat16,sdpa,True,True,0.0,0.0
b4/transformed/identical-inputs/block3/1/step3,"[4, 108, 1536]",torch.bfloat16,sdpa,True,True,0.0,0.0
b4/transformed/identical-inputs/block3/1/step4,"[4, 108, 1536]",torch.bfloat16,sdpa,True,True,0.0,0.0
b4/transformed/identical-inputs/block3/1/step5,"[4, 108, 1536]",torch.bfloat16,sdpa,True,True,0.0,0.0
b4/transformed/identical-inputs/block3/1/step6,"[4, 108, 1536]",torch.bfloat16,sdpa,True,True,0.0,0.0
b4/transformed/identical-inputs/block3/1/step7,"[4, 108, 1536]",torch.bfloat16,sdpa,True,True,0.0,0.0
b4/transformed/identical-inputs/block3/1/step8,"[4, 108, 1536]",torch.bfloat16,sdpa,True,True,0.0,0.0
b4/transformed/identical-inputs/block3/1/step9,"[4, 108, 1536]",torch.bfloat16,sdpa,True,True,0.0,0.0
b4/transformed/identical-inputs/block4/0/step0,"[4, 30, 1536]",torch.bfloat16,sdpa,True,True,0.0,0.0
b4/transformed/identical-inputs/block4/0/step1,"[4, 30, 1536]",torch.bfloat16,sdpa,True,True,0.0,0.0
b4/transformed/identical-inputs/block4/0/step2,"[4, 30, 1536]",torch.bfloat16,sdpa,True,True,0.0,0.0
b4/transformed/identical-inputs/block4/0/step3,"[4, 30, 1536]",torch.bfloat16,sdpa,True,True,0.0,0.0
b4/transformed/identical-inputs/block4/0/step4,"[4, 30, 1536]",torch.bfloat16,sdpa,True,True,0.0,0.0
b4/transformed/identical-inputs/block4/0/step5,"[4, 30, 1536]",torch.bfloat16,sdpa,True,True,0.0,0.0
b4/transformed/identical-inputs/block4/0/step6,"[4, 30, 1536]",torch.bfloat16,sdpa,True,True,0.0,0.0
b4/transformed/identical-inputs/block4/0/step7,"[4, 30, 1536]",torch.bfloat16,sdpa,True,True,0.0,0.0
b4/transformed/identical-inputs/block4/0/step8,"[4, 30, 1536]",torch.bfloat16,sdpa,True,True,0.0,0.0
b4/transformed/identical-inputs/block4/0/step9,"[4, 30, 1536]",torch.bfloat16,sdpa,True,True,0.0,0.0
b4/transformed/identical-inputs/block4/1/step0,"[4, 108, 1536]",torch.bfloat16,sdpa,True,True,0.0,0.0
b4/transformed/identical-inputs/block4/1/step1,"[4, 108, 1536]",torch.bfloat16,sdpa,True,True,0.0,0.0
b4/transformed/identical-inputs/block4/1/step2,"[4, 108, 1536]",torch.bfloat16,sdpa,True,True,0.0,0.0
b4/transformed/identical-inputs/block4/1/step3,"[4, 108, 1536]",torch.bfloat16,sdpa,True,True,0.0,0.0
b4/transformed/identical-inputs/block4/1/step4,"[4, 108, 1536]",torch.bfloat16,sdpa,True,True,0.0,0.0
b4/transformed/identical-inputs/block4/1/step5,"[4, 108, 1536]",torch.bfloat16,sdpa,True,True,0.0,0.0
b4/transformed/identical-inputs/block4/1/step6,"[4, 108, 1536]",torch.bfloat16,sdpa,True,True,0.0,0.0
b4/transformed/identical-inputs/block4/1/step7,"[4, 108, 1536]",torch.bfloat16,sdpa,True,True,0.0,0.0
b4/transformed/identical-inputs/block4/1/step8,"[4, 108, 1536]",torch.bfloat16,sdpa,True,True,0.0,0.0
b4/transformed/identical-inputs/block4/1/step9,"[4, 108, 1536]",torch.bfloat16,sdpa,True,True,0.0,0.0
b4/transformed/identical-inputs/block5/0/step0,"[4, 30, 1536]",torch.bfloat16,sdpa,True,True,0.0,0.0
b4/transformed/identical-inputs/block5/0/step1,"[4, 30, 1536]",torch.bfloat16,sdpa,True,True,0.0,0.0
b4/transformed/identical-inputs/block5/0/step2,"[4, 30, 1536]",torch.bfloat16,sdpa,True,True,0.0,0.0
b4/transformed/identical-inputs/block5/0/step3,"[4, 30, 1536]",torch.bfloat16,sdpa,True,True,0.0,0.0
b4/transformed/identical-inputs/block5/0/step4,"[4, 30, 1536]",torch.bfloat16,sdpa,True,True,0.0,0.0
b4/transformed/identical-inputs/block5/0/step5,"[4, 30, 1536]",torch.bfloat16,sdpa,True,True,0.0,0.0
b4/transformed/identical-inputs/block5/0/step6,"[4, 30, 1536]",torch.bfloat16,sdpa,True,True,0.0,0.0
b4/transformed/identical-inputs/block5/0/step7,"[4, 30, 1536]",torch.bfloat16,sdpa,True,True,0.0,0.0
b4/transformed/identical-inputs/block5/0/step8,"[4, 30, 1536]",torch.bfloat16,sdpa,True,True,0.0,0.0
b4/transformed/identical-inputs/block5/0/step9,"[4, 30, 1536]",torch.bfloat16,sdpa,True,True,0.0,0.0
b4/transformed/identical-inputs/velocity/step0,"[4, 30, 78]",torch.bfloat16,sdpa,True,True,0.0,0.0
b4/transformed/identical-inputs/velocity/step1,"[4, 30, 78]",torch.bfloat16,sdpa,True,True,0.0,0.0
b4/transformed/identical-inputs/velocity/step2,"[4, 30, 78]",torch.bfloat16,sdpa,True,True,0.0,0.0
b4/transformed/identical-inputs/velocity/step3,"[4, 30, 78]",torch.bfloat16,sdpa,True,True,0.0,0.0
b4/transformed/identical-inputs/velocity/step4,"[4, 30, 78]",torch.bfloat16,sdpa,True,True,0.0,0.0
b4/transformed/identical-inputs/velocity/step5,"[4, 30, 78]",torch.bfloat16,sdpa,True,True,0.0,0.0
b4/transformed/identical-inputs/velocity/step6,"[4, 30, 78]",torch.bfloat16,sdpa,True,True,0.0,0.0
b4/transformed/identical-inputs/velocity/step7,"[4, 30, 78]",torch.bfloat16,sdpa,True,True,0.0,0.0
b4/transformed/identical-inputs/velocity/step8,"[4, 30, 78]",torch.bfloat16,sdpa,True,True,0.0,0.0
b4/transformed/identical-inputs/velocity/step9,"[4, 30, 78]",torch.bfloat16,sdpa,True,True,0.0,0.0
b4/transformed/identical-inputs/actions/step0,"[4, 30, 78]",torch.bfloat16,sdpa,True,True,0.0,0.0
b4/transformed/identical-inputs/actions/step1,"[4, 30, 78]",torch.bfloat16,sdpa,True,True,0.0,0.0
b4/transformed/identical-inputs/actions/step2,"[4, 30, 78]",torch.bfloat16,sdpa,True,True,0.0,0.0
b4/transformed/identical-inputs/actions/step3,"[4, 30, 78]",torch.bfloat16,sdpa,True,True,0.0,0.0
b4/transformed/identical-inputs/actions/step4,"[4, 30, 78]",torch.bfloat16,sdpa,True,True,0.0,0.0
b4/transformed/identical-inputs/actions/step5,"[4, 30, 78]",torch.bfloat16,sdpa,True,True,0.0,0.0
b4/transformed/identical-inputs/actions/step6,"[4, 30, 78]",torch.bfloat16,sdpa,True,True,0.0,0.0
b4/transformed/identical-inputs/actions/step7,"[4, 30, 78]",torch.bfloat16,sdpa,True,True,0.0,0.0
b4/transformed/identical-inputs/actions/step8,"[4, 30, 78]",torch.bfloat16,sdpa,True,True,0.0,0.0
b4/transformed/identical-inputs/actions/step9,"[4, 30, 78]",torch.bfloat16,sdpa,True,True,0.0,0.0
b4/transformed/denormalized,"[4, 30, 78]",torch.float32,sdpa,True,True,0.0,0.0
b4/pixels-changed/repeat/input_ids,"[4, 107]",torch.int64,sdpa,True,True,0.0,0.0
b4/pixels-changed/repeat/attention_mask,"[4, 107]",torch.bool,sdpa,True,True,0.0,0.0
b4/pixels-changed/repeat/image_grid_thw,"[4, 3]",torch.int64,sdpa,True,True,0.0,0.0
b4/pixels-changed/repeat/pixel_values,"[1280, 1536]",torch.bfloat16,sdpa,True,True,0.0,0.0
b4/pixels-changed/repeat/positions,"[3, 4, 107]",torch.int64,sdpa,True,True,0.0,0.0
b4/pixels-changed/repeat/features,"[4, 1, 107, 2048]",torch.bfloat16,sdpa,True,True,0.0,0.0
b4/pixels-changed/repeat/final,"[4, 30, 78]",torch.float32,sdpa,True,True,0.0,0.0
b4/pixels-changed/repeat/time/0/step0,"[4, 1536]",torch.bfloat16,sdpa,True,True,0.0,0.0
b4/pixels-changed/repeat/time/0/step1,"[4, 1536]",torch.bfloat16,sdpa,True,True,0.0,0.0
b4/pixels-changed/repeat/time/0/step2,"[4, 1536]",torch.bfloat16,sdpa,True,True,0.0,0.0
b4/pixels-changed/repeat/time/0/step3,"[4, 1536]",torch.bfloat16,sdpa,True,True,0.0,0.0
b4/pixels-changed/repeat/time/0/step4,"[4, 1536]",torch.bfloat16,sdpa,True,True,0.0,0.0
b4/pixels-changed/repeat/time/0/step5,"[4, 1536]",torch.bfloat16,sdpa,True,True,0.0,0.0
b4/pixels-changed/repeat/time/0/step6,"[4, 1536]",torch.bfloat16,sdpa,True,True,0.0,0.0
b4/pixels-changed/repeat/time/0/step7,"[4, 1536]",torch.bfloat16,sdpa,True,True,0.0,0.0
b4/pixels-changed/repeat/time/0/step8,"[4, 1536]",torch.bfloat16,sdpa,True,True,0.0,0.0
b4/pixels-changed/repeat/time/0/step9,"[4, 1536]",torch.bfloat16,sdpa,True,True,0.0,0.0
b4/pixels-changed/repeat/action-in/0/step0,"[4, 30, 1536]",torch.bfloat16,sdpa,True,True,0.0,0.0
b4/pixels-changed/repeat/action-in/0/step1,"[4, 30, 1536]",torch.bfloat16,sdpa,True,True,0.0,0.0
b4/pixels-changed/repeat/action-in/0/step2,"[4, 30, 1536]",torch.bfloat16,sdpa,True,True,0.0,0.0
b4/pixels-changed/repeat/action-in/0/step3,"[4, 30, 1536]",torch.bfloat16,sdpa,True,True,0.0,0.0
b4/pixels-changed/repeat/action-in/0/step4,"[4, 30, 1536]",torch.bfloat16,sdpa,True,True,0.0,0.0
b4/pixels-changed/repeat/action-in/0/step5,"[4, 30, 1536]",torch.bfloat16,sdpa,True,True,0.0,0.0
b4/pixels-changed/repeat/action-in/0/step6,"[4, 30, 1536]",torch.bfloat16,sdpa,True,True,0.0,0.0
b4/pixels-changed/repeat/action-in/0/step7,"[4, 30, 1536]",torch.bfloat16,sdpa,True,True,0.0,0.0
b4/pixels-changed/repeat/action-in/0/step8,"[4, 30, 1536]",torch.bfloat16,sdpa,True,True,0.0,0.0
b4/pixels-changed/repeat/action-in/0/step9,"[4, 30, 1536]",torch.bfloat16,sdpa,True,True,0.0,0.0
b4/pixels-changed/repeat/obs/0/step0,"[4, 108, 1536]",torch.bfloat16,sdpa,True,True,0.0,0.0
b4/pixels-changed/repeat/obs/0/step1,"[4, 108, 1536]",torch.bfloat16,sdpa,True,True,0.0,0.0
b4/pixels-changed/repeat/obs/0/step2,"[4, 108, 1536]",torch.bfloat16,sdpa,True,True,0.0,0.0
b4/pixels-changed/repeat/obs/0/step3,"[4, 108, 1536]",torch.bfloat16,sdpa,True,True,0.0,0.0
b4/pixels-changed/repeat/obs/0/step4,"[4, 108, 1536]",torch.bfloat16,sdpa,True,True,0.0,0.0
b4/pixels-changed/repeat/obs/0/step5,"[4, 108, 1536]",torch.bfloat16,sdpa,True,True,0.0,0.0
b4/pixels-changed/repeat/obs/0/step6,"[4, 108, 1536]",torch.bfloat16,sdpa,True,True,0.0,0.0
b4/pixels-changed/repeat/obs/0/step7,"[4, 108, 1536]",torch.bfloat16,sdpa,True,True,0.0,0.0
b4/pixels-changed/repeat/obs/0/step8,"[4, 108, 1536]",torch.bfloat16,sdpa,True,True,0.0,0.0
b4/pixels-changed/repeat/obs/0/step9,"[4, 108, 1536]",torch.bfloat16,sdpa,True,True,0.0,0.0
b4/pixels-changed/repeat/obs/1/step0,"[4, 108]",torch.float32,sdpa,True,True,0.0,0.0
b4/pixels-changed/repeat/obs/1/step1,"[4, 108]",torch.float32,sdpa,True,True,0.0,0.0
b4/pixels-changed/repeat/obs/1/step2,"[4, 108]",torch.float32,sdpa,True,True,0.0,0.0
b4/pixels-changed/repeat/obs/1/step3,"[4, 108]",torch.float32,sdpa,True,True,0.0,0.0
b4/pixels-changed/repeat/obs/1/step4,"[4, 108]",torch.float32,sdpa,True,True,0.0,0.0
b4/pixels-changed/repeat/obs/1/step5,"[4, 108]",torch.float32,sdpa,True,True,0.0,0.0
b4/pixels-changed/repeat/obs/1/step6,"[4, 108]",torch.float32,sdpa,True,True,0.0,0.0
b4/pixels-changed/repeat/obs/1/step7,"[4, 108]",torch.float32,sdpa,True,True,0.0,0.0
b4/pixels-changed/repeat/obs/1/step8,"[4, 108]",torch.float32,sdpa,True,True,0.0,0.0
b4/pixels-changed/repeat/obs/1/step9,"[4, 108]",torch.float32,sdpa,True,True,0.0,0.0
b4/pixels-changed/repeat/block0/0/step0,"[4, 30, 1536]",torch.bfloat16,sdpa,True,True,0.0,0.0
b4/pixels-changed/repeat/block0/0/step1,"[4, 30, 1536]",torch.bfloat16,sdpa,True,True,0.0,0.0
b4/pixels-changed/repeat/block0/0/step2,"[4, 30, 1536]",torch.bfloat16,sdpa,True,True,0.0,0.0
b4/pixels-changed/repeat/block0/0/step3,"[4, 30, 1536]",torch.bfloat16,sdpa,True,True,0.0,0.0
b4/pixels-changed/repeat/block0/0/step4,"[4, 30, 1536]",torch.bfloat16,sdpa,True,True,0.0,0.0
b4/pixels-changed/repeat/block0/0/step5,"[4, 30, 1536]",torch.bfloat16,sdpa,True,True,0.0,0.0
b4/pixels-changed/repeat/block0/0/step6,"[4, 30, 1536]",torch.bfloat16,sdpa,True,True,0.0,0.0
b4/pixels-changed/repeat/block0/0/step7,"[4, 30, 1536]",torch.bfloat16,sdpa,True,True,0.0,0.0
b4/pixels-changed/repeat/block0/0/step8,"[4, 30, 1536]",torch.bfloat16,sdpa,True,True,0.0,0.0
b4/pixels-changed/repeat/block0/0/step9,"[4, 30, 1536]",torch.bfloat16,sdpa,True,True,0.0,0.0
b4/pixels-changed/repeat/block0/1/step0,"[4, 108, 1536]",torch.bfloat16,sdpa,True,True,0.0,0.0
b4/pixels-changed/repeat/block0/1/step1,"[4, 108, 1536]",torch.bfloat16,sdpa,True,True,0.0,0.0
b4/pixels-changed/repeat/block0/1/step2,"[4, 108, 1536]",torch.bfloat16,sdpa,True,True,0.0,0.0
b4/pixels-changed/repeat/block0/1/step3,"[4, 108, 1536]",torch.bfloat16,sdpa,True,True,0.0,0.0
b4/pixels-changed/repeat/block0/1/step4,"[4, 108, 1536]",torch.bfloat16,sdpa,True,True,0.0,0.0
b4/pixels-changed/repeat/block0/1/step5,"[4, 108, 1536]",torch.bfloat16,sdpa,True,True,0.0,0.0
b4/pixels-changed/repeat/block0/1/step6,"[4, 108, 1536]",torch.bfloat16,sdpa,True,True,0.0,0.0
b4/pixels-changed/repeat/block0/1/step7,"[4, 108, 1536]",torch.bfloat16,sdpa,True,True,0.0,0.0
b4/pixels-changed/repeat/block0/1/step8,"[4, 108, 1536]",torch.bfloat16,sdpa,True,True,0.0,0.0
b4/pixels-changed/repeat/block0/1/step9,"[4, 108, 1536]",torch.bfloat16,sdpa,True,True,0.0,0.0
b4/pixels-changed/repeat/block1/0/step0,"[4, 30, 1536]",torch.bfloat16,sdpa,True,True,0.0,0.0
b4/pixels-changed/repeat/block1/0/step1,"[4, 30, 1536]",torch.bfloat16,sdpa,True,True,0.0,0.0
b4/pixels-changed/repeat/block1/0/step2,"[4, 30, 1536]",torch.bfloat16,sdpa,True,True,0.0,0.0
b4/pixels-changed/repeat/block1/0/step3,"[4, 30, 1536]",torch.bfloat16,sdpa,True,True,0.0,0.0
b4/pixels-changed/repeat/block1/0/step4,"[4, 30, 1536]",torch.bfloat16,sdpa,True,True,0.0,0.0
b4/pixels-changed/repeat/block1/0/step5,"[4, 30, 1536]",torch.bfloat16,sdpa,True,True,0.0,0.0
b4/pixels-changed/repeat/block1/0/step6,"[4, 30, 1536]",torch.bfloat16,sdpa,True,True,0.0,0.0
b4/pixels-changed/repeat/block1/0/step7,"[4, 30, 1536]",torch.bfloat16,sdpa,True,True,0.0,0.0
b4/pixels-changed/repeat/block1/0/step8,"[4, 30, 1536]",torch.bfloat16,sdpa,True,True,0.0,0.0
b4/pixels-changed/repeat/block1/0/step9,"[4, 30, 1536]",torch.bfloat16,sdpa,True,True,0.0,0.0
b4/pixels-changed/repeat/block1/1/step0,"[4, 108, 1536]",torch.bfloat16,sdpa,True,True,0.0,0.0
b4/pixels-changed/repeat/block1/1/step1,"[4, 108, 1536]",torch.bfloat16,sdpa,True,True,0.0,0.0
b4/pixels-changed/repeat/block1/1/step2,"[4, 108, 1536]",torch.bfloat16,sdpa,True,True,0.0,0.0
b4/pixels-changed/repeat/block1/1/step3,"[4, 108, 1536]",torch.bfloat16,sdpa,True,True,0.0,0.0
b4/pixels-changed/repeat/block1/1/step4,"[4, 108, 1536]",torch.bfloat16,sdpa,True,True,0.0,0.0
b4/pixels-changed/repeat/block1/1/step5,"[4, 108, 1536]",torch.bfloat16,sdpa,True,True,0.0,0.0
b4/pixels-changed/repeat/block1/1/step6,"[4, 108, 1536]",torch.bfloat16,sdpa,True,True,0.0,0.0
b4/pixels-changed/repeat/block1/1/step7,"[4, 108, 1536]",torch.bfloat16,sdpa,True,True,0.0,0.0
b4/pixels-changed/repeat/block1/1/step8,"[4, 108, 1536]",torch.bfloat16,sdpa,True,True,0.0,0.0
b4/pixels-changed/repeat/block1/1/step9,"[4, 108, 1536]",torch.bfloat16,sdpa,True,True,0.0,0.0
b4/pixels-changed/repeat/block2/0/step0,"[4, 30, 1536]",torch.bfloat16,sdpa,True,True,0.0,0.0
b4/pixels-changed/repeat/block2/0/step1,"[4, 30, 1536]",torch.bfloat16,sdpa,True,True,0.0,0.0
b4/pixels-changed/repeat/block2/0/step2,"[4, 30, 1536]",torch.bfloat16,sdpa,True,True,0.0,0.0
b4/pixels-changed/repeat/block2/0/step3,"[4, 30, 1536]",torch.bfloat16,sdpa,True,True,0.0,0.0
b4/pixels-changed/repeat/block2/0/step4,"[4, 30, 1536]",torch.bfloat16,sdpa,True,True,0.0,0.0
b4/pixels-changed/repeat/block2/0/step5,"[4, 30, 1536]",torch.bfloat16,sdpa,True,True,0.0,0.0
b4/pixels-changed/repeat/block2/0/step6,"[4, 30, 1536]",torch.bfloat16,sdpa,True,True,0.0,0.0
b4/pixels-changed/repeat/block2/0/step7,"[4, 30, 1536]",torch.bfloat16,sdpa,True,True,0.0,0.0
b4/pixels-changed/repeat/block2/0/step8,"[4, 30, 1536]",torch.bfloat16,sdpa,True,True,0.0,0.0
b4/pixels-changed/repeat/block2/0/step9,"[4, 30, 1536]",torch.bfloat16,sdpa,True,True,0.0,0.0
b4/pixels-changed/repeat/block2/1/step0,"[4, 108, 1536]",torch.bfloat16,sdpa,True,True,0.0,0.0
b4/pixels-changed/repeat/block2/1/step1,"[4, 108, 1536]",torch.bfloat16,sdpa,True,True,0.0,0.0
b4/pixels-changed/repeat/block2/1/step2,"[4, 108, 1536]",torch.bfloat16,sdpa,True,True,0.0,0.0
b4/pixels-changed/repeat/block2/1/step3,"[4, 108, 1536]",torch.bfloat16,sdpa,True,True,0.0,0.0
b4/pixels-changed/repeat/block2/1/step4,"[4, 108, 1536]",torch.bfloat16,sdpa,True,True,0.0,0.0
b4/pixels-changed/repeat/block2/1/step5,"[4, 108, 1536]",torch.bfloat16,sdpa,True,True,0.0,0.0
b4/pixels-changed/repeat/block2/1/step6,"[4, 108, 1536]",torch.bfloat16,sdpa,True,True,0.0,0.0
b4/pixels-changed/repeat/block2/1/step7,"[4, 108, 1536]",torch.bfloat16,sdpa,True,True,0.0,0.0
b4/pixels-changed/repeat/block2/1/step8,"[4, 108, 1536]",torch.bfloat16,sdpa,True,True,0.0,0.0
b4/pixels-changed/repeat/block2/1/step9,"[4, 108, 1536]",torch.bfloat16,sdpa,True,True,0.0,0.0
b4/pixels-changed/repeat/block3/0/step0,"[4, 30, 1536]",torch.bfloat16,sdpa,True,True,0.0,0.0
b4/pixels-changed/repeat/block3/0/step1,"[4, 30, 1536]",torch.bfloat16,sdpa,True,True,0.0,0.0
b4/pixels-changed/repeat/block3/0/step2,"[4, 30, 1536]",torch.bfloat16,sdpa,True,True,0.0,0.0
b4/pixels-changed/repeat/block3/0/step3,"[4, 30, 1536]",torch.bfloat16,sdpa,True,True,0.0,0.0
b4/pixels-changed/repeat/block3/0/step4,"[4, 30, 1536]",torch.bfloat16,sdpa,True,True,0.0,0.0
b4/pixels-changed/repeat/block3/0/step5,"[4, 30, 1536]",torch.bfloat16,sdpa,True,True,0.0,0.0
b4/pixels-changed/repeat/block3/0/step6,"[4, 30, 1536]",torch.bfloat16,sdpa,True,True,0.0,0.0
b4/pixels-changed/repeat/block3/0/step7,"[4, 30, 1536]",torch.bfloat16,sdpa,True,True,0.0,0.0
b4/pixels-changed/repeat/block3/0/step8,"[4, 30, 1536]",torch.bfloat16,sdpa,True,True,0.0,0.0
b4/pixels-changed/repeat/block3/0/step9,"[4, 30, 1536]",torch.bfloat16,sdpa,True,True,0.0,0.0
b4/pixels-changed/repeat/block3/1/step0,"[4, 108, 1536]",torch.bfloat16,sdpa,True,True,0.0,0.0
b4/pixels-changed/repeat/block3/1/step1,"[4, 108, 1536]",torch.bfloat16,sdpa,True,True,0.0,0.0
b4/pixels-changed/repeat/block3/1/step2,"[4, 108, 1536]",torch.bfloat16,sdpa,True,True,0.0,0.0
b4/pixels-changed/repeat/block3/1/step3,"[4, 108, 1536]",torch.bfloat16,sdpa,True,True,0.0,0.0
b4/pixels-changed/repeat/block3/1/step4,"[4, 108, 1536]",torch.bfloat16,sdpa,True,True,0.0,0.0
b4/pixels-changed/repeat/block3/1/step5,"[4, 108, 1536]",torch.bfloat16,sdpa,True,True,0.0,0.0
b4/pixels-changed/repeat/block3/1/step6,"[4, 108, 1536]",torch.bfloat16,sdpa,True,True,0.0,0.0
b4/pixels-changed/repeat/block3/1/step7,"[4, 108, 1536]",torch.bfloat16,sdpa,True,True,0.0,0.0
b4/pixels-changed/repeat/block3/1/step8,"[4, 108, 1536]",torch.bfloat16,sdpa,True,True,0.0,0.0
b4/pixels-changed/repeat/block3/1/step9,"[4, 108, 1536]",torch.bfloat16,sdpa,True,True,0.0,0.0
b4/pixels-changed/repeat/block4/0/step0,"[4, 30, 1536]",torch.bfloat16,sdpa,True,True,0.0,0.0
b4/pixels-changed/repeat/block4/0/step1,"[4, 30, 1536]",torch.bfloat16,sdpa,True,True,0.0,0.0
b4/pixels-changed/repeat/block4/0/step2,"[4, 30, 1536]",torch.bfloat16,sdpa,True,True,0.0,0.0
b4/pixels-changed/repeat/block4/0/step3,"[4, 30, 1536]",torch.bfloat16,sdpa,True,True,0.0,0.0
b4/pixels-changed/repeat/block4/0/step4,"[4, 30, 1536]",torch.bfloat16,sdpa,True,True,0.0,0.0
b4/pixels-changed/repeat/block4/0/step5,"[4, 30, 1536]",torch.bfloat16,sdpa,True,True,0.0,0.0
b4/pixels-changed/repeat/block4/0/step6,"[4, 30, 1536]",torch.bfloat16,sdpa,True,True,0.0,0.0
b4/pixels-changed/repeat/block4/0/step7,"[4, 30, 1536]",torch.bfloat16,sdpa,True,True,0.0,0.0
b4/pixels-changed/repeat/block4/0/step8,"[4, 30, 1536]",torch.bfloat16,sdpa,True,True,0.0,0.0
b4/pixels-changed/repeat/block4/0/step9,"[4, 30, 1536]",torch.bfloat16,sdpa,True,True,0.0,0.0
b4/pixels-changed/repeat/block4/1/step0,"[4, 108, 1536]",torch.bfloat16,sdpa,True,True,0.0,0.0
b4/pixels-changed/repeat/block4/1/step1,"[4, 108, 1536]",torch.bfloat16,sdpa,True,True,0.0,0.0
b4/pixels-changed/repeat/block4/1/step2,"[4, 108, 1536]",torch.bfloat16,sdpa,True,True,0.0,0.0
b4/pixels-changed/repeat/block4/1/step3,"[4, 108, 1536]",torch.bfloat16,sdpa,True,True,0.0,0.0
b4/pixels-changed/repeat/block4/1/step4,"[4, 108, 1536]",torch.bfloat16,sdpa,True,True,0.0,0.0
b4/pixels-changed/repeat/block4/1/step5,"[4, 108, 1536]",torch.bfloat16,sdpa,True,True,0.0,0.0
b4/pixels-changed/repeat/block4/1/step6,"[4, 108, 1536]",torch.bfloat16,sdpa,True,True,0.0,0.0
b4/pixels-changed/repeat/block4/1/step7,"[4, 108, 1536]",torch.bfloat16,sdpa,True,True,0.0,0.0
b4/pixels-changed/repeat/block4/1/step8,"[4, 108, 1536]",torch.bfloat16,sdpa,True,True,0.0,0.0
b4/pixels-changed/repeat/block4/1/step9,"[4, 108, 1536]",torch.bfloat16,sdpa,True,True,0.0,0.0
b4/pixels-changed/repeat/block5/0/step0,"[4, 30, 1536]",torch.bfloat16,sdpa,True,True,0.0,0.0
b4/pixels-changed/repeat/block5/0/step1,"[4, 30, 1536]",torch.bfloat16,sdpa,True,True,0.0,0.0
b4/pixels-changed/repeat/block5/0/step2,"[4, 30, 1536]",torch.bfloat16,sdpa,True,True,0.0,0.0
b4/pixels-changed/repeat/block5/0/step3,"[4, 30, 1536]",torch.bfloat16,sdpa,True,True,0.0,0.0
b4/pixels-changed/repeat/block5/0/step4,"[4, 30, 1536]",torch.bfloat16,sdpa,True,True,0.0,0.0
b4/pixels-changed/repeat/block5/0/step5,"[4, 30, 1536]",torch.bfloat16,sdpa,True,True,0.0,0.0
b4/pixels-changed/repeat/block5/0/step6,"[4, 30, 1536]",torch.bfloat16,sdpa,True,True,0.0,0.0
b4/pixels-changed/repeat/block5/0/step7,"[4, 30, 1536]",torch.bfloat16,sdpa,True,True,0.0,0.0
b4/pixels-changed/repeat/block5/0/step8,"[4, 30, 1536]",torch.bfloat16,sdpa,True,True,0.0,0.0
b4/pixels-changed/repeat/block5/0/step9,"[4, 30, 1536]",torch.bfloat16,sdpa,True,True,0.0,0.0
b4/pixels-changed/repeat/velocity/step0,"[4, 30, 78]",torch.bfloat16,sdpa,True,True,0.0,0.0
b4/pixels-changed/repeat/velocity/step1,"[4, 30, 78]",torch.bfloat16,sdpa,True,True,0.0,0.0
b4/pixels-changed/repeat/velocity/step2,"[4, 30, 78]",torch.bfloat16,sdpa,True,True,0.0,0.0
b4/pixels-changed/repeat/velocity/step3,"[4, 30, 78]",torch.bfloat16,sdpa,True,True,0.0,0.0
b4/pixels-changed/repeat/velocity/step4,"[4, 30, 78]",torch.bfloat16,sdpa,True,True,0.0,0.0
b4/pixels-changed/repeat/velocity/step5,"[4, 30, 78]",torch.bfloat16,sdpa,True,True,0.0,0.0
b4/pixels-changed/repeat/velocity/step6,"[4, 30, 78]",torch.bfloat16,sdpa,True,True,0.0,0.0
b4/pixels-changed/repeat/velocity/step7,"[4, 30, 78]",torch.bfloat16,sdpa,True,True,0.0,0.0
b4/pixels-changed/repeat/velocity/step8,"[4, 30, 78]",torch.bfloat16,sdpa,True,True,0.0,0.0
b4/pixels-changed/repeat/velocity/step9,"[4, 30, 78]",torch.bfloat16,sdpa,True,True,0.0,0.0
b4/pixels-changed/repeat/actions/step0,"[4, 30, 78]",torch.bfloat16,sdpa,True,True,0.0,0.0
b4/pixels-changed/repeat/actions/step1,"[4, 30, 78]",torch.bfloat16,sdpa,True,True,0.0,0.0
b4/pixels-changed/repeat/actions/step2,"[4, 30, 78]",torch.bfloat16,sdpa,True,True,0.0,0.0
b4/pixels-changed/repeat/actions/step3,"[4, 30, 78]",torch.bfloat16,sdpa,True,True,0.0,0.0
b4/pixels-changed/repeat/actions/step4,"[4, 30, 78]",torch.bfloat16,sdpa,True,True,0.0,0.0
b4/pixels-changed/repeat/actions/step5,"[4, 30, 78]",torch.bfloat16,sdpa,True,True,0.0,0.0
b4/pixels-changed/repeat/actions/step6,"[4, 30, 78]",torch.bfloat16,sdpa,True,True,0.0,0.0
b4/pixels-changed/repeat/actions/step7,"[4, 30, 78]",torch.bfloat16,sdpa,True,True,0.0,0.0
b4/pixels-changed/repeat/actions/step8,"[4, 30, 78]",torch.bfloat16,sdpa,True,True,0.0,0.0
b4/pixels-changed/repeat/actions/step9,"[4, 30, 78]",torch.bfloat16,sdpa,True,True,0.0,0.0
b4/pixels-changed/input_ids,"[4, 107]",torch.int64,sdpa,True,True,0.0,0.0
b4/pixels-changed/attention_mask,"[4, 107]",torch.bool,sdpa,True,True,0.0,0.0
b4/pixels-changed/image_grid_thw,"[4, 3]",torch.int64,sdpa,True,True,0.0,0.0
b4/pixels-changed/pixel_values,"[1280, 1536]",torch.bfloat16,sdpa,True,True,0.0,0.0
b4/pixels-changed/positions,"[3, 4, 107]",torch.int64,sdpa,True,True,0.0,0.0
b4/pixels-changed/features,"[4, 1, 107, 2048]",torch.bfloat16,sdpa,True,True,0.0,0.0
b4/pixels-changed/final,"[4, 30, 78]",torch.float32,sdpa,True,True,0.0,0.0
b4/pixels-changed/time/0/step0,"[4, 1536]",torch.bfloat16,sdpa,True,True,0.0,0.0
b4/pixels-changed/time/0/step1,"[4, 1536]",torch.bfloat16,sdpa,True,True,0.0,0.0
b4/pixels-changed/time/0/step2,"[4, 1536]",torch.bfloat16,sdpa,True,True,0.0,0.0
b4/pixels-changed/time/0/step3,"[4, 1536]",torch.bfloat16,sdpa,True,True,0.0,0.0
b4/pixels-changed/time/0/step4,"[4, 1536]",torch.bfloat16,sdpa,True,True,0.0,0.0
b4/pixels-changed/time/0/step5,"[4, 1536]",torch.bfloat16,sdpa,True,True,0.0,0.0
b4/pixels-changed/time/0/step6,"[4, 1536]",torch.bfloat16,sdpa,True,True,0.0,0.0
b4/pixels-changed/time/0/step7,"[4, 1536]",torch.bfloat16,sdpa,True,True,0.0,0.0
b4/pixels-changed/time/0/step8,"[4, 1536]",torch.bfloat16,sdpa,True,True,0.0,0.0
b4/pixels-changed/time/0/step9,"[4, 1536]",torch.bfloat16,sdpa,True,True,0.0,0.0
b4/pixels-changed/action-in/0/step0,"[4, 30, 1536]",torch.bfloat16,sdpa,True,True,0.0,0.0
b4/pixels-changed/action-in/0/step1,"[4, 30, 1536]",torch.bfloat16,sdpa,True,True,0.0,0.0
b4/pixels-changed/action-in/0/step2,"[4, 30, 1536]",torch.bfloat16,sdpa,True,True,0.0,0.0
b4/pixels-changed/action-in/0/step3,"[4, 30, 1536]",torch.bfloat16,sdpa,True,True,0.0,0.0
b4/pixels-changed/action-in/0/step4,"[4, 30, 1536]",torch.bfloat16,sdpa,True,True,0.0,0.0
b4/pixels-changed/action-in/0/step5,"[4, 30, 1536]",torch.bfloat16,sdpa,True,True,0.0,0.0
b4/pixels-changed/action-in/0/step6,"[4, 30, 1536]",torch.bfloat16,sdpa,True,True,0.0,0.0
b4/pixels-changed/action-in/0/step7,"[4, 30, 1536]",torch.bfloat16,sdpa,True,True,0.0,0.0
b4/pixels-changed/action-in/0/step8,"[4, 30, 1536]",torch.bfloat16,sdpa,True,True,0.0,0.0
b4/pixels-changed/action-in/0/step9,"[4, 30, 1536]",torch.bfloat16,sdpa,True,True,0.0,0.0
b4/pixels-changed/obs/0/step0,"[4, 108, 1536]",torch.bfloat16,sdpa,True,True,0.0,0.0
b4/pixels-changed/obs/1/step0,"[4, 108]",torch.bool,sdpa,True,True,0.0,0.0
b4/pixels-changed/block0/0/step0,"[4, 30, 1536]",torch.bfloat16,sdpa,True,True,0.0,0.0
b4/pixels-changed/block0/0/step1,"[4, 30, 1536]",torch.bfloat16,sdpa,True,True,0.0,0.0
b4/pixels-changed/block0/0/step2,"[4, 30, 1536]",torch.bfloat16,sdpa,True,True,0.0,0.0
b4/pixels-changed/block0/0/step3,"[4, 30, 1536]",torch.bfloat16,sdpa,True,True,0.0,0.0
b4/pixels-changed/block0/0/step4,"[4, 30, 1536]",torch.bfloat16,sdpa,True,True,0.0,0.0
b4/pixels-changed/block0/0/step5,"[4, 30, 1536]",torch.bfloat16,sdpa,True,True,0.0,0.0
b4/pixels-changed/block0/0/step6,"[4, 30, 1536]",torch.bfloat16,sdpa,True,True,0.0,0.0
b4/pixels-changed/block0/0/step7,"[4, 30, 1536]",torch.bfloat16,sdpa,True,True,0.0,0.0
b4/pixels-changed/block0/0/step8,"[4, 30, 1536]",torch.bfloat16,sdpa,True,True,0.0,0.0
b4/pixels-changed/block0/0/step9,"[4, 30, 1536]",torch.bfloat16,sdpa,True,True,0.0,0.0
b4/pixels-changed/block0/1/step0,"[4, 108, 1536]",torch.bfloat16,sdpa,True,True,0.0,0.0
b4/pixels-changed/block0/1/step1,"[4, 108, 1536]",torch.bfloat16,sdpa,True,True,0.0,0.0
b4/pixels-changed/block0/1/step2,"[4, 108, 1536]",torch.bfloat16,sdpa,True,True,0.0,0.0
b4/pixels-changed/block0/1/step3,"[4, 108, 1536]",torch.bfloat16,sdpa,True,True,0.0,0.0
b4/pixels-changed/block0/1/step4,"[4, 108, 1536]",torch.bfloat16,sdpa,True,True,0.0,0.0
b4/pixels-changed/block0/1/step5,"[4, 108, 1536]",torch.bfloat16,sdpa,True,True,0.0,0.0
b4/pixels-changed/block0/1/step6,"[4, 108, 1536]",torch.bfloat16,sdpa,True,True,0.0,0.0
b4/pixels-changed/block0/1/step7,"[4, 108, 1536]",torch.bfloat16,sdpa,True,True,0.0,0.0
b4/pixels-changed/block0/1/step8,"[4, 108, 1536]",torch.bfloat16,sdpa,True,True,0.0,0.0
b4/pixels-changed/block0/1/step9,"[4, 108, 1536]",torch.bfloat16,sdpa,True,True,0.0,0.0
b4/pixels-changed/block1/0/step0,"[4, 30, 1536]",torch.bfloat16,sdpa,True,True,0.0,0.0
b4/pixels-changed/block1/0/step1,"[4, 30, 1536]",torch.bfloat16,sdpa,True,True,0.0,0.0
b4/pixels-changed/block1/0/step2,"[4, 30, 1536]",torch.bfloat16,sdpa,True,True,0.0,0.0
b4/pixels-changed/block1/0/step3,"[4, 30, 1536]",torch.bfloat16,sdpa,True,True,0.0,0.0
b4/pixels-changed/block1/0/step4,"[4, 30, 1536]",torch.bfloat16,sdpa,True,True,0.0,0.0
b4/pixels-changed/block1/0/step5,"[4, 30, 1536]",torch.bfloat16,sdpa,True,True,0.0,0.0
b4/pixels-changed/block1/0/step6,"[4, 30, 1536]",torch.bfloat16,sdpa,True,True,0.0,0.0
b4/pixels-changed/block1/0/step7,"[4, 30, 1536]",torch.bfloat16,sdpa,True,True,0.0,0.0
b4/pixels-changed/block1/0/step8,"[4, 30, 1536]",torch.bfloat16,sdpa,True,True,0.0,0.0
b4/pixels-changed/block1/0/step9,"[4, 30, 1536]",torch.bfloat16,sdpa,True,True,0.0,0.0
b4/pixels-changed/block1/1/step0,"[4, 108, 1536]",torch.bfloat16,sdpa,True,True,0.0,0.0
b4/pixels-changed/block1/1/step1,"[4, 108, 1536]",torch.bfloat16,sdpa,True,True,0.0,0.0
b4/pixels-changed/block1/1/step2,"[4, 108, 1536]",torch.bfloat16,sdpa,True,True,0.0,0.0
b4/pixels-changed/block1/1/step3,"[4, 108, 1536]",torch.bfloat16,sdpa,True,True,0.0,0.0
b4/pixels-changed/block1/1/step4,"[4, 108, 1536]",torch.bfloat16,sdpa,True,True,0.0,0.0
b4/pixels-changed/block1/1/step5,"[4, 108, 1536]",torch.bfloat16,sdpa,True,True,0.0,0.0
b4/pixels-changed/block1/1/step6,"[4, 108, 1536]",torch.bfloat16,sdpa,True,True,0.0,0.0
b4/pixels-changed/block1/1/step7,"[4, 108, 1536]",torch.bfloat16,sdpa,True,True,0.0,0.0
b4/pixels-changed/block1/1/step8,"[4, 108, 1536]",torch.bfloat16,sdpa,True,True,0.0,0.0
b4/pixels-changed/block1/1/step9,"[4, 108, 1536]",torch.bfloat16,sdpa,True,True,0.0,0.0
b4/pixels-changed/block2/0/step0,"[4, 30, 1536]",torch.bfloat16,sdpa,True,True,0.0,0.0
b4/pixels-changed/block2/0/step1,"[4, 30, 1536]",torch.bfloat16,sdpa,True,True,0.0,0.0
b4/pixels-changed/block2/0/step2,"[4, 30, 1536]",torch.bfloat16,sdpa,True,True,0.0,0.0
b4/pixels-changed/block2/0/step3,"[4, 30, 1536]",torch.bfloat16,sdpa,True,True,0.0,0.0
b4/pixels-changed/block2/0/step4,"[4, 30, 1536]",torch.bfloat16,sdpa,True,True,0.0,0.0
b4/pixels-changed/block2/0/step5,"[4, 30, 1536]",torch.bfloat16,sdpa,True,True,0.0,0.0
b4/pixels-changed/block2/0/step6,"[4, 30, 1536]",torch.bfloat16,sdpa,True,True,0.0,0.0
b4/pixels-changed/block2/0/step7,"[4, 30, 1536]",torch.bfloat16,sdpa,True,True,0.0,0.0
b4/pixels-changed/block2/0/step8,"[4, 30, 1536]",torch.bfloat16,sdpa,True,True,0.0,0.0
b4/pixels-changed/block2/0/step9,"[4, 30, 1536]",torch.bfloat16,sdpa,True,True,0.0,0.0
b4/pixels-changed/block2/1/step0,"[4, 108, 1536]",torch.bfloat16,sdpa,True,True,0.0,0.0
b4/pixels-changed/block2/1/step1,"[4, 108, 1536]",torch.bfloat16,sdpa,True,True,0.0,0.0
b4/pixels-changed/block2/1/step2,"[4, 108, 1536]",torch.bfloat16,sdpa,True,True,0.0,0.0
b4/pixels-changed/block2/1/step3,"[4, 108, 1536]",torch.bfloat16,sdpa,True,True,0.0,0.0
b4/pixels-changed/block2/1/step4,"[4, 108, 1536]",torch.bfloat16,sdpa,True,True,0.0,0.0
b4/pixels-changed/block2/1/step5,"[4, 108, 1536]",torch.bfloat16,sdpa,True,True,0.0,0.0
b4/pixels-changed/block2/1/step6,"[4, 108, 1536]",torch.bfloat16,sdpa,True,True,0.0,0.0
b4/pixels-changed/block2/1/step7,"[4, 108, 1536]",torch.bfloat16,sdpa,True,True,0.0,0.0
b4/pixels-changed/block2/1/step8,"[4, 108, 1536]",torch.bfloat16,sdpa,True,True,0.0,0.0
b4/pixels-changed/block2/1/step9,"[4, 108, 1536]",torch.bfloat16,sdpa,True,True,0.0,0.0
b4/pixels-changed/block3/0/step0,"[4, 30, 1536]",torch.bfloat16,sdpa,True,True,0.0,0.0
b4/pixels-changed/block3/0/step1,"[4, 30, 1536]",torch.bfloat16,sdpa,True,True,0.0,0.0
b4/pixels-changed/block3/0/step2,"[4, 30, 1536]",torch.bfloat16,sdpa,True,True,0.0,0.0
b4/pixels-changed/block3/0/step3,"[4, 30, 1536]",torch.bfloat16,sdpa,True,True,0.0,0.0
b4/pixels-changed/block3/0/step4,"[4, 30, 1536]",torch.bfloat16,sdpa,True,True,0.0,0.0
b4/pixels-changed/block3/0/step5,"[4, 30, 1536]",torch.bfloat16,sdpa,True,True,0.0,0.0
b4/pixels-changed/block3/0/step6,"[4, 30, 1536]",torch.bfloat16,sdpa,True,True,0.0,0.0
b4/pixels-changed/block3/0/step7,"[4, 30, 1536]",torch.bfloat16,sdpa,True,True,0.0,0.0
b4/pixels-changed/block3/0/step8,"[4, 30, 1536]",torch.bfloat16,sdpa,True,True,0.0,0.0
b4/pixels-changed/block3/0/step9,"[4, 30, 1536]",torch.bfloat16,sdpa,True,True,0.0,0.0
b4/pixels-changed/block3/1/step0,"[4, 108, 1536]",torch.bfloat16,sdpa,True,True,0.0,0.0
b4/pixels-changed/block3/1/step1,"[4, 108, 1536]",torch.bfloat16,sdpa,True,True,0.0,0.0
b4/pixels-changed/block3/1/step2,"[4, 108, 1536]",torch.bfloat16,sdpa,True,True,0.0,0.0
b4/pixels-changed/block3/1/step3,"[4, 108, 1536]",torch.bfloat16,sdpa,True,True,0.0,0.0
b4/pixels-changed/block3/1/step4,"[4, 108, 1536]",torch.bfloat16,sdpa,True,True,0.0,0.0
b4/pixels-changed/block3/1/step5,"[4, 108, 1536]",torch.bfloat16,sdpa,True,True,0.0,0.0
b4/pixels-changed/block3/1/step6,"[4, 108, 1536]",torch.bfloat16,sdpa,True,True,0.0,0.0
b4/pixels-changed/block3/1/step7,"[4, 108, 1536]",torch.bfloat16,sdpa,True,True,0.0,0.0
b4/pixels-changed/block3/1/step8,"[4, 108, 1536]",torch.bfloat16,sdpa,True,True,0.0,0.0
b4/pixels-changed/block3/1/step9,"[4, 108, 1536]",torch.bfloat16,sdpa,True,True,0.0,0.0
b4/pixels-changed/block4/0/step0,"[4, 30, 1536]",torch.bfloat16,sdpa,True,True,0.0,0.0
b4/pixels-changed/block4/0/step1,"[4, 30, 1536]",torch.bfloat16,sdpa,True,True,0.0,0.0
b4/pixels-changed/block4/0/step2,"[4, 30, 1536]",torch.bfloat16,sdpa,True,True,0.0,0.0
b4/pixels-changed/block4/0/step3,"[4, 30, 1536]",torch.bfloat16,sdpa,True,True,0.0,0.0
b4/pixels-changed/block4/0/step4,"[4, 30, 1536]",torch.bfloat16,sdpa,True,True,0.0,0.0
b4/pixels-changed/block4/0/step5,"[4, 30, 1536]",torch.bfloat16,sdpa,True,True,0.0,0.0
b4/pixels-changed/block4/0/step6,"[4, 30, 1536]",torch.bfloat16,sdpa,True,True,0.0,0.0
b4/pixels-changed/block4/0/step7,"[4, 30, 1536]",torch.bfloat16,sdpa,True,True,0.0,0.0
b4/pixels-changed/block4/0/step8,"[4, 30, 1536]",torch.bfloat16,sdpa,True,True,0.0,0.0
b4/pixels-changed/block4/0/step9,"[4, 30, 1536]",torch.bfloat16,sdpa,True,True,0.0,0.0
b4/pixels-changed/block4/1/step0,"[4, 108, 1536]",torch.bfloat16,sdpa,True,True,0.0,0.0
b4/pixels-changed/block4/1/step1,"[4, 108, 1536]",torch.bfloat16,sdpa,True,True,0.0,0.0
b4/pixels-changed/block4/1/step2,"[4, 108, 1536]",torch.bfloat16,sdpa,True,True,0.0,0.0
b4/pixels-changed/block4/1/step3,"[4, 108, 1536]",torch.bfloat16,sdpa,True,True,0.0,0.0
b4/pixels-changed/block4/1/step4,"[4, 108, 1536]",torch.bfloat16,sdpa,True,True,0.0,0.0
b4/pixels-changed/block4/1/step5,"[4, 108, 1536]",torch.bfloat16,sdpa,True,True,0.0,0.0
b4/pixels-changed/block4/1/step6,"[4, 108, 1536]",torch.bfloat16,sdpa,True,True,0.0,0.0
b4/pixels-changed/block4/1/step7,"[4, 108, 1536]",torch.bfloat16,sdpa,True,True,0.0,0.0
b4/pixels-changed/block4/1/step8,"[4, 108, 1536]",torch.bfloat16,sdpa,True,True,0.0,0.0
b4/pixels-changed/block4/1/step9,"[4, 108, 1536]",torch.bfloat16,sdpa,True,True,0.0,0.0
b4/pixels-changed/block5/0/step0,"[4, 30, 1536]",torch.bfloat16,sdpa,True,True,0.0,0.0
b4/pixels-changed/block5/0/step1,"[4, 30, 1536]",torch.bfloat16,sdpa,True,True,0.0,0.0
b4/pixels-changed/block5/0/step2,"[4, 30, 1536]",torch.bfloat16,sdpa,True,True,0.0,0.0
b4/pixels-changed/block5/0/step3,"[4, 30, 1536]",torch.bfloat16,sdpa,True,True,0.0,0.0
b4/pixels-changed/block5/0/step4,"[4, 30, 1536]",torch.bfloat16,sdpa,True,True,0.0,0.0
b4/pixels-changed/block5/0/step5,"[4, 30, 1536]",torch.bfloat16,sdpa,True,True,0.0,0.0
b4/pixels-changed/block5/0/step6,"[4, 30, 1536]",torch.bfloat16,sdpa,True,True,0.0,0.0
b4/pixels-changed/block5/0/step7,"[4, 30, 1536]",torch.bfloat16,sdpa,True,True,0.0,0.0
b4/pixels-changed/block5/0/step8,"[4, 30, 1536]",torch.bfloat16,sdpa,True,True,0.0,0.0
b4/pixels-changed/block5/0/step9,"[4, 30, 1536]",torch.bfloat16,sdpa,True,True,0.0,0.0
b4/pixels-changed/velocity/step0,"[4, 30, 78]",torch.bfloat16,sdpa,True,True,0.0,0.0
b4/pixels-changed/velocity/step1,"[4, 30, 78]",torch.bfloat16,sdpa,True,True,0.0,0.0
b4/pixels-changed/velocity/step2,"[4, 30, 78]",torch.bfloat16,sdpa,True,True,0.0,0.0
b4/pixels-changed/velocity/step3,"[4, 30, 78]",torch.bfloat16,sdpa,True,True,0.0,0.0
b4/pixels-changed/velocity/step4,"[4, 30, 78]",torch.bfloat16,sdpa,True,True,0.0,0.0
b4/pixels-changed/velocity/step5,"[4, 30, 78]",torch.bfloat16,sdpa,True,True,0.0,0.0
b4/pixels-changed/velocity/step6,"[4, 30, 78]",torch.bfloat16,sdpa,True,True,0.0,0.0
b4/pixels-changed/velocity/step7,"[4, 30, 78]",torch.bfloat16,sdpa,True,True,0.0,0.0
b4/pixels-changed/velocity/step8,"[4, 30, 78]",torch.bfloat16,sdpa,True,True,0.0,0.0
b4/pixels-changed/velocity/step9,"[4, 30, 78]",torch.bfloat16,sdpa,True,True,0.0,0.0
b4/pixels-changed/actions/step0,"[4, 30, 78]",torch.bfloat16,sdpa,True,True,0.0,0.0
b4/pixels-changed/actions/step1,"[4, 30, 78]",torch.bfloat16,sdpa,True,True,0.0,0.0
b4/pixels-changed/actions/step2,"[4, 30, 78]",torch.bfloat16,sdpa,True,True,0.0,0.0
b4/pixels-changed/actions/step3,"[4, 30, 78]",torch.bfloat16,sdpa,True,True,0.0,0.0
b4/pixels-changed/actions/step4,"[4, 30, 78]",torch.bfloat16,sdpa,True,True,0.0,0.0
b4/pixels-changed/actions/step5,"[4, 30, 78]",torch.bfloat16,sdpa,True,True,0.0,0.0
b4/pixels-changed/actions/step6,"[4, 30, 78]",torch.bfloat16,sdpa,True,True,0.0,0.0
b4/pixels-changed/actions/step7,"[4, 30, 78]",torch.bfloat16,sdpa,True,True,0.0,0.0
b4/pixels-changed/actions/step8,"[4, 30, 78]",torch.bfloat16,sdpa,True,True,0.0,0.0
b4/pixels-changed/actions/step9,"[4, 30, 78]",torch.bfloat16,sdpa,True,True,0.0,0.0
b4/pixels-changed/denormalized,"[4, 30, 78]",torch.float32,sdpa,True,True,0.0,0.0
b4/mixed-grids/repeat/input_ids,"[4, 262]",torch.int64,sdpa,True,True,0.0,0.0
b4/mixed-grids/repeat/attention_mask,"[4, 262]",torch.bool,sdpa,True,True,0.0,0.0
b4/mixed-grids/repeat/image_grid_thw,"[4, 3]",torch.int64,sdpa,True,True,0.0,0.0
b4/mixed-grids/repeat/pixel_values,"[3180, 1536]",torch.bfloat16,sdpa,True,True,0.0,0.0
b4/mixed-grids/repeat/positions,"[3, 4, 262]",torch.int64,sdpa,True,True,0.0,0.0
b4/mixed-grids/repeat/features,"[4, 1, 262, 2048]",torch.bfloat16,sdpa,True,True,0.0,0.0
b4/mixed-grids/repeat/final,"[4, 30, 78]",torch.float32,sdpa,True,True,0.0,0.0
b4/mixed-grids/repeat/time/0/step0,"[4, 1536]",torch.bfloat16,sdpa,True,True,0.0,0.0
b4/mixed-grids/repeat/time/0/step1,"[4, 1536]",torch.bfloat16,sdpa,True,True,0.0,0.0
b4/mixed-grids/repeat/time/0/step2,"[4, 1536]",torch.bfloat16,sdpa,True,True,0.0,0.0
b4/mixed-grids/repeat/time/0/step3,"[4, 1536]",torch.bfloat16,sdpa,True,True,0.0,0.0
b4/mixed-grids/repeat/time/0/step4,"[4, 1536]",torch.bfloat16,sdpa,True,True,0.0,0.0
b4/mixed-grids/repeat/time/0/step5,"[4, 1536]",torch.bfloat16,sdpa,True,True,0.0,0.0
b4/mixed-grids/repeat/time/0/step6,"[4, 1536]",torch.bfloat16,sdpa,True,True,0.0,0.0
b4/mixed-grids/repeat/time/0/step7,"[4, 1536]",torch.bfloat16,sdpa,True,True,0.0,0.0
b4/mixed-grids/repeat/time/0/step8,"[4, 1536]",torch.bfloat16,sdpa,True,True,0.0,0.0
b4/mixed-grids/repeat/time/0/step9,"[4, 1536]",torch.bfloat16,sdpa,True,True,0.0,0.0
b4/mixed-grids/repeat/action-in/0/step0,"[4, 30, 1536]",torch.bfloat16,sdpa,True,True,0.0,0.0
b4/mixed-grids/repeat/action-in/0/step1,"[4, 30, 1536]",torch.bfloat16,sdpa,True,True,0.0,0.0
b4/mixed-grids/repeat/action-in/0/step2,"[4, 30, 1536]",torch.bfloat16,sdpa,True,True,0.0,0.0
b4/mixed-grids/repeat/action-in/0/step3,"[4, 30, 1536]",torch.bfloat16,sdpa,True,True,0.0,0.0
b4/mixed-grids/repeat/action-in/0/step4,"[4, 30, 1536]",torch.bfloat16,sdpa,True,True,0.0,0.0
b4/mixed-grids/repeat/action-in/0/step5,"[4, 30, 1536]",torch.bfloat16,sdpa,True,True,0.0,0.0
b4/mixed-grids/repeat/action-in/0/step6,"[4, 30, 1536]",torch.bfloat16,sdpa,True,True,0.0,0.0
b4/mixed-grids/repeat/action-in/0/step7,"[4, 30, 1536]",torch.bfloat16,sdpa,True,True,0.0,0.0
b4/mixed-grids/repeat/action-in/0/step8,"[4, 30, 1536]",torch.bfloat16,sdpa,True,True,0.0,0.0
b4/mixed-grids/repeat/action-in/0/step9,"[4, 30, 1536]",torch.bfloat16,sdpa,True,True,0.0,0.0
b4/mixed-grids/repeat/obs/0/step0,"[4, 263, 1536]",torch.bfloat16,sdpa,True,True,0.0,0.0
b4/mixed-grids/repeat/obs/0/step1,"[4, 263, 1536]",torch.bfloat16,sdpa,True,True,0.0,0.0
b4/mixed-grids/repeat/obs/0/step2,"[4, 263, 1536]",torch.bfloat16,sdpa,True,True,0.0,0.0
b4/mixed-grids/repeat/obs/0/step3,"[4, 263, 1536]",torch.bfloat16,sdpa,True,True,0.0,0.0
b4/mixed-grids/repeat/obs/0/step4,"[4, 263, 1536]",torch.bfloat16,sdpa,True,True,0.0,0.0
b4/mixed-grids/repeat/obs/0/step5,"[4, 263, 1536]",torch.bfloat16,sdpa,True,True,0.0,0.0
b4/mixed-grids/repeat/obs/0/step6,"[4, 263, 1536]",torch.bfloat16,sdpa,True,True,0.0,0.0
b4/mixed-grids/repeat/obs/0/step7,"[4, 263, 1536]",torch.bfloat16,sdpa,True,True,0.0,0.0
b4/mixed-grids/repeat/obs/0/step8,"[4, 263, 1536]",torch.bfloat16,sdpa,True,True,0.0,0.0
b4/mixed-grids/repeat/obs/0/step9,"[4, 263, 1536]",torch.bfloat16,sdpa,True,True,0.0,0.0
b4/mixed-grids/repeat/obs/1/step0,"[4, 263]",torch.float32,sdpa,True,True,0.0,0.0
b4/mixed-grids/repeat/obs/1/step1,"[4, 263]",torch.float32,sdpa,True,True,0.0,0.0
b4/mixed-grids/repeat/obs/1/step2,"[4, 263]",torch.float32,sdpa,True,True,0.0,0.0
b4/mixed-grids/repeat/obs/1/step3,"[4, 263]",torch.float32,sdpa,True,True,0.0,0.0
b4/mixed-grids/repeat/obs/1/step4,"[4, 263]",torch.float32,sdpa,True,True,0.0,0.0
b4/mixed-grids/repeat/obs/1/step5,"[4, 263]",torch.float32,sdpa,True,True,0.0,0.0
b4/mixed-grids/repeat/obs/1/step6,"[4, 263]",torch.float32,sdpa,True,True,0.0,0.0
b4/mixed-grids/repeat/obs/1/step7,"[4, 263]",torch.float32,sdpa,True,True,0.0,0.0
b4/mixed-grids/repeat/obs/1/step8,"[4, 263]",torch.float32,sdpa,True,True,0.0,0.0
b4/mixed-grids/repeat/obs/1/step9,"[4, 263]",torch.float32,sdpa,True,True,0.0,0.0
b4/mixed-grids/repeat/block0/0/step0,"[4, 30, 1536]",torch.bfloat16,sdpa,True,True,0.0,0.0
b4/mixed-grids/repeat/block0/0/step1,"[4, 30, 1536]",torch.bfloat16,sdpa,True,True,0.0,0.0
b4/mixed-grids/repeat/block0/0/step2,"[4, 30, 1536]",torch.bfloat16,sdpa,True,True,0.0,0.0
b4/mixed-grids/repeat/block0/0/step3,"[4, 30, 1536]",torch.bfloat16,sdpa,True,True,0.0,0.0
b4/mixed-grids/repeat/block0/0/step4,"[4, 30, 1536]",torch.bfloat16,sdpa,True,True,0.0,0.0
b4/mixed-grids/repeat/block0/0/step5,"[4, 30, 1536]",torch.bfloat16,sdpa,True,True,0.0,0.0
b4/mixed-grids/repeat/block0/0/step6,"[4, 30, 1536]",torch.bfloat16,sdpa,True,True,0.0,0.0
b4/mixed-grids/repeat/block0/0/step7,"[4, 30, 1536]",torch.bfloat16,sdpa,True,True,0.0,0.0
b4/mixed-grids/repeat/block0/0/step8,"[4, 30, 1536]",torch.bfloat16,sdpa,True,True,0.0,0.0
b4/mixed-grids/repeat/block0/0/step9,"[4, 30, 1536]",torch.bfloat16,sdpa,True,True,0.0,0.0
b4/mixed-grids/repeat/block0/1/step0,"[4, 263, 1536]",torch.bfloat16,sdpa,True,True,0.0,0.0
b4/mixed-grids/repeat/block0/1/step1,"[4, 263, 1536]",torch.bfloat16,sdpa,True,True,0.0,0.0
b4/mixed-grids/repeat/block0/1/step2,"[4, 263, 1536]",torch.bfloat16,sdpa,True,True,0.0,0.0
b4/mixed-grids/repeat/block0/1/step3,"[4, 263, 1536]",torch.bfloat16,sdpa,True,True,0.0,0.0
b4/mixed-grids/repeat/block0/1/step4,"[4, 263, 1536]",torch.bfloat16,sdpa,True,True,0.0,0.0
b4/mixed-grids/repeat/block0/1/step5,"[4, 263, 1536]",torch.bfloat16,sdpa,True,True,0.0,0.0
b4/mixed-grids/repeat/block0/1/step6,"[4, 263, 1536]",torch.bfloat16,sdpa,True,True,0.0,0.0
b4/mixed-grids/repeat/block0/1/step7,"[4, 263, 1536]",torch.bfloat16,sdpa,True,True,0.0,0.0
b4/mixed-grids/repeat/block0/1/step8,"[4, 263, 1536]",torch.bfloat16,sdpa,True,True,0.0,0.0
b4/mixed-grids/repeat/block0/1/step9,"[4, 263, 1536]",torch.bfloat16,sdpa,True,True,0.0,0.0
b4/mixed-grids/repeat/block1/0/step0,"[4, 30, 1536]",torch.bfloat16,sdpa,True,True,0.0,0.0
b4/mixed-grids/repeat/block1/0/step1,"[4, 30, 1536]",torch.bfloat16,sdpa,True,True,0.0,0.0
b4/mixed-grids/repeat/block1/0/step2,"[4, 30, 1536]",torch.bfloat16,sdpa,True,True,0.0,0.0
b4/mixed-grids/repeat/block1/0/step3,"[4, 30, 1536]",torch.bfloat16,sdpa,True,True,0.0,0.0
b4/mixed-grids/repeat/block1/0/step4,"[4, 30, 1536]",torch.bfloat16,sdpa,True,True,0.0,0.0
b4/mixed-grids/repeat/block1/0/step5,"[4, 30, 1536]",torch.bfloat16,sdpa,True,True,0.0,0.0
b4/mixed-grids/repeat/block1/0/step6,"[4, 30, 1536]",torch.bfloat16,sdpa,True,True,0.0,0.0
b4/mixed-grids/repeat/block1/0/step7,"[4, 30, 1536]",torch.bfloat16,sdpa,True,True,0.0,0.0
b4/mixed-grids/repeat/block1/0/step8,"[4, 30, 1536]",torch.bfloat16,sdpa,True,True,0.0,0.0
b4/mixed-grids/repeat/block1/0/step9,"[4, 30, 1536]",torch.bfloat16,sdpa,True,True,0.0,0.0
b4/mixed-grids/repeat/block1/1/step0,"[4, 263, 1536]",torch.bfloat16,sdpa,True,True,0.0,0.0
b4/mixed-grids/repeat/block1/1/step1,"[4, 263, 1536]",torch.bfloat16,sdpa,True,True,0.0,0.0
b4/mixed-grids/repeat/block1/1/step2,"[4, 263, 1536]",torch.bfloat16,sdpa,True,True,0.0,0.0
b4/mixed-grids/repeat/block1/1/step3,"[4, 263, 1536]",torch.bfloat16,sdpa,True,True,0.0,0.0
b4/mixed-grids/repeat/block1/1/step4,"[4, 263, 1536]",torch.bfloat16,sdpa,True,True,0.0,0.0
b4/mixed-grids/repeat/block1/1/step5,"[4, 263, 1536]",torch.bfloat16,sdpa,True,True,0.0,0.0
b4/mixed-grids/repeat/block1/1/step6,"[4, 263, 1536]",torch.bfloat16,sdpa,True,True,0.0,0.0
b4/mixed-grids/repeat/block1/1/step7,"[4, 263, 1536]",torch.bfloat16,sdpa,True,True,0.0,0.0
b4/mixed-grids/repeat/block1/1/step8,"[4, 263, 1536]",torch.bfloat16,sdpa,True,True,0.0,0.0
b4/mixed-grids/repeat/block1/1/step9,"[4, 263, 1536]",torch.bfloat16,sdpa,True,True,0.0,0.0
b4/mixed-grids/repeat/block2/0/step0,"[4, 30, 1536]",torch.bfloat16,sdpa,True,True,0.0,0.0
b4/mixed-grids/repeat/block2/0/step1,"[4, 30, 1536]",torch.bfloat16,sdpa,True,True,0.0,0.0
b4/mixed-grids/repeat/block2/0/step2,"[4, 30, 1536]",torch.bfloat16,sdpa,True,True,0.0,0.0
b4/mixed-grids/repeat/block2/0/step3,"[4, 30, 1536]",torch.bfloat16,sdpa,True,True,0.0,0.0
b4/mixed-grids/repeat/block2/0/step4,"[4, 30, 1536]",torch.bfloat16,sdpa,True,True,0.0,0.0
b4/mixed-grids/repeat/block2/0/step5,"[4, 30, 1536]",torch.bfloat16,sdpa,True,True,0.0,0.0
b4/mixed-grids/repeat/block2/0/step6,"[4, 30, 1536]",torch.bfloat16,sdpa,True,True,0.0,0.0
b4/mixed-grids/repeat/block2/0/step7,"[4, 30, 1536]",torch.bfloat16,sdpa,True,True,0.0,0.0
b4/mixed-grids/repeat/block2/0/step8,"[4, 30, 1536]",torch.bfloat16,sdpa,True,True,0.0,0.0
b4/mixed-grids/repeat/block2/0/step9,"[4, 30, 1536]",torch.bfloat16,sdpa,True,True,0.0,0.0
b4/mixed-grids/repeat/block2/1/step0,"[4, 263, 1536]",torch.bfloat16,sdpa,True,True,0.0,0.0
b4/mixed-grids/repeat/block2/1/step1,"[4, 263, 1536]",torch.bfloat16,sdpa,True,True,0.0,0.0
b4/mixed-grids/repeat/block2/1/step2,"[4, 263, 1536]",torch.bfloat16,sdpa,True,True,0.0,0.0
b4/mixed-grids/repeat/block2/1/step3,"[4, 263, 1536]",torch.bfloat16,sdpa,True,True,0.0,0.0
b4/mixed-grids/repeat/block2/1/step4,"[4, 263, 1536]",torch.bfloat16,sdpa,True,True,0.0,0.0
b4/mixed-grids/repeat/block2/1/step5,"[4, 263, 1536]",torch.bfloat16,sdpa,True,True,0.0,0.0
b4/mixed-grids/repeat/block2/1/step6,"[4, 263, 1536]",torch.bfloat16,sdpa,True,True,0.0,0.0
b4/mixed-grids/repeat/block2/1/step7,"[4, 263, 1536]",torch.bfloat16,sdpa,True,True,0.0,0.0
b4/mixed-grids/repeat/block2/1/step8,"[4, 263, 1536]",torch.bfloat16,sdpa,True,True,0.0,0.0
b4/mixed-grids/repeat/block2/1/step9,"[4, 263, 1536]",torch.bfloat16,sdpa,True,True,0.0,0.0
b4/mixed-grids/repeat/block3/0/step0,"[4, 30, 1536]",torch.bfloat16,sdpa,True,True,0.0,0.0
b4/mixed-grids/repeat/block3/0/step1,"[4, 30, 1536]",torch.bfloat16,sdpa,True,True,0.0,0.0
b4/mixed-grids/repeat/block3/0/step2,"[4, 30, 1536]",torch.bfloat16,sdpa,True,True,0.0,0.0
b4/mixed-grids/repeat/block3/0/step3,"[4, 30, 1536]",torch.bfloat16,sdpa,True,True,0.0,0.0
b4/mixed-grids/repeat/block3/0/step4,"[4, 30, 1536]",torch.bfloat16,sdpa,True,True,0.0,0.0
b4/mixed-grids/repeat/block3/0/step5,"[4, 30, 1536]",torch.bfloat16,sdpa,True,True,0.0,0.0
b4/mixed-grids/repeat/block3/0/step6,"[4, 30, 1536]",torch.bfloat16,sdpa,True,True,0.0,0.0
b4/mixed-grids/repeat/block3/0/step7,"[4, 30, 1536]",torch.bfloat16,sdpa,True,True,0.0,0.0
b4/mixed-grids/repeat/block3/0/step8,"[4, 30, 1536]",torch.bfloat16,sdpa,True,True,0.0,0.0
b4/mixed-grids/repeat/block3/0/step9,"[4, 30, 1536]",torch.bfloat16,sdpa,True,True,0.0,0.0
b4/mixed-grids/repeat/block3/1/step0,"[4, 263, 1536]",torch.bfloat16,sdpa,True,True,0.0,0.0
b4/mixed-grids/repeat/block3/1/step1,"[4, 263, 1536]",torch.bfloat16,sdpa,True,True,0.0,0.0
b4/mixed-grids/repeat/block3/1/step2,"[4, 263, 1536]",torch.bfloat16,sdpa,True,True,0.0,0.0
b4/mixed-grids/repeat/block3/1/step3,"[4, 263, 1536]",torch.bfloat16,sdpa,True,True,0.0,0.0
b4/mixed-grids/repeat/block3/1/step4,"[4, 263, 1536]",torch.bfloat16,sdpa,True,True,0.0,0.0
b4/mixed-grids/repeat/block3/1/step5,"[4, 263, 1536]",torch.bfloat16,sdpa,True,True,0.0,0.0
b4/mixed-grids/repeat/block3/1/step6,"[4, 263, 1536]",torch.bfloat16,sdpa,True,True,0.0,0.0
b4/mixed-grids/repeat/block3/1/step7,"[4, 263, 1536]",torch.bfloat16,sdpa,True,True,0.0,0.0
b4/mixed-grids/repeat/block3/1/step8,"[4, 263, 1536]",torch.bfloat16,sdpa,True,True,0.0,0.0
b4/mixed-grids/repeat/block3/1/step9,"[4, 263, 1536]",torch.bfloat16,sdpa,True,True,0.0,0.0
b4/mixed-grids/repeat/block4/0/step0,"[4, 30, 1536]",torch.bfloat16,sdpa,True,True,0.0,0.0
b4/mixed-grids/repeat/block4/0/step1,"[4, 30, 1536]",torch.bfloat16,sdpa,True,True,0.0,0.0
b4/mixed-grids/repeat/block4/0/step2,"[4, 30, 1536]",torch.bfloat16,sdpa,True,True,0.0,0.0
b4/mixed-grids/repeat/block4/0/step3,"[4, 30, 1536]",torch.bfloat16,sdpa,True,True,0.0,0.0
b4/mixed-grids/repeat/block4/0/step4,"[4, 30, 1536]",torch.bfloat16,sdpa,True,True,0.0,0.0
b4/mixed-grids/repeat/block4/0/step5,"[4, 30, 1536]",torch.bfloat16,sdpa,True,True,0.0,0.0
b4/mixed-grids/repeat/block4/0/step6,"[4, 30, 1536]",torch.bfloat16,sdpa,True,True,0.0,0.0
b4/mixed-grids/repeat/block4/0/step7,"[4, 30, 1536]",torch.bfloat16,sdpa,True,True,0.0,0.0
b4/mixed-grids/repeat/block4/0/step8,"[4, 30, 1536]",torch.bfloat16,sdpa,True,True,0.0,0.0
b4/mixed-grids/repeat/block4/0/step9,"[4, 30, 1536]",torch.bfloat16,sdpa,True,True,0.0,0.0
b4/mixed-grids/repeat/block4/1/step0,"[4, 263, 1536]",torch.bfloat16,sdpa,True,True,0.0,0.0
b4/mixed-grids/repeat/block4/1/step1,"[4, 263, 1536]",torch.bfloat16,sdpa,True,True,0.0,0.0
b4/mixed-grids/repeat/block4/1/step2,"[4, 263, 1536]",torch.bfloat16,sdpa,True,True,0.0,0.0
b4/mixed-grids/repeat/block4/1/step3,"[4, 263, 1536]",torch.bfloat16,sdpa,True,True,0.0,0.0
b4/mixed-grids/repeat/block4/1/step4,"[4, 263, 1536]",torch.bfloat16,sdpa,True,True,0.0,0.0
b4/mixed-grids/repeat/block4/1/step5,"[4, 263, 1536]",torch.bfloat16,sdpa,True,True,0.0,0.0
b4/mixed-grids/repeat/block4/1/step6,"[4, 263, 1536]",torch.bfloat16,sdpa,True,True,0.0,0.0
b4/mixed-grids/repeat/block4/1/step7,"[4, 263, 1536]",torch.bfloat16,sdpa,True,True,0.0,0.0
b4/mixed-grids/repeat/block4/1/step8,"[4, 263, 1536]",torch.bfloat16,sdpa,True,True,0.0,0.0
b4/mixed-grids/repeat/block4/1/step9,"[4, 263, 1536]",torch.bfloat16,sdpa,True,True,0.0,0.0
b4/mixed-grids/repeat/block5/0/step0,"[4, 30, 1536]",torch.bfloat16,sdpa,True,True,0.0,0.0
b4/mixed-grids/repeat/block5/0/step1,"[4, 30, 1536]",torch.bfloat16,sdpa,True,True,0.0,0.0
b4/mixed-grids/repeat/block5/0/step2,"[4, 30, 1536]",torch.bfloat16,sdpa,True,True,0.0,0.0
b4/mixed-grids/repeat/block5/0/step3,"[4, 30, 1536]",torch.bfloat16,sdpa,True,True,0.0,0.0
b4/mixed-grids/repeat/block5/0/step4,"[4, 30, 1536]",torch.bfloat16,sdpa,True,True,0.0,0.0
b4/mixed-grids/repeat/block5/0/step5,"[4, 30, 1536]",torch.bfloat16,sdpa,True,True,0.0,0.0
b4/mixed-grids/repeat/block5/0/step6,"[4, 30, 1536]",torch.bfloat16,sdpa,True,True,0.0,0.0
b4/mixed-grids/repeat/block5/0/step7,"[4, 30, 1536]",torch.bfloat16,sdpa,True,True,0.0,0.0
b4/mixed-grids/repeat/block5/0/step8,"[4, 30, 1536]",torch.bfloat16,sdpa,True,True,0.0,0.0
b4/mixed-grids/repeat/block5/0/step9,"[4, 30, 1536]",torch.bfloat16,sdpa,True,True,0.0,0.0
b4/mixed-grids/repeat/velocity/step0,"[4, 30, 78]",torch.bfloat16,sdpa,True,True,0.0,0.0
b4/mixed-grids/repeat/velocity/step1,"[4, 30, 78]",torch.bfloat16,sdpa,True,True,0.0,0.0
b4/mixed-grids/repeat/velocity/step2,"[4, 30, 78]",torch.bfloat16,sdpa,True,True,0.0,0.0
b4/mixed-grids/repeat/velocity/step3,"[4, 30, 78]",torch.bfloat16,sdpa,True,True,0.0,0.0
b4/mixed-grids/repeat/velocity/step4,"[4, 30, 78]",torch.bfloat16,sdpa,True,True,0.0,0.0
b4/mixed-grids/repeat/velocity/step5,"[4, 30, 78]",torch.bfloat16,sdpa,True,True,0.0,0.0
b4/mixed-grids/repeat/velocity/step6,"[4, 30, 78]",torch.bfloat16,sdpa,True,True,0.0,0.0
b4/mixed-grids/repeat/velocity/step7,"[4, 30, 78]",torch.bfloat16,sdpa,True,True,0.0,0.0
b4/mixed-grids/repeat/velocity/step8,"[4, 30, 78]",torch.bfloat16,sdpa,True,True,0.0,0.0
b4/mixed-grids/repeat/velocity/step9,"[4, 30, 78]",torch.bfloat16,sdpa,True,True,0.0,0.0
b4/mixed-grids/repeat/actions/step0,"[4, 30, 78]",torch.bfloat16,sdpa,True,True,0.0,0.0
b4/mixed-grids/repeat/actions/step1,"[4, 30, 78]",torch.bfloat16,sdpa,True,True,0.0,0.0
b4/mixed-grids/repeat/actions/step2,"[4, 30, 78]",torch.bfloat16,sdpa,True,True,0.0,0.0
b4/mixed-grids/repeat/actions/step3,"[4, 30, 78]",torch.bfloat16,sdpa,True,True,0.0,0.0
b4/mixed-grids/repeat/actions/step4,"[4, 30, 78]",torch.bfloat16,sdpa,True,True,0.0,0.0
b4/mixed-grids/repeat/actions/step5,"[4, 30, 78]",torch.bfloat16,sdpa,True,True,0.0,0.0
b4/mixed-grids/repeat/actions/step6,"[4, 30, 78]",torch.bfloat16,sdpa,True,True,0.0,0.0
b4/mixed-grids/repeat/actions/step7,"[4, 30, 78]",torch.bfloat16,sdpa,True,True,0.0,0.0
b4/mixed-grids/repeat/actions/step8,"[4, 30, 78]",torch.bfloat16,sdpa,True,True,0.0,0.0
b4/mixed-grids/repeat/actions/step9,"[4, 30, 78]",torch.bfloat16,sdpa,True,True,0.0,0.0
b4/mixed-grids/input_ids,"[4, 262]",torch.int64,sdpa,True,True,0.0,0.0
b4/mixed-grids/attention_mask,"[4, 262]",torch.bool,sdpa,True,True,0.0,0.0
b4/mixed-grids/image_grid_thw,"[4, 3]",torch.int64,sdpa,True,True,0.0,0.0
b4/mixed-grids/pixel_values,"[3180, 1536]",torch.bfloat16,sdpa,True,True,0.0,0.0
b4/mixed-grids/positions,"[3, 4, 262]",torch.int64,sdpa,True,True,0.0,0.0
b4/mixed-grids/features,"[4, 1, 262, 2048]",torch.bfloat16,sdpa,True,True,0.0,0.0
b4/mixed-grids/final,"[4, 30, 78]",torch.float32,sdpa,True,True,0.0,0.0
b4/mixed-grids/time/0/step0,"[4, 1536]",torch.bfloat16,sdpa,True,True,0.0,0.0
b4/mixed-grids/time/0/step1,"[4, 1536]",torch.bfloat16,sdpa,True,True,0.0,0.0
b4/mixed-grids/time/0/step2,"[4, 1536]",torch.bfloat16,sdpa,True,True,0.0,0.0
b4/mixed-grids/time/0/step3,"[4, 1536]",torch.bfloat16,sdpa,True,True,0.0,0.0
b4/mixed-grids/time/0/step4,"[4, 1536]",torch.bfloat16,sdpa,True,True,0.0,0.0
b4/mixed-grids/time/0/step5,"[4, 1536]",torch.bfloat16,sdpa,True,True,0.0,0.0
b4/mixed-grids/time/0/step6,"[4, 1536]",torch.bfloat16,sdpa,True,True,0.0,0.0
b4/mixed-grids/time/0/step7,"[4, 1536]",torch.bfloat16,sdpa,True,True,0.0,0.0
b4/mixed-grids/time/0/step8,"[4, 1536]",torch.bfloat16,sdpa,True,True,0.0,0.0
b4/mixed-grids/time/0/step9,"[4, 1536]",torch.bfloat16,sdpa,True,True,0.0,0.0
b4/mixed-grids/action-in/0/step0,"[4, 30, 1536]",torch.bfloat16,sdpa,True,True,0.0,0.0
b4/mixed-grids/action-in/0/step1,"[4, 30, 1536]",torch.bfloat16,sdpa,True,True,0.0,0.0
b4/mixed-grids/action-in/0/step2,"[4, 30, 1536]",torch.bfloat16,sdpa,True,True,0.0,0.0
b4/mixed-grids/action-in/0/step3,"[4, 30, 1536]",torch.bfloat16,sdpa,True,True,0.0,0.0
b4/mixed-grids/action-in/0/step4,"[4, 30, 1536]",torch.bfloat16,sdpa,True,True,0.0,0.0
b4/mixed-grids/action-in/0/step5,"[4, 30, 1536]",torch.bfloat16,sdpa,True,True,0.0,0.0
b4/mixed-grids/action-in/0/step6,"[4, 30, 1536]",torch.bfloat16,sdpa,True,True,0.0,0.0
b4/mixed-grids/action-in/0/step7,"[4, 30, 1536]",torch.bfloat16,sdpa,True,True,0.0,0.0
b4/mixed-grids/action-in/0/step8,"[4, 30, 1536]",torch.bfloat16,sdpa,True,True,0.0,0.0
b4/mixed-grids/action-in/0/step9,"[4, 30, 1536]",torch.bfloat16,sdpa,True,True,0.0,0.0
b4/mixed-grids/obs/0/step0,"[4, 263, 1536]",torch.bfloat16,sdpa,True,True,0.0,0.0
b4/mixed-grids/obs/1/step0,"[4, 263]",torch.bool,sdpa,True,True,0.0,0.0
b4/mixed-grids/block0/0/step0,"[4, 30, 1536]",torch.bfloat16,sdpa,True,True,0.0,0.0
b4/mixed-grids/block0/0/step1,"[4, 30, 1536]",torch.bfloat16,sdpa,True,True,0.0,0.0
b4/mixed-grids/block0/0/step2,"[4, 30, 1536]",torch.bfloat16,sdpa,True,True,0.0,0.0
b4/mixed-grids/block0/0/step3,"[4, 30, 1536]",torch.bfloat16,sdpa,True,True,0.0,0.0
b4/mixed-grids/block0/0/step4,"[4, 30, 1536]",torch.bfloat16,sdpa,True,True,0.0,0.0
b4/mixed-grids/block0/0/step5,"[4, 30, 1536]",torch.bfloat16,sdpa,True,True,0.0,0.0
b4/mixed-grids/block0/0/step6,"[4, 30, 1536]",torch.bfloat16,sdpa,True,True,0.0,0.0
b4/mixed-grids/block0/0/step7,"[4, 30, 1536]",torch.bfloat16,sdpa,True,True,0.0,0.0
b4/mixed-grids/block0/0/step8,"[4, 30, 1536]",torch.bfloat16,sdpa,True,True,0.0,0.0
b4/mixed-grids/block0/0/step9,"[4, 30, 1536]",torch.bfloat16,sdpa,True,True,0.0,0.0
b4/mixed-grids/block0/1/step0,"[4, 263, 1536]",torch.bfloat16,sdpa,True,True,0.0,0.0
b4/mixed-grids/block0/1/step1,"[4, 263, 1536]",torch.bfloat16,sdpa,True,True,0.0,0.0
b4/mixed-grids/block0/1/step2,"[4, 263, 1536]",torch.bfloat16,sdpa,True,True,0.0,0.0
b4/mixed-grids/block0/1/step3,"[4, 263, 1536]",torch.bfloat16,sdpa,True,True,0.0,0.0
b4/mixed-grids/block0/1/step4,"[4, 263, 1536]",torch.bfloat16,sdpa,True,True,0.0,0.0
b4/mixed-grids/block0/1/step5,"[4, 263, 1536]",torch.bfloat16,sdpa,True,True,0.0,0.0
b4/mixed-grids/block0/1/step6,"[4, 263, 1536]",torch.bfloat16,sdpa,True,True,0.0,0.0
b4/mixed-grids/block0/1/step7,"[4, 263, 1536]",torch.bfloat16,sdpa,True,True,0.0,0.0
b4/mixed-grids/block0/1/step8,"[4, 263, 1536]",torch.bfloat16,sdpa,True,True,0.0,0.0
b4/mixed-grids/block0/1/step9,"[4, 263, 1536]",torch.bfloat16,sdpa,True,True,0.0,0.0
b4/mixed-grids/block1/0/step0,"[4, 30, 1536]",torch.bfloat16,sdpa,True,True,0.0,0.0
b4/mixed-grids/block1/0/step1,"[4, 30, 1536]",torch.bfloat16,sdpa,True,True,0.0,0.0
b4/mixed-grids/block1/0/step2,"[4, 30, 1536]",torch.bfloat16,sdpa,True,True,0.0,0.0
b4/mixed-grids/block1/0/step3,"[4, 30, 1536]",torch.bfloat16,sdpa,True,True,0.0,0.0
b4/mixed-grids/block1/0/step4,"[4, 30, 1536]",torch.bfloat16,sdpa,True,True,0.0,0.0
b4/mixed-grids/block1/0/step5,"[4, 30, 1536]",torch.bfloat16,sdpa,True,True,0.0,0.0
b4/mixed-grids/block1/0/step6,"[4, 30, 1536]",torch.bfloat16,sdpa,True,True,0.0,0.0
b4/mixed-grids/block1/0/step7,"[4, 30, 1536]",torch.bfloat16,sdpa,True,True,0.0,0.0
b4/mixed-grids/block1/0/step8,"[4, 30, 1536]",torch.bfloat16,sdpa,True,True,0.0,0.0
b4/mixed-grids/block1/0/step9,"[4, 30, 1536]",torch.bfloat16,sdpa,True,True,0.0,0.0
b4/mixed-grids/block1/1/step0,"[4, 263, 1536]",torch.bfloat16,sdpa,True,True,0.0,0.0
b4/mixed-grids/block1/1/step1,"[4, 263, 1536]",torch.bfloat16,sdpa,True,True,0.0,0.0
b4/mixed-grids/block1/1/step2,"[4, 263, 1536]",torch.bfloat16,sdpa,True,True,0.0,0.0
b4/mixed-grids/block1/1/step3,"[4, 263, 1536]",torch.bfloat16,sdpa,True,True,0.0,0.0
b4/mixed-grids/block1/1/step4,"[4, 263, 1536]",torch.bfloat16,sdpa,True,True,0.0,0.0
b4/mixed-grids/block1/1/step5,"[4, 263, 1536]",torch.bfloat16,sdpa,True,True,0.0,0.0
b4/mixed-grids/block1/1/step6,"[4, 263, 1536]",torch.bfloat16,sdpa,True,True,0.0,0.0
b4/mixed-grids/block1/1/step7,"[4, 263, 1536]",torch.bfloat16,sdpa,True,True,0.0,0.0
b4/mixed-grids/block1/1/step8,"[4, 263, 1536]",torch.bfloat16,sdpa,True,True,0.0,0.0
b4/mixed-grids/block1/1/step9,"[4, 263, 1536]",torch.bfloat16,sdpa,True,True,0.0,0.0
b4/mixed-grids/block2/0/step0,"[4, 30, 1536]",torch.bfloat16,sdpa,True,True,0.0,0.0
b4/mixed-grids/block2/0/step1,"[4, 30, 1536]",torch.bfloat16,sdpa,True,True,0.0,0.0
b4/mixed-grids/block2/0/step2,"[4, 30, 1536]",torch.bfloat16,sdpa,True,True,0.0,0.0
b4/mixed-grids/block2/0/step3,"[4, 30, 1536]",torch.bfloat16,sdpa,True,True,0.0,0.0
b4/mixed-grids/block2/0/step4,"[4, 30, 1536]",torch.bfloat16,sdpa,True,True,0.0,0.0
b4/mixed-grids/block2/0/step5,"[4, 30, 1536]",torch.bfloat16,sdpa,True,True,0.0,0.0
b4/mixed-grids/block2/0/step6,"[4, 30, 1536]",torch.bfloat16,sdpa,True,True,0.0,0.0
b4/mixed-grids/block2/0/step7,"[4, 30, 1536]",torch.bfloat16,sdpa,True,True,0.0,0.0
b4/mixed-grids/block2/0/step8,"[4, 30, 1536]",torch.bfloat16,sdpa,True,True,0.0,0.0
b4/mixed-grids/block2/0/step9,"[4, 30, 1536]",torch.bfloat16,sdpa,True,True,0.0,0.0
b4/mixed-grids/block2/1/step0,"[4, 263, 1536]",torch.bfloat16,sdpa,True,True,0.0,0.0
b4/mixed-grids/block2/1/step1,"[4, 263, 1536]",torch.bfloat16,sdpa,True,True,0.0,0.0
b4/mixed-grids/block2/1/step2,"[4, 263, 1536]",torch.bfloat16,sdpa,True,True,0.0,0.0
b4/mixed-grids/block2/1/step3,"[4, 263, 1536]",torch.bfloat16,sdpa,True,True,0.0,0.0
b4/mixed-grids/block2/1/step4,"[4, 263, 1536]",torch.bfloat16,sdpa,True,True,0.0,0.0
b4/mixed-grids/block2/1/step5,"[4, 263, 1536]",torch.bfloat16,sdpa,True,True,0.0,0.0
b4/mixed-grids/block2/1/step6,"[4, 263, 1536]",torch.bfloat16,sdpa,True,True,0.0,0.0
b4/mixed-grids/block2/1/step7,"[4, 263, 1536]",torch.bfloat16,sdpa,True,True,0.0,0.0
b4/mixed-grids/block2/1/step8,"[4, 263, 1536]",torch.bfloat16,sdpa,True,True,0.0,0.0
b4/mixed-grids/block2/1/step9,"[4, 263, 1536]",torch.bfloat16,sdpa,True,True,0.0,0.0
b4/mixed-grids/block3/0/step0,"[4, 30, 1536]",torch.bfloat16,sdpa,True,True,0.0,0.0
b4/mixed-grids/block3/0/step1,"[4, 30, 1536]",torch.bfloat16,sdpa,True,True,0.0,0.0
b4/mixed-grids/block3/0/step2,"[4, 30, 1536]",torch.bfloat16,sdpa,True,True,0.0,0.0
b4/mixed-grids/block3/0/step3,"[4, 30, 1536]",torch.bfloat16,sdpa,True,True,0.0,0.0
b4/mixed-grids/block3/0/step4,"[4, 30, 1536]",torch.bfloat16,sdpa,True,True,0.0,0.0
b4/mixed-grids/block3/0/step5,"[4, 30, 1536]",torch.bfloat16,sdpa,True,True,0.0,0.0
b4/mixed-grids/block3/0/step6,"[4, 30, 1536]",torch.bfloat16,sdpa,True,True,0.0,0.0
b4/mixed-grids/block3/0/step7,"[4, 30, 1536]",torch.bfloat16,sdpa,True,True,0.0,0.0
b4/mixed-grids/block3/0/step8,"[4, 30, 1536]",torch.bfloat16,sdpa,True,True,0.0,0.0
b4/mixed-grids/block3/0/step9,"[4, 30, 1536]",torch.bfloat16,sdpa,True,True,0.0,0.0
b4/mixed-grids/block3/1/step0,"[4, 263, 1536]",torch.bfloat16,sdpa,True,True,0.0,0.0
b4/mixed-grids/block3/1/step1,"[4, 263, 1536]",torch.bfloat16,sdpa,True,True,0.0,0.0
b4/mixed-grids/block3/1/step2,"[4, 263, 1536]",torch.bfloat16,sdpa,True,True,0.0,0.0
b4/mixed-grids/block3/1/step3,"[4, 263, 1536]",torch.bfloat16,sdpa,True,True,0.0,0.0
b4/mixed-grids/block3/1/step4,"[4, 263, 1536]",torch.bfloat16,sdpa,True,True,0.0,0.0
b4/mixed-grids/block3/1/step5,"[4, 263, 1536]",torch.bfloat16,sdpa,True,True,0.0,0.0
b4/mixed-grids/block3/1/step6,"[4, 263, 1536]",torch.bfloat16,sdpa,True,True,0.0,0.0
b4/mixed-grids/block3/1/step7,"[4, 263, 1536]",torch.bfloat16,sdpa,True,True,0.0,0.0
b4/mixed-grids/block3/1/step8,"[4, 263, 1536]",torch.bfloat16,sdpa,True,True,0.0,0.0
b4/mixed-grids/block3/1/step9,"[4, 263, 1536]",torch.bfloat16,sdpa,True,True,0.0,0.0
b4/mixed-grids/block4/0/step0,"[4, 30, 1536]",torch.bfloat16,sdpa,True,True,0.0,0.0
b4/mixed-grids/block4/0/step1,"[4, 30, 1536]",torch.bfloat16,sdpa,True,True,0.0,0.0
b4/mixed-grids/block4/0/step2,"[4, 30, 1536]",torch.bfloat16,sdpa,True,True,0.0,0.0
b4/mixed-grids/block4/0/step3,"[4, 30, 1536]",torch.bfloat16,sdpa,True,True,0.0,0.0
b4/mixed-grids/block4/0/step4,"[4, 30, 1536]",torch.bfloat16,sdpa,True,True,0.0,0.0
b4/mixed-grids/block4/0/step5,"[4, 30, 1536]",torch.bfloat16,sdpa,True,True,0.0,0.0
b4/mixed-grids/block4/0/step6,"[4, 30, 1536]",torch.bfloat16,sdpa,True,True,0.0,0.0
b4/mixed-grids/block4/0/step7,"[4, 30, 1536]",torch.bfloat16,sdpa,True,True,0.0,0.0
b4/mixed-grids/block4/0/step8,"[4, 30, 1536]",torch.bfloat16,sdpa,True,True,0.0,0.0
b4/mixed-grids/block4/0/step9,"[4, 30, 1536]",torch.bfloat16,sdpa,True,True,0.0,0.0
b4/mixed-grids/block4/1/step0,"[4, 263, 1536]",torch.bfloat16,sdpa,True,True,0.0,0.0
b4/mixed-grids/block4/1/step1,"[4, 263, 1536]",torch.bfloat16,sdpa,True,True,0.0,0.0
b4/mixed-grids/block4/1/step2,"[4, 263, 1536]",torch.bfloat16,sdpa,True,True,0.0,0.0
b4/mixed-grids/block4/1/step3,"[4, 263, 1536]",torch.bfloat16,sdpa,True,True,0.0,0.0
b4/mixed-grids/block4/1/step4,"[4, 263, 1536]",torch.bfloat16,sdpa,True,True,0.0,0.0
b4/mixed-grids/block4/1/step5,"[4, 263, 1536]",torch.bfloat16,sdpa,True,True,0.0,0.0
b4/mixed-grids/block4/1/step6,"[4, 263, 1536]",torch.bfloat16,sdpa,True,True,0.0,0.0
b4/mixed-grids/block4/1/step7,"[4, 263, 1536]",torch.bfloat16,sdpa,True,True,0.0,0.0
b4/mixed-grids/block4/1/step8,"[4, 263, 1536]",torch.bfloat16,sdpa,True,True,0.0,0.0
b4/mixed-grids/block4/1/step9,"[4, 263, 1536]",torch.bfloat16,sdpa,True,True,0.0,0.0
b4/mixed-grids/block5/0/step0,"[4, 30, 1536]",torch.bfloat16,sdpa,True,True,0.0,0.0
b4/mixed-grids/block5/0/step1,"[4, 30, 1536]",torch.bfloat16,sdpa,True,True,0.0,0.0
b4/mixed-grids/block5/0/step2,"[4, 30, 1536]",torch.bfloat16,sdpa,True,True,0.0,0.0
b4/mixed-grids/block5/0/step3,"[4, 30, 1536]",torch.bfloat16,sdpa,True,True,0.0,0.0
b4/mixed-grids/block5/0/step4,"[4, 30, 1536]",torch.bfloat16,sdpa,True,True,0.0,0.0
b4/mixed-grids/block5/0/step5,"[4, 30, 1536]",torch.bfloat16,sdpa,True,True,0.0,0.0
b4/mixed-grids/block5/0/step6,"[4, 30, 1536]",torch.bfloat16,sdpa,True,True,0.0,0.0
b4/mixed-grids/block5/0/step7,"[4, 30, 1536]",torch.bfloat16,sdpa,True,True,0.0,0.0
b4/mixed-grids/block5/0/step8,"[4, 30, 1536]",torch.bfloat16,sdpa,True,True,0.0,0.0
b4/mixed-grids/block5/0/step9,"[4, 30, 1536]",torch.bfloat16,sdpa,True,True,0.0,0.0
b4/mixed-grids/velocity/step0,"[4, 30, 78]",torch.bfloat16,sdpa,True,True,0.0,0.0
b4/mixed-grids/velocity/step1,"[4, 30, 78]",torch.bfloat16,sdpa,True,True,0.0,0.0
b4/mixed-grids/velocity/step2,"[4, 30, 78]",torch.bfloat16,sdpa,True,True,0.0,0.0
b4/mixed-grids/velocity/step3,"[4, 30, 78]",torch.bfloat16,sdpa,True,True,0.0,0.0
b4/mixed-grids/velocity/step4,"[4, 30, 78]",torch.bfloat16,sdpa,True,True,0.0,0.0
b4/mixed-grids/velocity/step5,"[4, 30, 78]",torch.bfloat16,sdpa,True,True,0.0,0.0
b4/mixed-grids/velocity/step6,"[4, 30, 78]",torch.bfloat16,sdpa,True,True,0.0,0.0
b4/mixed-grids/velocity/step7,"[4, 30, 78]",torch.bfloat16,sdpa,True,True,0.0,0.0
b4/mixed-grids/velocity/step8,"[4, 30, 78]",torch.bfloat16,sdpa,True,True,0.0,0.0
b4/mixed-grids/velocity/step9,"[4, 30, 78]",torch.bfloat16,sdpa,True,True,0.0,0.0
b4/mixed-grids/actions/step0,"[4, 30, 78]",torch.bfloat16,sdpa,True,True,0.0,0.0
b4/mixed-grids/actions/step1,"[4, 30, 78]",torch.bfloat16,sdpa,True,True,0.0,0.0
b4/mixed-grids/actions/step2,"[4, 30, 78]",torch.bfloat16,sdpa,True,True,0.0,0.0
b4/mixed-grids/actions/step3,"[4, 30, 78]",torch.bfloat16,sdpa,True,True,0.0,0.0
b4/mixed-grids/actions/step4,"[4, 30, 78]",torch.bfloat16,sdpa,True,True,0.0,0.0
b4/mixed-grids/actions/step5,"[4, 30, 78]",torch.bfloat16,sdpa,True,True,0.0,0.0
b4/mixed-grids/actions/step6,"[4, 30, 78]",torch.bfloat16,sdpa,True,True,0.0,0.0
b4/mixed-grids/actions/step7,"[4, 30, 78]",torch.bfloat16,sdpa,True,True,0.0,0.0
b4/mixed-grids/actions/step8,"[4, 30, 78]",torch.bfloat16,sdpa,True,True,0.0,0.0
b4/mixed-grids/actions/step9,"[4, 30, 78]",torch.bfloat16,sdpa,True,True,0.0,0.0
b4/mixed-grids/denormalized,"[4, 30, 78]",torch.float32,sdpa,True,True,0.0,0.0
