name,shape,dtype,backend,finite,exact,max_abs,rms
attention/torch.float32/b1/d64/finalFalse/repeat,"[1, 30, 64]",torch.float32,sdpa,True,True,0.0,0.0
attention/torch.float32/b1/d64/finalFalse/action,"[1, 30, 64]",torch.float32,sdpa,True,True,0.0,0.0
attention/torch.float32/b1/d64/finalFalse/context,"[1, 65, 64]",torch.float32,sdpa,True,True,0.0,0.0
attention/torch.float32/b1/d64/finalTrue/repeat,"[1, 30, 64]",torch.float32,sdpa,True,True,0.0,0.0
attention/torch.float32/b1/d64/finalTrue/action,"[1, 30, 64]",torch.float32,sdpa,True,True,0.0,0.0
attention/torch.float32/b1/d64/finalTrue/no-padding,"[1, 30, 64]",torch.float32,sdpa,True,True,0.0,0.0
attention/torch.float32/b1/d768/finalFalse/repeat,"[1, 30, 768]",torch.float32,sdpa,True,True,0.0,0.0
attention/torch.float32/b1/d768/finalFalse/action,"[1, 30, 768]",torch.float32,sdpa,True,True,0.0,0.0
attention/torch.float32/b1/d768/finalFalse/context,"[1, 65, 768]",torch.float32,sdpa,True,True,0.0,0.0
attention/torch.float32/b1/d768/finalTrue/repeat,"[1, 30, 768]",torch.float32,sdpa,True,True,0.0,0.0
attention/torch.float32/b1/d768/finalTrue/action,"[1, 30, 768]",torch.float32,sdpa,True,True,0.0,0.0
attention/torch.float32/b1/d768/finalTrue/no-padding,"[1, 30, 768]",torch.float32,sdpa,True,True,0.0,0.0
attention/torch.float32/b2/d64/finalFalse/repeat,"[2, 30, 64]",torch.float32,sdpa,True,True,0.0,0.0
attention/torch.float32/b2/d64/finalFalse/action,"[2, 30, 64]",torch.float32,sdpa,True,True,0.0,0.0
attention/torch.float32/b2/d64/finalFalse/context,"[2, 65, 64]",torch.float32,sdpa,True,True,0.0,0.0
attention/torch.float32/b2/d64/finalTrue/repeat,"[2, 30, 64]",torch.float32,sdpa,True,True,0.0,0.0
attention/torch.float32/b2/d64/finalTrue/action,"[2, 30, 64]",torch.float32,sdpa,True,True,0.0,0.0
attention/torch.float32/b2/d64/finalTrue/no-padding,"[2, 30, 64]",torch.float32,sdpa,True,False,4.470348358154297e-08,7.649241240414995e-09
attention/torch.float32/b2/d768/finalFalse/repeat,"[2, 30, 768]",torch.float32,sdpa,True,True,0.0,0.0
attention/torch.float32/b2/d768/finalFalse/action,"[2, 30, 768]",torch.float32,sdpa,True,True,0.0,0.0
attention/torch.float32/b2/d768/finalFalse/context,"[2, 65, 768]",torch.float32,sdpa,True,True,0.0,0.0
attention/torch.float32/b2/d768/finalTrue/repeat,"[2, 30, 768]",torch.float32,sdpa,True,True,0.0,0.0
attention/torch.float32/b2/d768/finalTrue/action,"[2, 30, 768]",torch.float32,sdpa,True,True,0.0,0.0
attention/torch.float32/b2/d768/finalTrue/no-padding,"[2, 30, 768]",torch.float32,sdpa,True,False,1.9371509552001953e-07,1.9567609754744808e-08
attention/torch.float32/b4/d64/finalFalse/repeat,"[4, 30, 64]",torch.float32,sdpa,True,True,0.0,0.0
attention/torch.float32/b4/d64/finalFalse/action,"[4, 30, 64]",torch.float32,sdpa,True,True,0.0,0.0
attention/torch.float32/b4/d64/finalFalse/context,"[4, 65, 64]",torch.float32,sdpa,True,True,0.0,0.0
attention/torch.float32/b4/d64/finalTrue/repeat,"[4, 30, 64]",torch.float32,sdpa,True,True,0.0,0.0
attention/torch.float32/b4/d64/finalTrue/action,"[4, 30, 64]",torch.float32,sdpa,True,True,0.0,0.0
attention/torch.float32/b4/d64/finalTrue/no-padding,"[4, 30, 64]",torch.float32,sdpa,True,False,5.960464477539063e-08,7.816264080418023e-09
attention/torch.float32/b4/d768/finalFalse/repeat,"[4, 30, 768]",torch.float32,sdpa,True,True,0.0,0.0
attention/torch.float32/b4/d768/finalFalse/action,"[4, 30, 768]",torch.float32,sdpa,True,True,0.0,0.0
attention/torch.float32/b4/d768/finalFalse/context,"[4, 65, 768]",torch.float32,sdpa,True,True,0.0,0.0
attention/torch.float32/b4/d768/finalTrue/repeat,"[4, 30, 768]",torch.float32,sdpa,True,True,0.0,0.0
attention/torch.float32/b4/d768/finalTrue/action,"[4, 30, 768]",torch.float32,sdpa,True,True,0.0,0.0
attention/torch.float32/b4/d768/finalTrue/no-padding,"[4, 30, 768]",torch.float32,sdpa,True,False,1.7136335372924805e-07,1.9901273518030393e-08
attention/torch.bfloat16/b1/d64/finalFalse/repeat,"[1, 30, 64]",torch.bfloat16,sdpa,True,True,0.0,0.0
attention/torch.bfloat16/b1/d64/finalFalse/action,"[1, 30, 64]",torch.bfloat16,sdpa,True,True,0.0,0.0
attention/torch.bfloat16/b1/d64/finalFalse/context,"[1, 65, 64]",torch.bfloat16,sdpa,True,True,0.0,0.0
attention/torch.bfloat16/b1/d64/finalTrue/repeat,"[1, 30, 64]",torch.bfloat16,sdpa,True,True,0.0,0.0
attention/torch.bfloat16/b1/d64/finalTrue/action,"[1, 30, 64]",torch.bfloat16,sdpa,True,True,0.0,0.0
attention/torch.bfloat16/b1/d64/finalTrue/no-padding,"[1, 30, 64]",torch.bfloat16,sdpa,True,True,0.0,0.0
attention/torch.bfloat16/b1/d768/finalFalse/repeat,"[1, 30, 768]",torch.bfloat16,sdpa,True,True,0.0,0.0
attention/torch.bfloat16/b1/d768/finalFalse/action,"[1, 30, 768]",torch.bfloat16,sdpa,True,True,0.0,0.0
attention/torch.bfloat16/b1/d768/finalFalse/context,"[1, 65, 768]",torch.bfloat16,sdpa,True,True,0.0,0.0
attention/torch.bfloat16/b1/d768/finalTrue/repeat,"[1, 30, 768]",torch.bfloat16,sdpa,True,True,0.0,0.0
attention/torch.bfloat16/b1/d768/finalTrue/action,"[1, 30, 768]",torch.bfloat16,sdpa,True,True,0.0,0.0
attention/torch.bfloat16/b1/d768/finalTrue/no-padding,"[1, 30, 768]",torch.bfloat16,sdpa,True,True,0.0,0.0
attention/torch.bfloat16/b2/d64/finalFalse/repeat,"[2, 30, 64]",torch.bfloat16,sdpa,True,True,0.0,0.0
attention/torch.bfloat16/b2/d64/finalFalse/action,"[2, 30, 64]",torch.bfloat16,sdpa,True,True,0.0,0.0
attention/torch.bfloat16/b2/d64/finalFalse/context,"[2, 65, 64]",torch.bfloat16,sdpa,True,True,0.0,0.0
attention/torch.bfloat16/b2/d64/finalTrue/repeat,"[2, 30, 64]",torch.bfloat16,sdpa,True,True,0.0,0.0
attention/torch.bfloat16/b2/d64/finalTrue/action,"[2, 30, 64]",torch.bfloat16,sdpa,True,True,0.0,0.0
attention/torch.bfloat16/b2/d64/finalTrue/no-padding,"[2, 30, 64]",torch.bfloat16,sdpa,True,False,0.0009765625,0.00020495169155765325
attention/torch.bfloat16/b2/d768/finalFalse/repeat,"[2, 30, 768]",torch.bfloat16,sdpa,True,True,0.0,0.0
attention/torch.bfloat16/b2/d768/finalFalse/action,"[2, 30, 768]",torch.bfloat16,sdpa,True,True,0.0,0.0
attention/torch.bfloat16/b2/d768/finalFalse/context,"[2, 65, 768]",torch.bfloat16,sdpa,True,True,0.0,0.0
attention/torch.bfloat16/b2/d768/finalTrue/repeat,"[2, 30, 768]",torch.bfloat16,sdpa,True,True,0.0,0.0
attention/torch.bfloat16/b2/d768/finalTrue/action,"[2, 30, 768]",torch.bfloat16,sdpa,True,True,0.0,0.0
attention/torch.bfloat16/b2/d768/finalTrue/no-padding,"[2, 30, 768]",torch.bfloat16,sdpa,True,False,0.0009765625,0.00011055627692257985
attention/torch.bfloat16/b4/d64/finalFalse/repeat,"[4, 30, 64]",torch.bfloat16,sdpa,True,True,0.0,0.0
attention/torch.bfloat16/b4/d64/finalFalse/action,"[4, 30, 64]",torch.bfloat16,sdpa,True,True,0.0,0.0
attention/torch.bfloat16/b4/d64/finalFalse/context,"[4, 65, 64]",torch.bfloat16,sdpa,True,True,0.0,0.0
attention/torch.bfloat16/b4/d64/finalTrue/repeat,"[4, 30, 64]",torch.bfloat16,sdpa,True,True,0.0,0.0
attention/torch.bfloat16/b4/d64/finalTrue/action,"[4, 30, 64]",torch.bfloat16,sdpa,True,True,0.0,0.0
attention/torch.bfloat16/b4/d64/finalTrue/no-padding,"[4, 30, 64]",torch.bfloat16,sdpa,True,False,0.0009765625,0.0002061958221020177
attention/torch.bfloat16/b4/d768/finalFalse/repeat,"[4, 30, 768]",torch.bfloat16,sdpa,True,True,0.0,0.0
attention/torch.bfloat16/b4/d768/finalFalse/action,"[4, 30, 768]",torch.bfloat16,sdpa,True,True,0.0,0.0
attention/torch.bfloat16/b4/d768/finalFalse/context,"[4, 65, 768]",torch.bfloat16,sdpa,True,True,0.0,0.0
attention/torch.bfloat16/b4/d768/finalTrue/repeat,"[4, 30, 768]",torch.bfloat16,sdpa,True,True,0.0,0.0
attention/torch.bfloat16/b4/d768/finalTrue/action,"[4, 30, 768]",torch.bfloat16,sdpa,True,True,0.0,0.0
attention/torch.bfloat16/b4/d768/finalTrue/no-padding,"[4, 30, 768]",torch.bfloat16,sdpa,True,False,0.0009765625,0.0001131359240389429
b1/state-normalization,"[1, 1, 43]",torch.float32,sdpa,True,True,0.0,0.0
b1/image-transform/row0,"[240, 320, 3]",torch.uint8,sdpa,True,False,158.0,55.65214538574219
b1/transformed/repeat/input_ids,"[1, 92]",torch.int64,sdpa,True,True,0.0,0.0
b1/transformed/repeat/attention_mask,"[1, 92]",torch.bool,sdpa,True,True,0.0,0.0
b1/transformed/repeat/image_grid_thw,"[1, 3]",torch.int64,sdpa,True,True,0.0,0.0
b1/transformed/repeat/pixel_values,"[320, 1536]",torch.bfloat16,sdpa,True,True,0.0,0.0
b1/transformed/repeat/positions,"[3, 1, 92]",torch.int64,sdpa,True,True,0.0,0.0
b1/transformed/repeat/features,"[1, 1, 92, 2048]",torch.bfloat16,sdpa,True,True,0.0,0.0
b1/transformed/repeat/final,"[1, 30, 78]",torch.float32,sdpa,True,True,0.0,0.0
b1/transformed/repeat/time/0/step0,"[1, 1536]",torch.bfloat16,sdpa,True,True,0.0,0.0
b1/transformed/repeat/time/0/step1,"[1, 1536]",torch.bfloat16,sdpa,True,True,0.0,0.0
b1/transformed/repeat/time/0/step2,"[1, 1536]",torch.bfloat16,sdpa,True,True,0.0,0.0
b1/transformed/repeat/time/0/step3,"[1, 1536]",torch.bfloat16,sdpa,True,True,0.0,0.0
b1/transformed/repeat/time/0/step4,"[1, 1536]",torch.bfloat16,sdpa,True,True,0.0,0.0
b1/transformed/repeat/time/0/step5,"[1, 1536]",torch.bfloat16,sdpa,True,True,0.0,0.0
b1/transformed/repeat/time/0/step6,"[1, 1536]",torch.bfloat16,sdpa,True,True,0.0,0.0
b1/transformed/repeat/time/0/step7,"[1, 1536]",torch.bfloat16,sdpa,True,True,0.0,0.0
b1/transformed/repeat/time/0/step8,"[1, 1536]",torch.bfloat16,sdpa,True,True,0.0,0.0
b1/transformed/repeat/time/0/step9,"[1, 1536]",torch.bfloat16,sdpa,True,True,0.0,0.0
b1/transformed/repeat/action-in/0/step0,"[1, 30, 1536]",torch.bfloat16,sdpa,True,True,0.0,0.0
b1/transformed/repeat/action-in/0/step1,"[1, 30, 1536]",torch.bfloat16,sdpa,True,True,0.0,0.0
b1/transformed/repeat/action-in/0/step2,"[1, 30, 1536]",torch.bfloat16,sdpa,True,True,0.0,0.0
b1/transformed/repeat/action-in/0/step3,"[1, 30, 1536]",torch.bfloat16,sdpa,True,True,0.0,0.0
b1/transformed/repeat/action-in/0/step4,"[1, 30, 1536]",torch.bfloat16,sdpa,True,True,0.0,0.0
b1/transformed/repeat/action-in/0/step5,"[1, 30, 1536]",torch.bfloat16,sdpa,True,True,0.0,0.0
b1/transformed/repeat/action-in/0/step6,"[1, 30, 1536]",torch.bfloat16,sdpa,True,True,0.0,0.0
b1/transformed/repeat/action-in/0/step7,"[1, 30, 1536]",torch.bfloat16,sdpa,True,True,0.0,0.0
b1/transformed/repeat/action-in/0/step8,"[1, 30, 1536]",torch.bfloat16,sdpa,True,True,0.0,0.0
b1/transformed/repeat/action-in/0/step9,"[1, 30, 1536]",torch.bfloat16,sdpa,True,True,0.0,0.0
b1/transformed/repeat/obs/0/step0,"[1, 93, 1536]",torch.bfloat16,sdpa,True,True,0.0,0.0
b1/transformed/repeat/obs/0/step1,"[1, 93, 1536]",torch.bfloat16,sdpa,True,True,0.0,0.0
b1/transformed/repeat/obs/0/step2,"[1, 93, 1536]",torch.bfloat16,sdpa,True,True,0.0,0.0
b1/transformed/repeat/obs/0/step3,"[1, 93, 1536]",torch.bfloat16,sdpa,True,True,0.0,0.0
b1/transformed/repeat/obs/0/step4,"[1, 93, 1536]",torch.bfloat16,sdpa,True,True,0.0,0.0
b1/transformed/repeat/obs/0/step5,"[1, 93, 1536]",torch.bfloat16,sdpa,True,True,0.0,0.0
b1/transformed/repeat/obs/0/step6,"[1, 93, 1536]",torch.bfloat16,sdpa,True,True,0.0,0.0
b1/transformed/repeat/obs/0/step7,"[1, 93, 1536]",torch.bfloat16,sdpa,True,True,0.0,0.0
b1/transformed/repeat/obs/0/step8,"[1, 93, 1536]",torch.bfloat16,sdpa,True,True,0.0,0.0
b1/transformed/repeat/obs/0/step9,"[1, 93, 1536]",torch.bfloat16,sdpa,True,True,0.0,0.0
b1/transformed/repeat/obs/1/step0,"[1, 93]",torch.float32,sdpa,True,True,0.0,0.0
b1/transformed/repeat/obs/1/step1,"[1, 93]",torch.float32,sdpa,True,True,0.0,0.0
b1/transformed/repeat/obs/1/step2,"[1, 93]",torch.float32,sdpa,True,True,0.0,0.0
b1/transformed/repeat/obs/1/step3,"[1, 93]",torch.float32,sdpa,True,True,0.0,0.0
b1/transformed/repeat/obs/1/step4,"[1, 93]",torch.float32,sdpa,True,True,0.0,0.0
b1/transformed/repeat/obs/1/step5,"[1, 93]",torch.float32,sdpa,True,True,0.0,0.0
b1/transformed/repeat/obs/1/step6,"[1, 93]",torch.float32,sdpa,True,True,0.0,0.0
b1/transformed/repeat/obs/1/step7,"[1, 93]",torch.float32,sdpa,True,True,0.0,0.0
b1/transformed/repeat/obs/1/step8,"[1, 93]",torch.float32,sdpa,True,True,0.0,0.0
b1/transformed/repeat/obs/1/step9,"[1, 93]",torch.float32,sdpa,True,True,0.0,0.0
b1/transformed/repeat/block0/0/step0,"[1, 30, 1536]",torch.bfloat16,sdpa,True,True,0.0,0.0
b1/transformed/repeat/block0/0/step1,"[1, 30, 1536]",torch.bfloat16,sdpa,True,True,0.0,0.0
b1/transformed/repeat/block0/0/step2,"[1, 30, 1536]",torch.bfloat16,sdpa,True,True,0.0,0.0
b1/transformed/repeat/block0/0/step3,"[1, 30, 1536]",torch.bfloat16,sdpa,True,True,0.0,0.0
b1/transformed/repeat/block0/0/step4,"[1, 30, 1536]",torch.bfloat16,sdpa,True,True,0.0,0.0
b1/transformed/repeat/block0/0/step5,"[1, 30, 1536]",torch.bfloat16,sdpa,True,True,0.0,0.0
b1/transformed/repeat/block0/0/step6,"[1, 30, 1536]",torch.bfloat16,sdpa,True,True,0.0,0.0
b1/transformed/repeat/block0/0/step7,"[1, 30, 1536]",torch.bfloat16,sdpa,True,True,0.0,0.0
b1/transformed/repeat/block0/0/step8,"[1, 30, 1536]",torch.bfloat16,sdpa,True,True,0.0,0.0
b1/transformed/repeat/block0/0/step9,"[1, 30, 1536]",torch.bfloat16,sdpa,True,True,0.0,0.0
b1/transformed/repeat/block0/1/step0,"[1, 93, 1536]",torch.bfloat16,sdpa,True,True,0.0,0.0
b1/transformed/repeat/block0/1/step1,"[1, 93, 1536]",torch.bfloat16,sdpa,True,True,0.0,0.0
b1/transformed/repeat/block0/1/step2,"[1, 93, 1536]",torch.bfloat16,sdpa,True,True,0.0,0.0
b1/transformed/repeat/block0/1/step3,"[1, 93, 1536]",torch.bfloat16,sdpa,True,True,0.0,0.0
b1/transformed/repeat/block0/1/step4,"[1, 93, 1536]",torch.bfloat16,sdpa,True,True,0.0,0.0
b1/transformed/repeat/block0/1/step5,"[1, 93, 1536]",torch.bfloat16,sdpa,True,True,0.0,0.0
b1/transformed/repeat/block0/1/step6,"[1, 93, 1536]",torch.bfloat16,sdpa,True,True,0.0,0.0
b1/transformed/repeat/block0/1/step7,"[1, 93, 1536]",torch.bfloat16,sdpa,True,True,0.0,0.0
b1/transformed/repeat/block0/1/step8,"[1, 93, 1536]",torch.bfloat16,sdpa,True,True,0.0,0.0
b1/transformed/repeat/block0/1/step9,"[1, 93, 1536]",torch.bfloat16,sdpa,True,True,0.0,0.0
b1/transformed/repeat/block1/0/step0,"[1, 30, 1536]",torch.bfloat16,sdpa,True,True,0.0,0.0
b1/transformed/repeat/block1/0/step1,"[1, 30, 1536]",torch.bfloat16,sdpa,True,True,0.0,0.0
b1/transformed/repeat/block1/0/step2,"[1, 30, 1536]",torch.bfloat16,sdpa,True,True,0.0,0.0
b1/transformed/repeat/block1/0/step3,"[1, 30, 1536]",torch.bfloat16,sdpa,True,True,0.0,0.0
b1/transformed/repeat/block1/0/step4,"[1, 30, 1536]",torch.bfloat16,sdpa,True,True,0.0,0.0
b1/transformed/repeat/block1/0/step5,"[1, 30, 1536]",torch.bfloat16,sdpa,True,True,0.0,0.0
b1/transformed/repeat/block1/0/step6,"[1, 30, 1536]",torch.bfloat16,sdpa,True,True,0.0,0.0
b1/transformed/repeat/block1/0/step7,"[1, 30, 1536]",torch.bfloat16,sdpa,True,True,0.0,0.0
b1/transformed/repeat/block1/0/step8,"[1, 30, 1536]",torch.bfloat16,sdpa,True,True,0.0,0.0
b1/transformed/repeat/block1/0/step9,"[1, 30, 1536]",torch.bfloat16,sdpa,True,True,0.0,0.0
b1/transformed/repeat/block1/1/step0,"[1, 93, 1536]",torch.bfloat16,sdpa,True,True,0.0,0.0
b1/transformed/repeat/block1/1/step1,"[1, 93, 1536]",torch.bfloat16,sdpa,True,True,0.0,0.0
b1/transformed/repeat/block1/1/step2,"[1, 93, 1536]",torch.bfloat16,sdpa,True,True,0.0,0.0
b1/transformed/repeat/block1/1/step3,"[1, 93, 1536]",torch.bfloat16,sdpa,True,True,0.0,0.0
b1/transformed/repeat/block1/1/step4,"[1, 93, 1536]",torch.bfloat16,sdpa,True,True,0.0,0.0
b1/transformed/repeat/block1/1/step5,"[1, 93, 1536]",torch.bfloat16,sdpa,True,True,0.0,0.0
b1/transformed/repeat/block1/1/step6,"[1, 93, 1536]",torch.bfloat16,sdpa,True,True,0.0,0.0
b1/transformed/repeat/block1/1/step7,"[1, 93, 1536]",torch.bfloat16,sdpa,True,True,0.0,0.0
b1/transformed/repeat/block1/1/step8,"[1, 93, 1536]",torch.bfloat16,sdpa,True,True,0.0,0.0
b1/transformed/repeat/block1/1/step9,"[1, 93, 1536]",torch.bfloat16,sdpa,True,True,0.0,0.0
b1/transformed/repeat/block2/0/step0,"[1, 30, 1536]",torch.bfloat16,sdpa,True,True,0.0,0.0
b1/transformed/repeat/block2/0/step1,"[1, 30, 1536]",torch.bfloat16,sdpa,True,True,0.0,0.0
b1/transformed/repeat/block2/0/step2,"[1, 30, 1536]",torch.bfloat16,sdpa,True,True,0.0,0.0
b1/transformed/repeat/block2/0/step3,"[1, 30, 1536]",torch.bfloat16,sdpa,True,True,0.0,0.0
b1/transformed/repeat/block2/0/step4,"[1, 30, 1536]",torch.bfloat16,sdpa,True,True,0.0,0.0
b1/transformed/repeat/block2/0/step5,"[1, 30, 1536]",torch.bfloat16,sdpa,True,True,0.0,0.0
b1/transformed/repeat/block2/0/step6,"[1, 30, 1536]",torch.bfloat16,sdpa,True,True,0.0,0.0
b1/transformed/repeat/block2/0/step7,"[1, 30, 1536]",torch.bfloat16,sdpa,True,True,0.0,0.0
b1/transformed/repeat/block2/0/step8,"[1, 30, 1536]",torch.bfloat16,sdpa,True,True,0.0,0.0
b1/transformed/repeat/block2/0/step9,"[1, 30, 1536]",torch.bfloat16,sdpa,True,True,0.0,0.0
b1/transformed/repeat/block2/1/step0,"[1, 93, 1536]",torch.bfloat16,sdpa,True,True,0.0,0.0
b1/transformed/repeat/block2/1/step1,"[1, 93, 1536]",torch.bfloat16,sdpa,True,True,0.0,0.0
b1/transformed/repeat/block2/1/step2,"[1, 93, 1536]",torch.bfloat16,sdpa,True,True,0.0,0.0
b1/transformed/repeat/block2/1/step3,"[1, 93, 1536]",torch.bfloat16,sdpa,True,True,0.0,0.0
b1/transformed/repeat/block2/1/step4,"[1, 93, 1536]",torch.bfloat16,sdpa,True,True,0.0,0.0
b1/transformed/repeat/block2/1/step5,"[1, 93, 1536]",torch.bfloat16,sdpa,True,True,0.0,0.0
b1/transformed/repeat/block2/1/step6,"[1, 93, 1536]",torch.bfloat16,sdpa,True,True,0.0,0.0
b1/transformed/repeat/block2/1/step7,"[1, 93, 1536]",torch.bfloat16,sdpa,True,True,0.0,0.0
b1/transformed/repeat/block2/1/step8,"[1, 93, 1536]",torch.bfloat16,sdpa,True,True,0.0,0.0
b1/transformed/repeat/block2/1/step9,"[1, 93, 1536]",torch.bfloat16,sdpa,True,True,0.0,0.0
b1/transformed/repeat/block3/0/step0,"[1, 30, 1536]",torch.bfloat16,sdpa,True,True,0.0,0.0
b1/transformed/repeat/block3/0/step1,"[1, 30, 1536]",torch.bfloat16,sdpa,True,True,0.0,0.0
b1/transformed/repeat/block3/0/step2,"[1, 30, 1536]",torch.bfloat16,sdpa,True,True,0.0,0.0
b1/transformed/repeat/block3/0/step3,"[1, 30, 1536]",torch.bfloat16,sdpa,True,True,0.0,0.0
b1/transformed/repeat/block3/0/step4,"[1, 30, 1536]",torch.bfloat16,sdpa,True,True,0.0,0.0
b1/transformed/repeat/block3/0/step5,"[1, 30, 1536]",torch.bfloat16,sdpa,True,True,0.0,0.0
b1/transformed/repeat/block3/0/step6,"[1, 30, 1536]",torch.bfloat16,sdpa,True,True,0.0,0.0
b1/transformed/repeat/block3/0/step7,"[1, 30, 1536]",torch.bfloat16,sdpa,True,True,0.0,0.0
b1/transformed/repeat/block3/0/step8,"[1, 30, 1536]",torch.bfloat16,sdpa,True,True,0.0,0.0
b1/transformed/repeat/block3/0/step9,"[1, 30, 1536]",torch.bfloat16,sdpa,True,True,0.0,0.0
b1/transformed/repeat/block3/1/step0,"[1, 93, 1536]",torch.bfloat16,sdpa,True,True,0.0,0.0
b1/transformed/repeat/block3/1/step1,"[1, 93, 1536]",torch.bfloat16,sdpa,True,True,0.0,0.0
b1/transformed/repeat/block3/1/step2,"[1, 93, 1536]",torch.bfloat16,sdpa,True,True,0.0,0.0
b1/transformed/repeat/block3/1/step3,"[1, 93, 1536]",torch.bfloat16,sdpa,True,True,0.0,0.0
b1/transformed/repeat/block3/1/step4,"[1, 93, 1536]",torch.bfloat16,sdpa,True,True,0.0,0.0
b1/transformed/repeat/block3/1/step5,"[1, 93, 1536]",torch.bfloat16,sdpa,True,True,0.0,0.0
b1/transformed/repeat/block3/1/step6,"[1, 93, 1536]",torch.bfloat16,sdpa,True,True,0.0,0.0
b1/transformed/repeat/block3/1/step7,"[1, 93, 1536]",torch.bfloat16,sdpa,True,True,0.0,0.0
b1/transformed/repeat/block3/1/step8,"[1, 93, 1536]",torch.bfloat16,sdpa,True,True,0.0,0.0
b1/transformed/repeat/block3/1/step9,"[1, 93, 1536]",torch.bfloat16,sdpa,True,True,0.0,0.0
b1/transformed/repeat/block4/0/step0,"[1, 30, 1536]",torch.bfloat16,sdpa,True,True,0.0,0.0
b1/transformed/repeat/block4/0/step1,"[1, 30, 1536]",torch.bfloat16,sdpa,True,True,0.0,0.0
b1/transformed/repeat/block4/0/step2,"[1, 30, 1536]",torch.bfloat16,sdpa,True,True,0.0,0.0
b1/transformed/repeat/block4/0/step3,"[1, 30, 1536]",torch.bfloat16,sdpa,True,True,0.0,0.0
b1/transformed/repeat/block4/0/step4,"[1, 30, 1536]",torch.bfloat16,sdpa,True,True,0.0,0.0
b1/transformed/repeat/block4/0/step5,"[1, 30, 1536]",torch.bfloat16,sdpa,True,True,0.0,0.0
b1/transformed/repeat/block4/0/step6,"[1, 30, 1536]",torch.bfloat16,sdpa,True,True,0.0,0.0
b1/transformed/repeat/block4/0/step7,"[1, 30, 1536]",torch.bfloat16,sdpa,True,True,0.0,0.0
b1/transformed/repeat/block4/0/step8,"[1, 30, 1536]",torch.bfloat16,sdpa,True,True,0.0,0.0
b1/transformed/repeat/block4/0/step9,"[1, 30, 1536]",torch.bfloat16,sdpa,True,True,0.0,0.0
b1/transformed/repeat/block4/1/step0,"[1, 93, 1536]",torch.bfloat16,sdpa,True,True,0.0,0.0
b1/transformed/repeat/block4/1/step1,"[1, 93, 1536]",torch.bfloat16,sdpa,True,True,0.0,0.0
b1/transformed/repeat/block4/1/step2,"[1, 93, 1536]",torch.bfloat16,sdpa,True,True,0.0,0.0
b1/transformed/repeat/block4/1/step3,"[1, 93, 1536]",torch.bfloat16,sdpa,True,True,0.0,0.0
b1/transformed/repeat/block4/1/step4,"[1, 93, 1536]",torch.bfloat16,sdpa,True,True,0.0,0.0
b1/transformed/repeat/block4/1/step5,"[1, 93, 1536]",torch.bfloat16,sdpa,True,True,0.0,0.0
b1/transformed/repeat/block4/1/step6,"[1, 93, 1536]",torch.bfloat16,sdpa,True,True,0.0,0.0
b1/transformed/repeat/block4/1/step7,"[1, 93, 1536]",torch.bfloat16,sdpa,True,True,0.0,0.0
b1/transformed/repeat/block4/1/step8,"[1, 93, 1536]",torch.bfloat16,sdpa,True,True,0.0,0.0
b1/transformed/repeat/block4/1/step9,"[1, 93, 1536]",torch.bfloat16,sdpa,True,True,0.0,0.0
b1/transformed/repeat/block5/0/step0,"[1, 30, 1536]",torch.bfloat16,sdpa,True,True,0.0,0.0
b1/transformed/repeat/block5/0/step1,"[1, 30, 1536]",torch.bfloat16,sdpa,True,True,0.0,0.0
b1/transformed/repeat/block5/0/step2,"[1, 30, 1536]",torch.bfloat16,sdpa,True,True,0.0,0.0
b1/transformed/repeat/block5/0/step3,"[1, 30, 1536]",torch.bfloat16,sdpa,True,True,0.0,0.0
b1/transformed/repeat/block5/0/step4,"[1, 30, 1536]",torch.bfloat16,sdpa,True,True,0.0,0.0
b1/transformed/repeat/block5/0/step5,"[1, 30, 1536]",torch.bfloat16,sdpa,True,True,0.0,0.0
b1/transformed/repeat/block5/0/step6,"[1, 30, 1536]",torch.bfloat16,sdpa,True,True,0.0,0.0
b1/transformed/repeat/block5/0/step7,"[1, 30, 1536]",torch.bfloat16,sdpa,True,True,0.0,0.0
b1/transformed/repeat/block5/0/step8,"[1, 30, 1536]",torch.bfloat16,sdpa,True,True,0.0,0.0
b1/transformed/repeat/block5/0/step9,"[1, 30, 1536]",torch.bfloat16,sdpa,True,True,0.0,0.0
b1/transformed/repeat/velocity/step0,"[1, 30, 78]",torch.bfloat16,sdpa,True,True,0.0,0.0
b1/transformed/repeat/velocity/step1,"[1, 30, 78]",torch.bfloat16,sdpa,True,True,0.0,0.0
b1/transformed/repeat/velocity/step2,"[1, 30, 78]",torch.bfloat16,sdpa,True,True,0.0,0.0
b1/transformed/repeat/velocity/step3,"[1, 30, 78]",torch.bfloat16,sdpa,True,True,0.0,0.0
b1/transformed/repeat/velocity/step4,"[1, 30, 78]",torch.bfloat16,sdpa,True,True,0.0,0.0
b1/transformed/repeat/velocity/step5,"[1, 30, 78]",torch.bfloat16,sdpa,True,True,0.0,0.0
b1/transformed/repeat/velocity/step6,"[1, 30, 78]",torch.bfloat16,sdpa,True,True,0.0,0.0
b1/transformed/repeat/velocity/step7,"[1, 30, 78]",torch.bfloat16,sdpa,True,True,0.0,0.0
b1/transformed/repeat/velocity/step8,"[1, 30, 78]",torch.bfloat16,sdpa,True,True,0.0,0.0
b1/transformed/repeat/velocity/step9,"[1, 30, 78]",torch.bfloat16,sdpa,True,True,0.0,0.0
b1/transformed/repeat/actions/step0,"[1, 30, 78]",torch.bfloat16,sdpa,True,True,0.0,0.0
b1/transformed/repeat/actions/step1,"[1, 30, 78]",torch.bfloat16,sdpa,True,True,0.0,0.0
b1/transformed/repeat/actions/step2,"[1, 30, 78]",torch.bfloat16,sdpa,True,True,0.0,0.0
b1/transformed/repeat/actions/step3,"[1, 30, 78]",torch.bfloat16,sdpa,True,True,0.0,0.0
b1/transformed/repeat/actions/step4,"[1, 30, 78]",torch.bfloat16,sdpa,True,True,0.0,0.0
b1/transformed/repeat/actions/step5,"[1, 30, 78]",torch.bfloat16,sdpa,True,True,0.0,0.0
b1/transformed/repeat/actions/step6,"[1, 30, 78]",torch.bfloat16,sdpa,True,True,0.0,0.0
b1/transformed/repeat/actions/step7,"[1, 30, 78]",torch.bfloat16,sdpa,True,True,0.0,0.0
b1/transformed/repeat/actions/step8,"[1, 30, 78]",torch.bfloat16,sdpa,True,True,0.0,0.0
b1/transformed/repeat/actions/step9,"[1, 30, 78]",torch.bfloat16,sdpa,True,True,0.0,0.0
b1/transformed/input_ids,"[1, 92]",torch.int64,sdpa,True,True,0.0,0.0
b1/transformed/attention_mask,"[1, 92]",torch.bool,sdpa,True,True,0.0,0.0
b1/transformed/image_grid_thw,"[1, 3]",torch.int64,sdpa,True,True,0.0,0.0
b1/transformed/pixel_values,"[320, 1536]",torch.bfloat16,sdpa,True,True,0.0,0.0
b1/transformed/positions,"[3, 1, 92]",torch.int64,sdpa,True,True,0.0,0.0
b1/transformed/features,"[1, 1, 92, 2048]",torch.bfloat16,sdpa,True,True,0.0,0.0
b1/transformed/final,"[1, 30, 78]",torch.float32,sdpa,True,False,0.0078125,0.0028431310784071684
b1/transformed/time/0/step0,"[1, 1536]",torch.bfloat16,sdpa,True,True,0.0,0.0
b1/transformed/time/0/step1,"[1, 1536]",torch.bfloat16,sdpa,True,True,0.0,0.0
b1/transformed/time/0/step2,"[1, 1536]",torch.bfloat16,sdpa,True,True,0.0,0.0
b1/transformed/time/0/step3,"[1, 1536]",torch.bfloat16,sdpa,True,True,0.0,0.0
b1/transformed/time/0/step4,"[1, 1536]",torch.bfloat16,sdpa,True,True,0.0,0.0
b1/transformed/time/0/step5,"[1, 1536]",torch.bfloat16,sdpa,True,True,0.0,0.0
b1/transformed/time/0/step6,"[1, 1536]",torch.bfloat16,sdpa,True,True,0.0,0.0
b1/transformed/time/0/step7,"[1, 1536]",torch.bfloat16,sdpa,True,True,0.0,0.0
b1/transformed/time/0/step8,"[1, 1536]",torch.bfloat16,sdpa,True,True,0.0,0.0
b1/transformed/time/0/step9,"[1, 1536]",torch.bfloat16,sdpa,True,True,0.0,0.0
b1/transformed/action-in/0/step0,"[1, 30, 1536]",torch.bfloat16,sdpa,True,True,0.0,0.0
b1/transformed/action-in/0/step1,"[1, 30, 1536]",torch.bfloat16,sdpa,True,False,0.00390625,0.00040084647480398417
b1/transformed/action-in/0/step2,"[1, 30, 1536]",torch.bfloat16,sdpa,True,False,0.005859375,0.0004446398525033146
b1/transformed/action-in/0/step3,"[1, 30, 1536]",torch.bfloat16,sdpa,True,False,0.00390625,0.00043767367606051266
b1/transformed/action-in/0/step4,"[1, 30, 1536]",torch.bfloat16,sdpa,True,False,0.00390625,0.0004542245587799698
b1/transformed/action-in/0/step5,"[1, 30, 1536]",torch.bfloat16,sdpa,True,False,0.00390625,0.0004490270803216845
b1/transformed/action-in/0/step6,"[1, 30, 1536]",torch.bfloat16,sdpa,True,False,0.00390625,0.0004583589325193316
b1/transformed/action-in/0/step7,"[1, 30, 1536]",torch.bfloat16,sdpa,True,False,0.00390625,0.0004373568808659911
b1/transformed/action-in/0/step8,"[1, 30, 1536]",torch.bfloat16,sdpa,True,False,0.00390625,0.00048419248196296394
b1/transformed/action-in/0/step9,"[1, 30, 1536]",torch.bfloat16,sdpa,True,False,0.00390625,0.0005711063859052956
b1/transformed/obs/0/step0,"[1, 93, 1536]",torch.bfloat16,sdpa,True,True,0.0,0.0
b1/transformed/obs/1/step0,"[1, 93]",torch.bool,sdpa,True,True,0.0,0.0
b1/transformed/block0/0/step0,"[1, 30, 1536]",torch.bfloat16,sdpa,True,True,0.0,0.0
b1/transformed/block0/0/step1,"[1, 30, 1536]",torch.bfloat16,sdpa,True,False,0.09375,0.004022011999040842
b1/transformed/block0/0/step2,"[1, 30, 1536]",torch.bfloat16,sdpa,True,False,0.125,0.004699672572314739
b1/transformed/block0/0/step3,"[1, 30, 1536]",torch.bfloat16,sdpa,True,False,0.0625,0.004868742544203997
b1/transformed/block0/0/step4,"[1, 30, 1536]",torch.bfloat16,sdpa,True,False,0.125,0.005965874530375004
b1/transformed/block0/0/step5,"[1, 30, 1536]",torch.bfloat16,sdpa,True,False,0.125,0.00612596794962883
b1/transformed/block0/0/step6,"[1, 30, 1536]",torch.bfloat16,sdpa,True,False,0.125,0.0072104246355593204
b1/transformed/block0/0/step7,"[1, 30, 1536]",torch.bfloat16,sdpa,True,False,0.125,0.008479003794491291
b1/transformed/block0/0/step8,"[1, 30, 1536]",torch.bfloat16,sdpa,True,False,0.125,0.013190439902245998
b1/transformed/block0/0/step9,"[1, 30, 1536]",torch.bfloat16,sdpa,True,False,1.0,0.06723514199256897
b1/transformed/block0/1/step0,"[1, 93, 1536]",torch.bfloat16,sdpa,True,True,0.0,0.0
b1/transformed/block0/1/step1,"[1, 93, 1536]",torch.bfloat16,sdpa,True,False,2.0,0.012012897059321404
b1/transformed/block0/1/step2,"[1, 93, 1536]",torch.bfloat16,sdpa,True,False,4.0,0.013439398258924484
b1/transformed/block0/1/step3,"[1, 93, 1536]",torch.bfloat16,sdpa,True,False,1.0,0.008764371275901794
b1/transformed/block0/1/step4,"[1, 93, 1536]",torch.bfloat16,sdpa,True,False,4.0,0.012997415848076344
b1/transformed/block0/1/step5,"[1, 93, 1536]",torch.bfloat16,sdpa,True,False,0.5,0.008002779446542263
b1/transformed/block0/1/step6,"[1, 93, 1536]",torch.bfloat16,sdpa,True,False,2.0,0.012509050779044628
b1/transformed/block0/1/step7,"[1, 93, 1536]",torch.bfloat16,sdpa,True,False,1.0,0.010696564801037312
b1/transformed/block0/1/step8,"[1, 93, 1536]",torch.bfloat16,sdpa,True,False,2.0,0.013247589580714703
b1/transformed/block0/1/step9,"[1, 93, 1536]",torch.bfloat16,sdpa,True,False,4.0,0.026279179379343987
b1/transformed/block1/0/step0,"[1, 30, 1536]",torch.bfloat16,sdpa,True,True,0.0,0.0
b1/transformed/block1/0/step1,"[1, 30, 1536]",torch.bfloat16,sdpa,True,False,0.125,0.004908173345029354
b1/transformed/block1/0/step2,"[1, 30, 1536]",torch.bfloat16,sdpa,True,False,0.125,0.005367521662265062
b1/transformed/block1/0/step3,"[1, 30, 1536]",torch.bfloat16,sdpa,True,False,0.125,0.005273945163935423
b1/transformed/block1/0/step4,"[1, 30, 1536]",torch.bfloat16,sdpa,True,False,0.125,0.00628524599596858
b1/transformed/block1/0/step5,"[1, 30, 1536]",torch.bfloat16,sdpa,True,False,0.25,0.00647161528468132
b1/transformed/block1/0/step6,"[1, 30, 1536]",torch.bfloat16,sdpa,True,False,0.125,0.007530451286584139
b1/transformed/block1/0/step7,"[1, 30, 1536]",torch.bfloat16,sdpa,True,False,0.25,0.008858011104166508
b1/transformed/block1/0/step8,"[1, 30, 1536]",torch.bfloat16,sdpa,True,False,0.125,0.013466502539813519
b1/transformed/block1/0/step9,"[1, 30, 1536]",torch.bfloat16,sdpa,True,False,1.0,0.07510491460561752
b1/transformed/block1/1/step0,"[1, 93, 1536]",torch.bfloat16,sdpa,True,True,0.0,0.0
b1/transformed/block1/1/step1,"[1, 93, 1536]",torch.bfloat16,sdpa,True,False,4.0,0.021802125498652458
b1/transformed/block1/1/step2,"[1, 93, 1536]",torch.bfloat16,sdpa,True,False,4.0,0.018876567482948303
b1/transformed/block1/1/step3,"[1, 93, 1536]",torch.bfloat16,sdpa,True,False,4.0,0.021216854453086853
b1/transformed/block1/1/step4,"[1, 93, 1536]",torch.bfloat16,sdpa,True,False,4.0,0.01803278736770153
b1/transformed/block1/1/step5,"[1, 93, 1536]",torch.bfloat16,sdpa,True,False,2.0,0.01610543578863144
b1/transformed/block1/1/step6,"[1, 93, 1536]",torch.bfloat16,sdpa,True,False,4.0,0.022301968187093735
b1/transformed/block1/1/step7,"[1, 93, 1536]",torch.bfloat16,sdpa,True,False,1.0,0.01649092510342598
b1/transformed/block1/1/step8,"[1, 93, 1536]",torch.bfloat16,sdpa,True,False,2.0,0.019516637548804283
b1/transformed/block1/1/step9,"[1, 93, 1536]",torch.bfloat16,sdpa,True,False,4.0,0.03502877429127693
b1/transformed/block2/0/step0,"[1, 30, 1536]",torch.bfloat16,sdpa,True,True,0.0,0.0
b1/transformed/block2/0/step1,"[1, 30, 1536]",torch.bfloat16,sdpa,True,False,0.25,0.005355536006391048
b1/transformed/block2/0/step2,"[1, 30, 1536]",torch.bfloat16,sdpa,True,False,0.25,0.00559614785015583
b1/transformed/block2/0/step3,"[1, 30, 1536]",torch.bfloat16,sdpa,True,False,0.25,0.005675665568560362
b1/transformed/block2/0/step4,"[1, 30, 1536]",torch.bfloat16,sdpa,True,False,0.25,0.006803782191127539
b1/transformed/block2/0/step5,"[1, 30, 1536]",torch.bfloat16,sdpa,True,False,0.25,0.00679381750524044
b1/transformed/block2/0/step6,"[1, 30, 1536]",torch.bfloat16,sdpa,True,False,0.25,0.007886623032391071
b1/transformed/block2/0/step7,"[1, 30, 1536]",torch.bfloat16,sdpa,True,False,0.25,0.009136354550719261
b1/transformed/block2/0/step8,"[1, 30, 1536]",torch.bfloat16,sdpa,True,False,0.25,0.014115643687546253
b1/transformed/block2/0/step9,"[1, 30, 1536]",torch.bfloat16,sdpa,True,False,1.0,0.09030933678150177
b1/transformed/block2/1/step0,"[1, 93, 1536]",torch.bfloat16,sdpa,True,True,0.0,0.0
b1/transformed/block2/1/step1,"[1, 93, 1536]",torch.bfloat16,sdpa,True,False,4.0,0.027471676468849182
b1/transformed/block2/1/step2,"[1, 93, 1536]",torch.bfloat16,sdpa,True,False,4.0,0.023361317813396454
b1/transformed/block2/1/step3,"[1, 93, 1536]",torch.bfloat16,sdpa,True,False,4.0,0.02537691220641136
b1/transformed/block2/1/step4,"[1, 93, 1536]",torch.bfloat16,sdpa,True,False,4.0,0.023353876546025276
b1/transformed/block2/1/step5,"[1, 93, 1536]",torch.bfloat16,sdpa,True,False,2.0,0.02440723218023777
b1/transformed/block2/1/step6,"[1, 93, 1536]",torch.bfloat16,sdpa,True,False,4.0,0.026828287169337273
b1/transformed/block2/1/step7,"[1, 93, 1536]",torch.bfloat16,sdpa,True,False,4.0,0.026185981929302216
b1/transformed/block2/1/step8,"[1, 93, 1536]",torch.bfloat16,sdpa,True,False,8.0,0.03442518040537834
b1/transformed/block2/1/step9,"[1, 93, 1536]",torch.bfloat16,sdpa,True,False,4.0,0.047657545655965805
b1/transformed/block3/0/step0,"[1, 30, 1536]",torch.bfloat16,sdpa,True,True,0.0,0.0
b1/transformed/block3/0/step1,"[1, 30, 1536]",torch.bfloat16,sdpa,True,False,0.25,0.005494480952620506
b1/transformed/block3/0/step2,"[1, 30, 1536]",torch.bfloat16,sdpa,True,False,0.25,0.006088394206017256
b1/transformed/block3/0/step3,"[1, 30, 1536]",torch.bfloat16,sdpa,True,False,0.25,0.005645463243126869
b1/transformed/block3/0/step4,"[1, 30, 1536]",torch.bfloat16,sdpa,True,False,0.25,0.007297553587704897
b1/transformed/block3/0/step5,"[1, 30, 1536]",torch.bfloat16,sdpa,True,False,0.25,0.007101274561136961
b1/transformed/block3/0/step6,"[1, 30, 1536]",torch.bfloat16,sdpa,True,False,0.25,0.00825455877929926
b1/transformed/block3/0/step7,"[1, 30, 1536]",torch.bfloat16,sdpa,True,False,0.25,0.009447344578802586
b1/transformed/block3/0/step8,"[1, 30, 1536]",torch.bfloat16,sdpa,True,False,0.25,0.014669631607830524
b1/transformed/block3/0/step9,"[1, 30, 1536]",torch.bfloat16,sdpa,True,False,4.4375,0.2442324310541153
b1/transformed/block3/1/step0,"[1, 93, 1536]",torch.bfloat16,sdpa,True,True,0.0,0.0
b1/transformed/block3/1/step1,"[1, 93, 1536]",torch.bfloat16,sdpa,True,False,8.0,0.04444997012615204
b1/transformed/block3/1/step2,"[1, 93, 1536]",torch.bfloat16,sdpa,True,False,4.0,0.033556532114744186
b1/transformed/block3/1/step3,"[1, 93, 1536]",torch.bfloat16,sdpa,True,False,4.0,0.03583093360066414
b1/transformed/block3/1/step4,"[1, 93, 1536]",torch.bfloat16,sdpa,True,False,4.0,0.03389095515012741
b1/transformed/block3/1/step5,"[1, 93, 1536]",torch.bfloat16,sdpa,True,False,4.0,0.03469490259885788
b1/transformed/block3/1/step6,"[1, 93, 1536]",torch.bfloat16,sdpa,True,False,4.0,0.0397871658205986
b1/transformed/block3/1/step7,"[1, 93, 1536]",torch.bfloat16,sdpa,True,False,4.0,0.03552129492163658
b1/transformed/block3/1/step8,"[1, 93, 1536]",torch.bfloat16,sdpa,True,False,8.0,0.052102576941251755
b1/transformed/block3/1/step9,"[1, 93, 1536]",torch.bfloat16,sdpa,True,False,8.0,0.0743570327758789
b1/transformed/block4/0/step0,"[1, 30, 1536]",torch.bfloat16,sdpa,True,True,0.0,0.0
b1/transformed/block4/0/step1,"[1, 30, 1536]",torch.bfloat16,sdpa,True,False,0.5,0.006959018763154745
b1/transformed/block4/0/step2,"[1, 30, 1536]",torch.bfloat16,sdpa,True,False,0.25,0.0072324941866099834
b1/transformed/block4/0/step3,"[1, 30, 1536]",torch.bfloat16,sdpa,True,False,0.25,0.006577878724783659
b1/transformed/block4/0/step4,"[1, 30, 1536]",torch.bfloat16,sdpa,True,False,0.5,0.008696889504790306
b1/transformed/block4/0/step5,"[1, 30, 1536]",torch.bfloat16,sdpa,True,False,0.25,0.008194301277399063
b1/transformed/block4/0/step6,"[1, 30, 1536]",torch.bfloat16,sdpa,True,False,0.25,0.010871385224163532
b1/transformed/block4/0/step7,"[1, 30, 1536]",torch.bfloat16,sdpa,True,False,0.25,0.012036376632750034
b1/transformed/block4/0/step8,"[1, 30, 1536]",torch.bfloat16,sdpa,True,False,0.25,0.016088342294096947
b1/transformed/block4/0/step9,"[1, 30, 1536]",torch.bfloat16,sdpa,True,False,5.578125,0.45287978649139404
b1/transformed/block4/1/step0,"[1, 93, 1536]",torch.bfloat16,sdpa,True,True,0.0,0.0
b1/transformed/block4/1/step1,"[1, 93, 1536]",torch.bfloat16,sdpa,True,False,8.0,0.06135759502649307
b1/transformed/block4/1/step2,"[1, 93, 1536]",torch.bfloat16,sdpa,True,False,4.0,0.0453675203025341
b1/transformed/block4/1/step3,"[1, 93, 1536]",torch.bfloat16,sdpa,True,False,4.0,0.04887540638446808
b1/transformed/block4/1/step4,"[1, 93, 1536]",torch.bfloat16,sdpa,True,False,4.0,0.04934607446193695
b1/transformed/block4/1/step5,"[1, 93, 1536]",torch.bfloat16,sdpa,True,False,4.0,0.05049159377813339
b1/transformed/block4/1/step6,"[1, 93, 1536]",torch.bfloat16,sdpa,True,False,4.0,0.055053047835826874
b1/transformed/block4/1/step7,"[1, 93, 1536]",torch.bfloat16,sdpa,True,False,8.0,0.05877184867858887
b1/transformed/block4/1/step8,"[1, 93, 1536]",torch.bfloat16,sdpa,True,False,8.0,0.07095193862915039
b1/transformed/block4/1/step9,"[1, 93, 1536]",torch.bfloat16,sdpa,True,False,8.0,0.10405613481998444
b1/transformed/block5/0/step0,"[1, 30, 1536]",torch.bfloat16,sdpa,True,True,0.0,0.0
b1/transformed/block5/0/step1,"[1, 30, 1536]",torch.bfloat16,sdpa,True,False,0.5,0.014403386041522026
b1/transformed/block5/0/step2,"[1, 30, 1536]",torch.bfloat16,sdpa,True,False,0.5,0.012621100060641766
b1/transformed/block5/0/step3,"[1, 30, 1536]",torch.bfloat16,sdpa,True,False,0.25,0.012750592082738876
b1/transformed/block5/0/step4,"[1, 30, 1536]",torch.bfloat16,sdpa,True,False,0.5,0.012942115776240826
b1/transformed/block5/0/step5,"[1, 30, 1536]",torch.bfloat16,sdpa,True,False,0.25,0.012287326157093048
b1/transformed/block5/0/step6,"[1, 30, 1536]",torch.bfloat16,sdpa,True,False,0.5,0.0147997522726655
b1/transformed/block5/0/step7,"[1, 30, 1536]",torch.bfloat16,sdpa,True,False,0.5,0.015677841380238533
b1/transformed/block5/0/step8,"[1, 30, 1536]",torch.bfloat16,sdpa,True,False,0.25,0.018088562414050102
b1/transformed/block5/0/step9,"[1, 30, 1536]",torch.bfloat16,sdpa,True,False,4.46875,0.4909830391407013
b1/transformed/velocity/step0,"[1, 30, 78]",torch.bfloat16,sdpa,True,True,0.0,0.0
b1/transformed/velocity/step1,"[1, 30, 78]",torch.bfloat16,sdpa,True,False,0.03125,0.005300496704876423
b1/transformed/velocity/step2,"[1, 30, 78]",torch.bfloat16,sdpa,True,False,0.03125,0.005671754013746977
b1/transformed/velocity/step3,"[1, 30, 78]",torch.bfloat16,sdpa,True,False,0.03125,0.005831057671457529
b1/transformed/velocity/step4,"[1, 30, 78]",torch.bfloat16,sdpa,True,False,0.046875,0.007237753830850124
b1/transformed/velocity/step5,"[1, 30, 78]",torch.bfloat16,sdpa,True,False,0.03125,0.007740816567093134
b1/transformed/velocity/step6,"[1, 30, 78]",torch.bfloat16,sdpa,True,False,0.046875,0.0097822155803442
b1/transformed/velocity/step7,"[1, 30, 78]",torch.bfloat16,sdpa,True,False,0.0625,0.013595277443528175
b1/transformed/velocity/step8,"[1, 30, 78]",torch.bfloat16,sdpa,True,False,0.109375,0.028030280023813248
b1/transformed/velocity/step9,"[1, 30, 78]",torch.bfloat16,sdpa,True,False,7.5859375,0.6354127526283264
b1/transformed/actions/step0,"[1, 30, 78]",torch.bfloat16,sdpa,True,False,0.015625,0.001032219734042883
b1/transformed/actions/step1,"[1, 30, 78]",torch.bfloat16,sdpa,True,False,0.015625,0.0016605625860393047
b1/transformed/actions/step2,"[1, 30, 78]",torch.bfloat16,sdpa,True,False,0.015625,0.0020042620599269867
b1/transformed/actions/step3,"[1, 30, 78]",torch.bfloat16,sdpa,True,False,0.015625,0.0021845276933163404
b1/transformed/actions/step4,"[1, 30, 78]",torch.bfloat16,sdpa,True,False,0.015625,0.002129410859197378
b1/transformed/actions/step5,"[1, 30, 78]",torch.bfloat16,sdpa,True,False,0.015625,0.0021254282910376787
b1/transformed/actions/step6,"[1, 30, 78]",torch.bfloat16,sdpa,True,False,0.01171875,0.002090957248583436
b1/transformed/actions/step7,"[1, 30, 78]",torch.bfloat16,sdpa,True,False,0.0078125,0.0021730863954871893
b1/transformed/actions/step8,"[1, 30, 78]",torch.bfloat16,sdpa,True,False,0.0078125,0.002886692527681589
b1/transformed/actions/step9,"[1, 30, 78]",torch.bfloat16,sdpa,True,False,0.0078125,0.0028431310784071684
b1/transformed/denormalized,"[1, 30, 78]",torch.float32,sdpa,True,False,0.0068359375,0.001399889006279409
b1/pixels-changed/repeat/input_ids,"[1, 92]",torch.int64,sdpa,True,True,0.0,0.0
b1/pixels-changed/repeat/attention_mask,"[1, 92]",torch.bool,sdpa,True,True,0.0,0.0
b1/pixels-changed/repeat/image_grid_thw,"[1, 3]",torch.int64,sdpa,True,True,0.0,0.0
b1/pixels-changed/repeat/pixel_values,"[320, 1536]",torch.bfloat16,sdpa,True,True,0.0,0.0
b1/pixels-changed/repeat/positions,"[3, 1, 92]",torch.int64,sdpa,True,True,0.0,0.0
b1/pixels-changed/repeat/features,"[1, 1, 92, 2048]",torch.bfloat16,sdpa,True,True,0.0,0.0
b1/pixels-changed/repeat/final,"[1, 30, 78]",torch.float32,sdpa,True,True,0.0,0.0
b1/pixels-changed/repeat/time/0/step0,"[1, 1536]",torch.bfloat16,sdpa,True,True,0.0,0.0
b1/pixels-changed/repeat/time/0/step1,"[1, 1536]",torch.bfloat16,sdpa,True,True,0.0,0.0
b1/pixels-changed/repeat/time/0/step2,"[1, 1536]",torch.bfloat16,sdpa,True,True,0.0,0.0
b1/pixels-changed/repeat/time/0/step3,"[1, 1536]",torch.bfloat16,sdpa,True,True,0.0,0.0
b1/pixels-changed/repeat/time/0/step4,"[1, 1536]",torch.bfloat16,sdpa,True,True,0.0,0.0
b1/pixels-changed/repeat/time/0/step5,"[1, 1536]",torch.bfloat16,sdpa,True,True,0.0,0.0
b1/pixels-changed/repeat/time/0/step6,"[1, 1536]",torch.bfloat16,sdpa,True,True,0.0,0.0
b1/pixels-changed/repeat/time/0/step7,"[1, 1536]",torch.bfloat16,sdpa,True,True,0.0,0.0
b1/pixels-changed/repeat/time/0/step8,"[1, 1536]",torch.bfloat16,sdpa,True,True,0.0,0.0
b1/pixels-changed/repeat/time/0/step9,"[1, 1536]",torch.bfloat16,sdpa,True,True,0.0,0.0
b1/pixels-changed/repeat/action-in/0/step0,"[1, 30, 1536]",torch.bfloat16,sdpa,True,True,0.0,0.0
b1/pixels-changed/repeat/action-in/0/step1,"[1, 30, 1536]",torch.bfloat16,sdpa,True,True,0.0,0.0
b1/pixels-changed/repeat/action-in/0/step2,"[1, 30, 1536]",torch.bfloat16,sdpa,True,True,0.0,0.0
b1/pixels-changed/repeat/action-in/0/step3,"[1, 30, 1536]",torch.bfloat16,sdpa,True,True,0.0,0.0
b1/pixels-changed/repeat/action-in/0/step4,"[1, 30, 1536]",torch.bfloat16,sdpa,True,True,0.0,0.0
b1/pixels-changed/repeat/action-in/0/step5,"[1, 30, 1536]",torch.bfloat16,sdpa,True,True,0.0,0.0
b1/pixels-changed/repeat/action-in/0/step6,"[1, 30, 1536]",torch.bfloat16,sdpa,True,True,0.0,0.0
b1/pixels-changed/repeat/action-in/0/step7,"[1, 30, 1536]",torch.bfloat16,sdpa,True,True,0.0,0.0
b1/pixels-changed/repeat/action-in/0/step8,"[1, 30, 1536]",torch.bfloat16,sdpa,True,True,0.0,0.0
b1/pixels-changed/repeat/action-in/0/step9,"[1, 30, 1536]",torch.bfloat16,sdpa,True,True,0.0,0.0
b1/pixels-changed/repeat/obs/0/step0,"[1, 93, 1536]",torch.bfloat16,sdpa,True,True,0.0,0.0
b1/pixels-changed/repeat/obs/0/step1,"[1, 93, 1536]",torch.bfloat16,sdpa,True,True,0.0,0.0
b1/pixels-changed/repeat/obs/0/step2,"[1, 93, 1536]",torch.bfloat16,sdpa,True,True,0.0,0.0
b1/pixels-changed/repeat/obs/0/step3,"[1, 93, 1536]",torch.bfloat16,sdpa,True,True,0.0,0.0
b1/pixels-changed/repeat/obs/0/step4,"[1, 93, 1536]",torch.bfloat16,sdpa,True,True,0.0,0.0
b1/pixels-changed/repeat/obs/0/step5,"[1, 93, 1536]",torch.bfloat16,sdpa,True,True,0.0,0.0
b1/pixels-changed/repeat/obs/0/step6,"[1, 93, 1536]",torch.bfloat16,sdpa,True,True,0.0,0.0
b1/pixels-changed/repeat/obs/0/step7,"[1, 93, 1536]",torch.bfloat16,sdpa,True,True,0.0,0.0
b1/pixels-changed/repeat/obs/0/step8,"[1, 93, 1536]",torch.bfloat16,sdpa,True,True,0.0,0.0
b1/pixels-changed/repeat/obs/0/step9,"[1, 93, 1536]",torch.bfloat16,sdpa,True,True,0.0,0.0
b1/pixels-changed/repeat/obs/1/step0,"[1, 93]",torch.float32,sdpa,True,True,0.0,0.0
b1/pixels-changed/repeat/obs/1/step1,"[1, 93]",torch.float32,sdpa,True,True,0.0,0.0
b1/pixels-changed/repeat/obs/1/step2,"[1, 93]",torch.float32,sdpa,True,True,0.0,0.0
b1/pixels-changed/repeat/obs/1/step3,"[1, 93]",torch.float32,sdpa,True,True,0.0,0.0
b1/pixels-changed/repeat/obs/1/step4,"[1, 93]",torch.float32,sdpa,True,True,0.0,0.0
b1/pixels-changed/repeat/obs/1/step5,"[1, 93]",torch.float32,sdpa,True,True,0.0,0.0
b1/pixels-changed/repeat/obs/1/step6,"[1, 93]",torch.float32,sdpa,True,True,0.0,0.0
b1/pixels-changed/repeat/obs/1/step7,"[1, 93]",torch.float32,sdpa,True,True,0.0,0.0
b1/pixels-changed/repeat/obs/1/step8,"[1, 93]",torch.float32,sdpa,True,True,0.0,0.0
b1/pixels-changed/repeat/obs/1/step9,"[1, 93]",torch.float32,sdpa,True,True,0.0,0.0
b1/pixels-changed/repeat/block0/0/step0,"[1, 30, 1536]",torch.bfloat16,sdpa,True,True,0.0,0.0
b1/pixels-changed/repeat/block0/0/step1,"[1, 30, 1536]",torch.bfloat16,sdpa,True,True,0.0,0.0
b1/pixels-changed/repeat/block0/0/step2,"[1, 30, 1536]",torch.bfloat16,sdpa,True,True,0.0,0.0
b1/pixels-changed/repeat/block0/0/step3,"[1, 30, 1536]",torch.bfloat16,sdpa,True,True,0.0,0.0
b1/pixels-changed/repeat/block0/0/step4,"[1, 30, 1536]",torch.bfloat16,sdpa,True,True,0.0,0.0
b1/pixels-changed/repeat/block0/0/step5,"[1, 30, 1536]",torch.bfloat16,sdpa,True,True,0.0,0.0
b1/pixels-changed/repeat/block0/0/step6,"[1, 30, 1536]",torch.bfloat16,sdpa,True,True,0.0,0.0
b1/pixels-changed/repeat/block0/0/step7,"[1, 30, 1536]",torch.bfloat16,sdpa,True,True,0.0,0.0
b1/pixels-changed/repeat/block0/0/step8,"[1, 30, 1536]",torch.bfloat16,sdpa,True,True,0.0,0.0
b1/pixels-changed/repeat/block0/0/step9,"[1, 30, 1536]",torch.bfloat16,sdpa,True,True,0.0,0.0
b1/pixels-changed/repeat/block0/1/step0,"[1, 93, 1536]",torch.bfloat16,sdpa,True,True,0.0,0.0
b1/pixels-changed/repeat/block0/1/step1,"[1, 93, 1536]",torch.bfloat16,sdpa,True,True,0.0,0.0
b1/pixels-changed/repeat/block0/1/step2,"[1, 93, 1536]",torch.bfloat16,sdpa,True,True,0.0,0.0
b1/pixels-changed/repeat/block0/1/step3,"[1, 93, 1536]",torch.bfloat16,sdpa,True,True,0.0,0.0
b1/pixels-changed/repeat/block0/1/step4,"[1, 93, 1536]",torch.bfloat16,sdpa,True,True,0.0,0.0
b1/pixels-changed/repeat/block0/1/step5,"[1, 93, 1536]",torch.bfloat16,sdpa,True,True,0.0,0.0
b1/pixels-changed/repeat/block0/1/step6,"[1, 93, 1536]",torch.bfloat16,sdpa,True,True,0.0,0.0
b1/pixels-changed/repeat/block0/1/step7,"[1, 93, 1536]",torch.bfloat16,sdpa,True,True,0.0,0.0
b1/pixels-changed/repeat/block0/1/step8,"[1, 93, 1536]",torch.bfloat16,sdpa,True,True,0.0,0.0
b1/pixels-changed/repeat/block0/1/step9,"[1, 93, 1536]",torch.bfloat16,sdpa,True,True,0.0,0.0
b1/pixels-changed/repeat/block1/0/step0,"[1, 30, 1536]",torch.bfloat16,sdpa,True,True,0.0,0.0
b1/pixels-changed/repeat/block1/0/step1,"[1, 30, 1536]",torch.bfloat16,sdpa,True,True,0.0,0.0
b1/pixels-changed/repeat/block1/0/step2,"[1, 30, 1536]",torch.bfloat16,sdpa,True,True,0.0,0.0
b1/pixels-changed/repeat/block1/0/step3,"[1, 30, 1536]",torch.bfloat16,sdpa,True,True,0.0,0.0
b1/pixels-changed/repeat/block1/0/step4,"[1, 30, 1536]",torch.bfloat16,sdpa,True,True,0.0,0.0
b1/pixels-changed/repeat/block1/0/step5,"[1, 30, 1536]",torch.bfloat16,sdpa,True,True,0.0,0.0
b1/pixels-changed/repeat/block1/0/step6,"[1, 30, 1536]",torch.bfloat16,sdpa,True,True,0.0,0.0
b1/pixels-changed/repeat/block1/0/step7,"[1, 30, 1536]",torch.bfloat16,sdpa,True,True,0.0,0.0
b1/pixels-changed/repeat/block1/0/step8,"[1, 30, 1536]",torch.bfloat16,sdpa,True,True,0.0,0.0
b1/pixels-changed/repeat/block1/0/step9,"[1, 30, 1536]",torch.bfloat16,sdpa,True,True,0.0,0.0
b1/pixels-changed/repeat/block1/1/step0,"[1, 93, 1536]",torch.bfloat16,sdpa,True,True,0.0,0.0
b1/pixels-changed/repeat/block1/1/step1,"[1, 93, 1536]",torch.bfloat16,sdpa,True,True,0.0,0.0
b1/pixels-changed/repeat/block1/1/step2,"[1, 93, 1536]",torch.bfloat16,sdpa,True,True,0.0,0.0
b1/pixels-changed/repeat/block1/1/step3,"[1, 93, 1536]",torch.bfloat16,sdpa,True,True,0.0,0.0
b1/pixels-changed/repeat/block1/1/step4,"[1, 93, 1536]",torch.bfloat16,sdpa,True,True,0.0,0.0
b1/pixels-changed/repeat/block1/1/step5,"[1, 93, 1536]",torch.bfloat16,sdpa,True,True,0.0,0.0
b1/pixels-changed/repeat/block1/1/step6,"[1, 93, 1536]",torch.bfloat16,sdpa,True,True,0.0,0.0
b1/pixels-changed/repeat/block1/1/step7,"[1, 93, 1536]",torch.bfloat16,sdpa,True,True,0.0,0.0
b1/pixels-changed/repeat/block1/1/step8,"[1, 93, 1536]",torch.bfloat16,sdpa,True,True,0.0,0.0
b1/pixels-changed/repeat/block1/1/step9,"[1, 93, 1536]",torch.bfloat16,sdpa,True,True,0.0,0.0
b1/pixels-changed/repeat/block2/0/step0,"[1, 30, 1536]",torch.bfloat16,sdpa,True,True,0.0,0.0
b1/pixels-changed/repeat/block2/0/step1,"[1, 30, 1536]",torch.bfloat16,sdpa,True,True,0.0,0.0
b1/pixels-changed/repeat/block2/0/step2,"[1, 30, 1536]",torch.bfloat16,sdpa,True,True,0.0,0.0
b1/pixels-changed/repeat/block2/0/step3,"[1, 30, 1536]",torch.bfloat16,sdpa,True,True,0.0,0.0
b1/pixels-changed/repeat/block2/0/step4,"[1, 30, 1536]",torch.bfloat16,sdpa,True,True,0.0,0.0
b1/pixels-changed/repeat/block2/0/step5,"[1, 30, 1536]",torch.bfloat16,sdpa,True,True,0.0,0.0
b1/pixels-changed/repeat/block2/0/step6,"[1, 30, 1536]",torch.bfloat16,sdpa,True,True,0.0,0.0
b1/pixels-changed/repeat/block2/0/step7,"[1, 30, 1536]",torch.bfloat16,sdpa,True,True,0.0,0.0
b1/pixels-changed/repeat/block2/0/step8,"[1, 30, 1536]",torch.bfloat16,sdpa,True,True,0.0,0.0
b1/pixels-changed/repeat/block2/0/step9,"[1, 30, 1536]",torch.bfloat16,sdpa,True,True,0.0,0.0
b1/pixels-changed/repeat/block2/1/step0,"[1, 93, 1536]",torch.bfloat16,sdpa,True,True,0.0,0.0
b1/pixels-changed/repeat/block2/1/step1,"[1, 93, 1536]",torch.bfloat16,sdpa,True,True,0.0,0.0
b1/pixels-changed/repeat/block2/1/step2,"[1, 93, 1536]",torch.bfloat16,sdpa,True,True,0.0,0.0
b1/pixels-changed/repeat/block2/1/step3,"[1, 93, 1536]",torch.bfloat16,sdpa,True,True,0.0,0.0
b1/pixels-changed/repeat/block2/1/step4,"[1, 93, 1536]",torch.bfloat16,sdpa,True,True,0.0,0.0
b1/pixels-changed/repeat/block2/1/step5,"[1, 93, 1536]",torch.bfloat16,sdpa,True,True,0.0,0.0
b1/pixels-changed/repeat/block2/1/step6,"[1, 93, 1536]",torch.bfloat16,sdpa,True,True,0.0,0.0
b1/pixels-changed/repeat/block2/1/step7,"[1, 93, 1536]",torch.bfloat16,sdpa,True,True,0.0,0.0
b1/pixels-changed/repeat/block2/1/step8,"[1, 93, 1536]",torch.bfloat16,sdpa,True,True,0.0,0.0
b1/pixels-changed/repeat/block2/1/step9,"[1, 93, 1536]",torch.bfloat16,sdpa,True,True,0.0,0.0
b1/pixels-changed/repeat/block3/0/step0,"[1, 30, 1536]",torch.bfloat16,sdpa,True,True,0.0,0.0
b1/pixels-changed/repeat/block3/0/step1,"[1, 30, 1536]",torch.bfloat16,sdpa,True,True,0.0,0.0
b1/pixels-changed/repeat/block3/0/step2,"[1, 30, 1536]",torch.bfloat16,sdpa,True,True,0.0,0.0
b1/pixels-changed/repeat/block3/0/step3,"[1, 30, 1536]",torch.bfloat16,sdpa,True,True,0.0,0.0
b1/pixels-changed/repeat/block3/0/step4,"[1, 30, 1536]",torch.bfloat16,sdpa,True,True,0.0,0.0
b1/pixels-changed/repeat/block3/0/step5,"[1, 30, 1536]",torch.bfloat16,sdpa,True,True,0.0,0.0
b1/pixels-changed/repeat/block3/0/step6,"[1, 30, 1536]",torch.bfloat16,sdpa,True,True,0.0,0.0
b1/pixels-changed/repeat/block3/0/step7,"[1, 30, 1536]",torch.bfloat16,sdpa,True,True,0.0,0.0
b1/pixels-changed/repeat/block3/0/step8,"[1, 30, 1536]",torch.bfloat16,sdpa,True,True,0.0,0.0
b1/pixels-changed/repeat/block3/0/step9,"[1, 30, 1536]",torch.bfloat16,sdpa,True,True,0.0,0.0
b1/pixels-changed/repeat/block3/1/step0,"[1, 93, 1536]",torch.bfloat16,sdpa,True,True,0.0,0.0
b1/pixels-changed/repeat/block3/1/step1,"[1, 93, 1536]",torch.bfloat16,sdpa,True,True,0.0,0.0
b1/pixels-changed/repeat/block3/1/step2,"[1, 93, 1536]",torch.bfloat16,sdpa,True,True,0.0,0.0
b1/pixels-changed/repeat/block3/1/step3,"[1, 93, 1536]",torch.bfloat16,sdpa,True,True,0.0,0.0
b1/pixels-changed/repeat/block3/1/step4,"[1, 93, 1536]",torch.bfloat16,sdpa,True,True,0.0,0.0
b1/pixels-changed/repeat/block3/1/step5,"[1, 93, 1536]",torch.bfloat16,sdpa,True,True,0.0,0.0
b1/pixels-changed/repeat/block3/1/step6,"[1, 93, 1536]",torch.bfloat16,sdpa,True,True,0.0,0.0
b1/pixels-changed/repeat/block3/1/step7,"[1, 93, 1536]",torch.bfloat16,sdpa,True,True,0.0,0.0
b1/pixels-changed/repeat/block3/1/step8,"[1, 93, 1536]",torch.bfloat16,sdpa,True,True,0.0,0.0
b1/pixels-changed/repeat/block3/1/step9,"[1, 93, 1536]",torch.bfloat16,sdpa,True,True,0.0,0.0
b1/pixels-changed/repeat/block4/0/step0,"[1, 30, 1536]",torch.bfloat16,sdpa,True,True,0.0,0.0
b1/pixels-changed/repeat/block4/0/step1,"[1, 30, 1536]",torch.bfloat16,sdpa,True,True,0.0,0.0
b1/pixels-changed/repeat/block4/0/step2,"[1, 30, 1536]",torch.bfloat16,sdpa,True,True,0.0,0.0
b1/pixels-changed/repeat/block4/0/step3,"[1, 30, 1536]",torch.bfloat16,sdpa,True,True,0.0,0.0
b1/pixels-changed/repeat/block4/0/step4,"[1, 30, 1536]",torch.bfloat16,sdpa,True,True,0.0,0.0
b1/pixels-changed/repeat/block4/0/step5,"[1, 30, 1536]",torch.bfloat16,sdpa,True,True,0.0,0.0
b1/pixels-changed/repeat/block4/0/step6,"[1, 30, 1536]",torch.bfloat16,sdpa,True,True,0.0,0.0
b1/pixels-changed/repeat/block4/0/step7,"[1, 30, 1536]",torch.bfloat16,sdpa,True,True,0.0,0.0
b1/pixels-changed/repeat/block4/0/step8,"[1, 30, 1536]",torch.bfloat16,sdpa,True,True,0.0,0.0
b1/pixels-changed/repeat/block4/0/step9,"[1, 30, 1536]",torch.bfloat16,sdpa,True,True,0.0,0.0
b1/pixels-changed/repeat/block4/1/step0,"[1, 93, 1536]",torch.bfloat16,sdpa,True,True,0.0,0.0
b1/pixels-changed/repeat/block4/1/step1,"[1, 93, 1536]",torch.bfloat16,sdpa,True,True,0.0,0.0
b1/pixels-changed/repeat/block4/1/step2,"[1, 93, 1536]",torch.bfloat16,sdpa,True,True,0.0,0.0
b1/pixels-changed/repeat/block4/1/step3,"[1, 93, 1536]",torch.bfloat16,sdpa,True,True,0.0,0.0
b1/pixels-changed/repeat/block4/1/step4,"[1, 93, 1536]",torch.bfloat16,sdpa,True,True,0.0,0.0
b1/pixels-changed/repeat/block4/1/step5,"[1, 93, 1536]",torch.bfloat16,sdpa,True,True,0.0,0.0
b1/pixels-changed/repeat/block4/1/step6,"[1, 93, 1536]",torch.bfloat16,sdpa,True,True,0.0,0.0
b1/pixels-changed/repeat/block4/1/step7,"[1, 93, 1536]",torch.bfloat16,sdpa,True,True,0.0,0.0
b1/pixels-changed/repeat/block4/1/step8,"[1, 93, 1536]",torch.bfloat16,sdpa,True,True,0.0,0.0
b1/pixels-changed/repeat/block4/1/step9,"[1, 93, 1536]",torch.bfloat16,sdpa,True,True,0.0,0.0
b1/pixels-changed/repeat/block5/0/step0,"[1, 30, 1536]",torch.bfloat16,sdpa,True,True,0.0,0.0
b1/pixels-changed/repeat/block5/0/step1,"[1, 30, 1536]",torch.bfloat16,sdpa,True,True,0.0,0.0
b1/pixels-changed/repeat/block5/0/step2,"[1, 30, 1536]",torch.bfloat16,sdpa,True,True,0.0,0.0
b1/pixels-changed/repeat/block5/0/step3,"[1, 30, 1536]",torch.bfloat16,sdpa,True,True,0.0,0.0
b1/pixels-changed/repeat/block5/0/step4,"[1, 30, 1536]",torch.bfloat16,sdpa,True,True,0.0,0.0
b1/pixels-changed/repeat/block5/0/step5,"[1, 30, 1536]",torch.bfloat16,sdpa,True,True,0.0,0.0
b1/pixels-changed/repeat/block5/0/step6,"[1, 30, 1536]",torch.bfloat16,sdpa,True,True,0.0,0.0
b1/pixels-changed/repeat/block5/0/step7,"[1, 30, 1536]",torch.bfloat16,sdpa,True,True,0.0,0.0
b1/pixels-changed/repeat/block5/0/step8,"[1, 30, 1536]",torch.bfloat16,sdpa,True,True,0.0,0.0
b1/pixels-changed/repeat/block5/0/step9,"[1, 30, 1536]",torch.bfloat16,sdpa,True,True,0.0,0.0
b1/pixels-changed/repeat/velocity/step0,"[1, 30, 78]",torch.bfloat16,sdpa,True,True,0.0,0.0
b1/pixels-changed/repeat/velocity/step1,"[1, 30, 78]",torch.bfloat16,sdpa,True,True,0.0,0.0
b1/pixels-changed/repeat/velocity/step2,"[1, 30, 78]",torch.bfloat16,sdpa,True,True,0.0,0.0
b1/pixels-changed/repeat/velocity/step3,"[1, 30, 78]",torch.bfloat16,sdpa,True,True,0.0,0.0
b1/pixels-changed/repeat/velocity/step4,"[1, 30, 78]",torch.bfloat16,sdpa,True,True,0.0,0.0
b1/pixels-changed/repeat/velocity/step5,"[1, 30, 78]",torch.bfloat16,sdpa,True,True,0.0,0.0
b1/pixels-changed/repeat/velocity/step6,"[1, 30, 78]",torch.bfloat16,sdpa,True,True,0.0,0.0
b1/pixels-changed/repeat/velocity/step7,"[1, 30, 78]",torch.bfloat16,sdpa,True,True,0.0,0.0
b1/pixels-changed/repeat/velocity/step8,"[1, 30, 78]",torch.bfloat16,sdpa,True,True,0.0,0.0
b1/pixels-changed/repeat/velocity/step9,"[1, 30, 78]",torch.bfloat16,sdpa,True,True,0.0,0.0
b1/pixels-changed/repeat/actions/step0,"[1, 30, 78]",torch.bfloat16,sdpa,True,True,0.0,0.0
b1/pixels-changed/repeat/actions/step1,"[1, 30, 78]",torch.bfloat16,sdpa,True,True,0.0,0.0
b1/pixels-changed/repeat/actions/step2,"[1, 30, 78]",torch.bfloat16,sdpa,True,True,0.0,0.0
b1/pixels-changed/repeat/actions/step3,"[1, 30, 78]",torch.bfloat16,sdpa,True,True,0.0,0.0
b1/pixels-changed/repeat/actions/step4,"[1, 30, 78]",torch.bfloat16,sdpa,True,True,0.0,0.0
b1/pixels-changed/repeat/actions/step5,"[1, 30, 78]",torch.bfloat16,sdpa,True,True,0.0,0.0
b1/pixels-changed/repeat/actions/step6,"[1, 30, 78]",torch.bfloat16,sdpa,True,True,0.0,0.0
b1/pixels-changed/repeat/actions/step7,"[1, 30, 78]",torch.bfloat16,sdpa,True,True,0.0,0.0
b1/pixels-changed/repeat/actions/step8,"[1, 30, 78]",torch.bfloat16,sdpa,True,True,0.0,0.0
b1/pixels-changed/repeat/actions/step9,"[1, 30, 78]",torch.bfloat16,sdpa,True,True,0.0,0.0
b1/pixels-changed/input_ids,"[1, 92]",torch.int64,sdpa,True,True,0.0,0.0
b1/pixels-changed/attention_mask,"[1, 92]",torch.bool,sdpa,True,True,0.0,0.0
b1/pixels-changed/image_grid_thw,"[1, 3]",torch.int64,sdpa,True,True,0.0,0.0
b1/pixels-changed/pixel_values,"[320, 1536]",torch.bfloat16,sdpa,True,True,0.0,0.0
b1/pixels-changed/positions,"[3, 1, 92]",torch.int64,sdpa,True,True,0.0,0.0
b1/pixels-changed/features,"[1, 1, 92, 2048]",torch.bfloat16,sdpa,True,True,0.0,0.0
b1/pixels-changed/final,"[1, 30, 78]",torch.float32,sdpa,True,False,0.01171875,0.0028080265037715435
b1/pixels-changed/time/0/step0,"[1, 1536]",torch.bfloat16,sdpa,True,True,0.0,0.0
b1/pixels-changed/time/0/step1,"[1, 1536]",torch.bfloat16,sdpa,True,True,0.0,0.0
b1/pixels-changed/time/0/step2,"[1, 1536]",torch.bfloat16,sdpa,True,True,0.0,0.0
b1/pixels-changed/time/0/step3,"[1, 1536]",torch.bfloat16,sdpa,True,True,0.0,0.0
b1/pixels-changed/time/0/step4,"[1, 1536]",torch.bfloat16,sdpa,True,True,0.0,0.0
b1/pixels-changed/time/0/step5,"[1, 1536]",torch.bfloat16,sdpa,True,True,0.0,0.0
b1/pixels-changed/time/0/step6,"[1, 1536]",torch.bfloat16,sdpa,True,True,0.0,0.0
b1/pixels-changed/time/0/step7,"[1, 1536]",torch.bfloat16,sdpa,True,True,0.0,0.0
b1/pixels-changed/time/0/step8,"[1, 1536]",torch.bfloat16,sdpa,True,True,0.0,0.0
b1/pixels-changed/time/0/step9,"[1, 1536]",torch.bfloat16,sdpa,True,True,0.0,0.0
b1/pixels-changed/action-in/0/step0,"[1, 30, 1536]",torch.bfloat16,sdpa,True,True,0.0,0.0
b1/pixels-changed/action-in/0/step1,"[1, 30, 1536]",torch.bfloat16,sdpa,True,False,0.00390625,0.0003364183648955077
b1/pixels-changed/action-in/0/step2,"[1, 30, 1536]",torch.bfloat16,sdpa,True,False,0.00390625,0.0004593015764839947
b1/pixels-changed/action-in/0/step3,"[1, 30, 1536]",torch.bfloat16,sdpa,True,False,0.00390625,0.0004471020365599543
b1/pixels-changed/action-in/0/step4,"[1, 30, 1536]",torch.bfloat16,sdpa,True,False,0.00390625,0.00045812412281520665
b1/pixels-changed/action-in/0/step5,"[1, 30, 1536]",torch.bfloat16,sdpa,True,False,0.0078125,0.0004568859876599163
b1/pixels-changed/action-in/0/step6,"[1, 30, 1536]",torch.bfloat16,sdpa,True,False,0.0078125,0.0004324816109146923
b1/pixels-changed/action-in/0/step7,"[1, 30, 1536]",torch.bfloat16,sdpa,True,False,0.00390625,0.0004402322811074555
b1/pixels-changed/action-in/0/step8,"[1, 30, 1536]",torch.bfloat16,sdpa,True,False,0.00390625,0.0004695458337664604
b1/pixels-changed/action-in/0/step9,"[1, 30, 1536]",torch.bfloat16,sdpa,True,False,0.00390625,0.000567083538044244
b1/pixels-changed/obs/0/step0,"[1, 93, 1536]",torch.bfloat16,sdpa,True,True,0.0,0.0
b1/pixels-changed/obs/1/step0,"[1, 93]",torch.bool,sdpa,True,True,0.0,0.0
b1/pixels-changed/block0/0/step0,"[1, 30, 1536]",torch.bfloat16,sdpa,True,True,0.0,0.0
b1/pixels-changed/block0/0/step1,"[1, 30, 1536]",torch.bfloat16,sdpa,True,False,0.0625,0.0035217187833040953
b1/pixels-changed/block0/0/step2,"[1, 30, 1536]",torch.bfloat16,sdpa,True,False,0.125,0.00460249837487936
b1/pixels-changed/block0/0/step3,"[1, 30, 1536]",torch.bfloat16,sdpa,True,False,0.0625,0.004966137930750847
b1/pixels-changed/block0/0/step4,"[1, 30, 1536]",torch.bfloat16,sdpa,True,False,0.125,0.005580014083534479
b1/pixels-changed/block0/0/step5,"[1, 30, 1536]",torch.bfloat16,sdpa,True,False,0.125,0.006115305237472057
b1/pixels-changed/block0/0/step6,"[1, 30, 1536]",torch.bfloat16,sdpa,True,False,0.125,0.006805967073887587
b1/pixels-changed/block0/0/step7,"[1, 30, 1536]",torch.bfloat16,sdpa,True,False,0.125,0.008554387837648392
b1/pixels-changed/block0/0/step8,"[1, 30, 1536]",torch.bfloat16,sdpa,True,False,0.125,0.012987131252884865
b1/pixels-changed/block0/0/step9,"[1, 30, 1536]",torch.bfloat16,sdpa,True,False,1.0,0.06836193799972534
b1/pixels-changed/block0/1/step0,"[1, 93, 1536]",torch.bfloat16,sdpa,True,True,0.0,0.0
b1/pixels-changed/block0/1/step1,"[1, 93, 1536]",torch.bfloat16,sdpa,True,False,1.0,0.008517821319401264
b1/pixels-changed/block0/1/step2,"[1, 93, 1536]",torch.bfloat16,sdpa,True,False,1.0,0.008910584263503551
b1/pixels-changed/block0/1/step3,"[1, 93, 1536]",torch.bfloat16,sdpa,True,False,2.0,0.009969606064260006
b1/pixels-changed/block0/1/step4,"[1, 93, 1536]",torch.bfloat16,sdpa,True,False,1.0,0.008730974979698658
b1/pixels-changed/block0/1/step5,"[1, 93, 1536]",torch.bfloat16,sdpa,True,False,2.0,0.009110954590141773
b1/pixels-changed/block0/1/step6,"[1, 93, 1536]",torch.bfloat16,sdpa,True,False,4.0,0.01869221031665802
b1/pixels-changed/block0/1/step7,"[1, 93, 1536]",torch.bfloat16,sdpa,True,False,1.0,0.009792464785277843
b1/pixels-changed/block0/1/step8,"[1, 93, 1536]",torch.bfloat16,sdpa,True,False,4.0,0.015724703669548035
b1/pixels-changed/block0/1/step9,"[1, 93, 1536]",torch.bfloat16,sdpa,True,False,4.0,0.03002617135643959
b1/pixels-changed/block1/0/step0,"[1, 30, 1536]",torch.bfloat16,sdpa,True,True,0.0,0.0
b1/pixels-changed/block1/0/step1,"[1, 30, 1536]",torch.bfloat16,sdpa,True,False,0.25,0.004899874329566956
b1/pixels-changed/block1/0/step2,"[1, 30, 1536]",torch.bfloat16,sdpa,True,False,0.125,0.005227982997894287
b1/pixels-changed/block1/0/step3,"[1, 30, 1536]",torch.bfloat16,sdpa,True,False,0.25,0.0054700942710042
b1/pixels-changed/block1/0/step4,"[1, 30, 1536]",torch.bfloat16,sdpa,True,False,0.25,0.006012233439832926
b1/pixels-changed/block1/0/step5,"[1, 30, 1536]",torch.bfloat16,sdpa,True,False,0.125,0.0062636095099151134
b1/pixels-changed/block1/0/step6,"[1, 30, 1536]",torch.bfloat16,sdpa,True,False,0.25,0.007113783620297909
b1/pixels-changed/block1/0/step7,"[1, 30, 1536]",torch.bfloat16,sdpa,True,False,0.25,0.008843264542520046
b1/pixels-changed/block1/0/step8,"[1, 30, 1536]",torch.bfloat16,sdpa,True,False,0.25,0.01341366395354271
b1/pixels-changed/block1/0/step9,"[1, 30, 1536]",torch.bfloat16,sdpa,True,False,1.0,0.0749368667602539
b1/pixels-changed/block1/1/step0,"[1, 93, 1536]",torch.bfloat16,sdpa,True,True,0.0,0.0
b1/pixels-changed/block1/1/step1,"[1, 93, 1536]",torch.bfloat16,sdpa,True,False,1.0,0.014461543411016464
b1/pixels-changed/block1/1/step2,"[1, 93, 1536]",torch.bfloat16,sdpa,True,False,1.0,0.013580968603491783
b1/pixels-changed/block1/1/step3,"[1, 93, 1536]",torch.bfloat16,sdpa,True,False,4.0,0.01896410621702671
b1/pixels-changed/block1/1/step4,"[1, 93, 1536]",torch.bfloat16,sdpa,True,False,4.0,0.021293725818395615
b1/pixels-changed/block1/1/step5,"[1, 93, 1536]",torch.bfloat16,sdpa,True,False,2.0,0.016269328072667122
b1/pixels-changed/block1/1/step6,"[1, 93, 1536]",torch.bfloat16,sdpa,True,False,4.0,0.023669419810175896
b1/pixels-changed/block1/1/step7,"[1, 93, 1536]",torch.bfloat16,sdpa,True,False,2.0,0.018546216189861298
b1/pixels-changed/block1/1/step8,"[1, 93, 1536]",torch.bfloat16,sdpa,True,False,4.0,0.02249201014637947
b1/pixels-changed/block1/1/step9,"[1, 93, 1536]",torch.bfloat16,sdpa,True,False,4.0,0.03697226196527481
b1/pixels-changed/block2/0/step0,"[1, 30, 1536]",torch.bfloat16,sdpa,True,True,0.0,0.0
b1/pixels-changed/block2/0/step1,"[1, 30, 1536]",torch.bfloat16,sdpa,True,False,0.5,0.0058000292629003525
b1/pixels-changed/block2/0/step2,"[1, 30, 1536]",torch.bfloat16,sdpa,True,False,0.25,0.005512795876711607
b1/pixels-changed/block2/0/step3,"[1, 30, 1536]",torch.bfloat16,sdpa,True,False,0.25,0.0058538406156003475
b1/pixels-changed/block2/0/step4,"[1, 30, 1536]",torch.bfloat16,sdpa,True,False,0.25,0.006130985915660858
b1/pixels-changed/block2/0/step5,"[1, 30, 1536]",torch.bfloat16,sdpa,True,False,0.25,0.006637418642640114
b1/pixels-changed/block2/0/step6,"[1, 30, 1536]",torch.bfloat16,sdpa,True,False,0.25,0.00739843538030982
b1/pixels-changed/block2/0/step7,"[1, 30, 1536]",torch.bfloat16,sdpa,True,False,0.25,0.009217621758580208
b1/pixels-changed/block2/0/step8,"[1, 30, 1536]",torch.bfloat16,sdpa,True,False,0.25,0.014048859477043152
b1/pixels-changed/block2/0/step9,"[1, 30, 1536]",torch.bfloat16,sdpa,True,False,1.0,0.08569557964801788
b1/pixels-changed/block2/1/step0,"[1, 93, 1536]",torch.bfloat16,sdpa,True,True,0.0,0.0
b1/pixels-changed/block2/1/step1,"[1, 93, 1536]",torch.bfloat16,sdpa,True,False,2.0,0.020449597388505936
b1/pixels-changed/block2/1/step2,"[1, 93, 1536]",torch.bfloat16,sdpa,True,False,4.0,0.025276726111769676
b1/pixels-changed/block2/1/step3,"[1, 93, 1536]",torch.bfloat16,sdpa,True,False,4.0,0.02704351767897606
b1/pixels-changed/block2/1/step4,"[1, 93, 1536]",torch.bfloat16,sdpa,True,False,4.0,0.031472284346818924
b1/pixels-changed/block2/1/step5,"[1, 93, 1536]",torch.bfloat16,sdpa,True,False,4.0,0.025619059801101685
b1/pixels-changed/block2/1/step6,"[1, 93, 1536]",torch.bfloat16,sdpa,True,False,4.0,0.027784740552306175
b1/pixels-changed/block2/1/step7,"[1, 93, 1536]",torch.bfloat16,sdpa,True,False,2.0,0.028842654079198837
b1/pixels-changed/block2/1/step8,"[1, 93, 1536]",torch.bfloat16,sdpa,True,False,4.0,0.028490528464317322
b1/pixels-changed/block2/1/step9,"[1, 93, 1536]",torch.bfloat16,sdpa,True,False,4.0,0.04684809222817421
b1/pixels-changed/block3/0/step0,"[1, 30, 1536]",torch.bfloat16,sdpa,True,True,0.0,0.0
b1/pixels-changed/block3/0/step1,"[1, 30, 1536]",torch.bfloat16,sdpa,True,False,0.5,0.006140577606856823
b1/pixels-changed/block3/0/step2,"[1, 30, 1536]",torch.bfloat16,sdpa,True,False,0.25,0.0057165538892149925
b1/pixels-changed/block3/0/step3,"[1, 30, 1536]",torch.bfloat16,sdpa,True,False,0.25,0.006324163172394037
b1/pixels-changed/block3/0/step4,"[1, 30, 1536]",torch.bfloat16,sdpa,True,False,0.25,0.0064971246756613255
b1/pixels-changed/block3/0/step5,"[1, 30, 1536]",torch.bfloat16,sdpa,True,False,0.25,0.006853762082755566
b1/pixels-changed/block3/0/step6,"[1, 30, 1536]",torch.bfloat16,sdpa,True,False,0.25,0.007693852297961712
b1/pixels-changed/block3/0/step7,"[1, 30, 1536]",torch.bfloat16,sdpa,True,False,0.25,0.009491716511547565
b1/pixels-changed/block3/0/step8,"[1, 30, 1536]",torch.bfloat16,sdpa,True,False,0.25,0.014581529423594475
b1/pixels-changed/block3/0/step9,"[1, 30, 1536]",torch.bfloat16,sdpa,True,False,3.7421875,0.2546531856060028
b1/pixels-changed/block3/1/step0,"[1, 93, 1536]",torch.bfloat16,sdpa,True,True,0.0,0.0
b1/pixels-changed/block3/1/step1,"[1, 93, 1536]",torch.bfloat16,sdpa,True,False,4.0,0.03896460309624672
b1/pixels-changed/block3/1/step2,"[1, 93, 1536]",torch.bfloat16,sdpa,True,False,4.0,0.03777522221207619
b1/pixels-changed/block3/1/step3,"[1, 93, 1536]",torch.bfloat16,sdpa,True,False,4.0,0.041429564356803894
b1/pixels-changed/block3/1/step4,"[1, 93, 1536]",torch.bfloat16,sdpa,True,False,8.0,0.044566888362169266
b1/pixels-changed/block3/1/step5,"[1, 93, 1536]",torch.bfloat16,sdpa,True,False,4.0,0.03948879614472389
b1/pixels-changed/block3/1/step6,"[1, 93, 1536]",torch.bfloat16,sdpa,True,False,4.0,0.04505779966711998
b1/pixels-changed/block3/1/step7,"[1, 93, 1536]",torch.bfloat16,sdpa,True,False,4.0,0.041925013065338135
b1/pixels-changed/block3/1/step8,"[1, 93, 1536]",torch.bfloat16,sdpa,True,False,4.0,0.04292728006839752
b1/pixels-changed/block3/1/step9,"[1, 93, 1536]",torch.bfloat16,sdpa,True,False,8.0,0.06736092269420624
b1/pixels-changed/block4/0/step0,"[1, 30, 1536]",torch.bfloat16,sdpa,True,True,0.0,0.0
b1/pixels-changed/block4/0/step1,"[1, 30, 1536]",torch.bfloat16,sdpa,True,False,0.5,0.007762540597468615
b1/pixels-changed/block4/0/step2,"[1, 30, 1536]",torch.bfloat16,sdpa,True,False,0.25,0.00688213249668479
b1/pixels-changed/block4/0/step3,"[1, 30, 1536]",torch.bfloat16,sdpa,True,False,0.25,0.007408209145069122
b1/pixels-changed/block4/0/step4,"[1, 30, 1536]",torch.bfloat16,sdpa,True,False,0.25,0.007516447454690933
b1/pixels-changed/block4/0/step5,"[1, 30, 1536]",torch.bfloat16,sdpa,True,False,0.25,0.008216354064643383
b1/pixels-changed/block4/0/step6,"[1, 30, 1536]",torch.bfloat16,sdpa,True,False,0.25,0.009493176825344563
b1/pixels-changed/block4/0/step7,"[1, 30, 1536]",torch.bfloat16,sdpa,True,False,0.25,0.011505840346217155
b1/pixels-changed/block4/0/step8,"[1, 30, 1536]",torch.bfloat16,sdpa,True,False,0.25,0.01593698002398014
b1/pixels-changed/block4/0/step9,"[1, 30, 1536]",torch.bfloat16,sdpa,True,False,6.078125,0.47839829325675964
b1/pixels-changed/block4/1/step0,"[1, 93, 1536]",torch.bfloat16,sdpa,True,True,0.0,0.0
b1/pixels-changed/block4/1/step1,"[1, 93, 1536]",torch.bfloat16,sdpa,True,False,4.0,0.054702091962099075
b1/pixels-changed/block4/1/step2,"[1, 93, 1536]",torch.bfloat16,sdpa,True,False,4.0,0.051926180720329285
b1/pixels-changed/block4/1/step3,"[1, 93, 1536]",torch.bfloat16,sdpa,True,False,8.0,0.060764022171497345
b1/pixels-changed/block4/1/step4,"[1, 93, 1536]",torch.bfloat16,sdpa,True,False,8.0,0.058723121881484985
b1/pixels-changed/block4/1/step5,"[1, 93, 1536]",torch.bfloat16,sdpa,True,False,8.0,0.05727074667811394
b1/pixels-changed/block4/1/step6,"[1, 93, 1536]",torch.bfloat16,sdpa,True,False,8.0,0.06724784523248672
b1/pixels-changed/block4/1/step7,"[1, 93, 1536]",torch.bfloat16,sdpa,True,False,8.0,0.056893542408943176
b1/pixels-changed/block4/1/step8,"[1, 93, 1536]",torch.bfloat16,sdpa,True,False,4.0,0.055350255221128464
b1/pixels-changed/block4/1/step9,"[1, 93, 1536]",torch.bfloat16,sdpa,True,False,8.0,0.10511725395917892
b1/pixels-changed/block5/0/step0,"[1, 30, 1536]",torch.bfloat16,sdpa,True,True,0.0,0.0
b1/pixels-changed/block5/0/step1,"[1, 30, 1536]",torch.bfloat16,sdpa,True,False,0.5,0.01562819443643093
b1/pixels-changed/block5/0/step2,"[1, 30, 1536]",torch.bfloat16,sdpa,True,False,0.5,0.013245879672467709
b1/pixels-changed/block5/0/step3,"[1, 30, 1536]",torch.bfloat16,sdpa,True,False,0.25,0.01308001484721899
b1/pixels-changed/block5/0/step4,"[1, 30, 1536]",torch.bfloat16,sdpa,True,False,0.5,0.012989930808544159
b1/pixels-changed/block5/0/step5,"[1, 30, 1536]",torch.bfloat16,sdpa,True,False,0.25,0.013723194599151611
b1/pixels-changed/block5/0/step6,"[1, 30, 1536]",torch.bfloat16,sdpa,True,False,0.25,0.01289632823318243
b1/pixels-changed/block5/0/step7,"[1, 30, 1536]",torch.bfloat16,sdpa,True,False,0.5,0.014805788174271584
b1/pixels-changed/block5/0/step8,"[1, 30, 1536]",torch.bfloat16,sdpa,True,False,0.375,0.01836055889725685
b1/pixels-changed/block5/0/step9,"[1, 30, 1536]",torch.bfloat16,sdpa,True,False,5.65625,0.5123523473739624
b1/pixels-changed/velocity/step0,"[1, 30, 78]",torch.bfloat16,sdpa,True,True,0.0,0.0
b1/pixels-changed/velocity/step1,"[1, 30, 78]",torch.bfloat16,sdpa,True,False,0.03125,0.005454148631542921
b1/pixels-changed/velocity/step2,"[1, 30, 78]",torch.bfloat16,sdpa,True,False,0.03125,0.005852550268173218
b1/pixels-changed/velocity/step3,"[1, 30, 78]",torch.bfloat16,sdpa,True,False,0.03125,0.006142894271761179
b1/pixels-changed/velocity/step4,"[1, 30, 78]",torch.bfloat16,sdpa,True,False,0.046875,0.00721169775351882
b1/pixels-changed/velocity/step5,"[1, 30, 78]",torch.bfloat16,sdpa,True,False,0.03125,0.008051370270550251
b1/pixels-changed/velocity/step6,"[1, 30, 78]",torch.bfloat16,sdpa,True,False,0.046875,0.009569474495947361
b1/pixels-changed/velocity/step7,"[1, 30, 78]",torch.bfloat16,sdpa,True,False,0.046875,0.013672090135514736
b1/pixels-changed/velocity/step8,"[1, 30, 78]",torch.bfloat16,sdpa,True,False,0.109375,0.02737470343708992
b1/pixels-changed/velocity/step9,"[1, 30, 78]",torch.bfloat16,sdpa,True,False,6.984375,0.6729418039321899
b1/pixels-changed/actions/step0,"[1, 30, 78]",torch.bfloat16,sdpa,True,False,0.015625,0.0009308893932029605
b1/pixels-changed/actions/step1,"[1, 30, 78]",torch.bfloat16,sdpa,True,False,0.015625,0.0016683500725775957
b1/pixels-changed/actions/step2,"[1, 30, 78]",torch.bfloat16,sdpa,True,False,0.015625,0.00201815995387733
b1/pixels-changed/actions/step3,"[1, 30, 78]",torch.bfloat16,sdpa,True,False,0.015625,0.002138751558959484
b1/pixels-changed/actions/step4,"[1, 30, 78]",torch.bfloat16,sdpa,True,False,0.01171875,0.002086569555103779
b1/pixels-changed/actions/step5,"[1, 30, 78]",torch.bfloat16,sdpa,True,False,0.009765625,0.002031107200309634
b1/pixels-changed/actions/step6,"[1, 30, 78]",torch.bfloat16,sdpa,True,False,0.0078125,0.0020084762945771217
b1/pixels-changed/actions/step7,"[1, 30, 78]",torch.bfloat16,sdpa,True,False,0.0078125,0.0020962588023394346
b1/pixels-changed/actions/step8,"[1, 30, 78]",torch.bfloat16,sdpa,True,False,0.01171875,0.0028673517517745495
b1/pixels-changed/actions/step9,"[1, 30, 78]",torch.bfloat16,sdpa,True,False,0.01171875,0.0028080265037715435
b1/pixels-changed/denormalized,"[1, 30, 78]",torch.float32,sdpa,True,False,0.009199218824505806,0.0013891514390707016
b1/mixed-grids/repeat/input_ids,"[1, 178]",torch.int64,sdpa,True,True,0.0,0.0
b1/mixed-grids/repeat/attention_mask,"[1, 178]",torch.bool,sdpa,True,True,0.0,0.0
b1/mixed-grids/repeat/image_grid_thw,"[1, 3]",torch.int64,sdpa,True,True,0.0,0.0
b1/mixed-grids/repeat/pixel_values,"[660, 1536]",torch.bfloat16,sdpa,True,True,0.0,0.0
b1/mixed-grids/repeat/positions,"[3, 1, 178]",torch.int64,sdpa,True,True,0.0,0.0
b1/mixed-grids/repeat/features,"[1, 1, 178, 2048]",torch.bfloat16,sdpa,True,True,0.0,0.0
b1/mixed-grids/repeat/final,"[1, 30, 78]",torch.float32,sdpa,True,True,0.0,0.0
b1/mixed-grids/repeat/time/0/step0,"[1, 1536]",torch.bfloat16,sdpa,True,True,0.0,0.0
b1/mixed-grids/repeat/time/0/step1,"[1, 1536]",torch.bfloat16,sdpa,True,True,0.0,0.0
b1/mixed-grids/repeat/time/0/step2,"[1, 1536]",torch.bfloat16,sdpa,True,True,0.0,0.0
b1/mixed-grids/repeat/time/0/step3,"[1, 1536]",torch.bfloat16,sdpa,True,True,0.0,0.0
b1/mixed-grids/repeat/time/0/step4,"[1, 1536]",torch.bfloat16,sdpa,True,True,0.0,0.0
b1/mixed-grids/repeat/time/0/step5,"[1, 1536]",torch.bfloat16,sdpa,True,True,0.0,0.0
b1/mixed-grids/repeat/time/0/step6,"[1, 1536]",torch.bfloat16,sdpa,True,True,0.0,0.0
b1/mixed-grids/repeat/time/0/step7,"[1, 1536]",torch.bfloat16,sdpa,True,True,0.0,0.0
b1/mixed-grids/repeat/time/0/step8,"[1, 1536]",torch.bfloat16,sdpa,True,True,0.0,0.0
b1/mixed-grids/repeat/time/0/step9,"[1, 1536]",torch.bfloat16,sdpa,True,True,0.0,0.0
b1/mixed-grids/repeat/action-in/0/step0,"[1, 30, 1536]",torch.bfloat16,sdpa,True,True,0.0,0.0
b1/mixed-grids/repeat/action-in/0/step1,"[1, 30, 1536]",torch.bfloat16,sdpa,True,True,0.0,0.0
b1/mixed-grids/repeat/action-in/0/step2,"[1, 30, 1536]",torch.bfloat16,sdpa,True,True,0.0,0.0
b1/mixed-grids/repeat/action-in/0/step3,"[1, 30, 1536]",torch.bfloat16,sdpa,True,True,0.0,0.0
b1/mixed-grids/repeat/action-in/0/step4,"[1, 30, 1536]",torch.bfloat16,sdpa,True,True,0.0,0.0
b1/mixed-grids/repeat/action-in/0/step5,"[1, 30, 1536]",torch.bfloat16,sdpa,True,True,0.0,0.0
b1/mixed-grids/repeat/action-in/0/step6,"[1, 30, 1536]",torch.bfloat16,sdpa,True,True,0.0,0.0
b1/mixed-grids/repeat/action-in/0/step7,"[1, 30, 1536]",torch.bfloat16,sdpa,True,True,0.0,0.0
b1/mixed-grids/repeat/action-in/0/step8,"[1, 30, 1536]",torch.bfloat16,sdpa,True,True,0.0,0.0
b1/mixed-grids/repeat/action-in/0/step9,"[1, 30, 1536]",torch.bfloat16,sdpa,True,True,0.0,0.0
b1/mixed-grids/repeat/obs/0/step0,"[1, 179, 1536]",torch.bfloat16,sdpa,True,True,0.0,0.0
b1/mixed-grids/repeat/obs/0/step1,"[1, 179, 1536]",torch.bfloat16,sdpa,True,True,0.0,0.0
b1/mixed-grids/repeat/obs/0/step2,"[1, 179, 1536]",torch.bfloat16,sdpa,True,True,0.0,0.0
b1/mixed-grids/repeat/obs/0/step3,"[1, 179, 1536]",torch.bfloat16,sdpa,True,True,0.0,0.0
b1/mixed-grids/repeat/obs/0/step4,"[1, 179, 1536]",torch.bfloat16,sdpa,True,True,0.0,0.0
b1/mixed-grids/repeat/obs/0/step5,"[1, 179, 1536]",torch.bfloat16,sdpa,True,True,0.0,0.0
b1/mixed-grids/repeat/obs/0/step6,"[1, 179, 1536]",torch.bfloat16,sdpa,True,True,0.0,0.0
b1/mixed-grids/repeat/obs/0/step7,"[1, 179, 1536]",torch.bfloat16,sdpa,True,True,0.0,0.0
b1/mixed-grids/repeat/obs/0/step8,"[1, 179, 1536]",torch.bfloat16,sdpa,True,True,0.0,0.0
b1/mixed-grids/repeat/obs/0/step9,"[1, 179, 1536]",torch.bfloat16,sdpa,True,True,0.0,0.0
b1/mixed-grids/repeat/obs/1/step0,"[1, 179]",torch.float32,sdpa,True,True,0.0,0.0
b1/mixed-grids/repeat/obs/1/step1,"[1, 179]",torch.float32,sdpa,True,True,0.0,0.0
b1/mixed-grids/repeat/obs/1/step2,"[1, 179]",torch.float32,sdpa,True,True,0.0,0.0
b1/mixed-grids/repeat/obs/1/step3,"[1, 179]",torch.float32,sdpa,True,True,0.0,0.0
b1/mixed-grids/repeat/obs/1/step4,"[1, 179]",torch.float32,sdpa,True,True,0.0,0.0
b1/mixed-grids/repeat/obs/1/step5,"[1, 179]",torch.float32,sdpa,True,True,0.0,0.0
b1/mixed-grids/repeat/obs/1/step6,"[1, 179]",torch.float32,sdpa,True,True,0.0,0.0
b1/mixed-grids/repeat/obs/1/step7,"[1, 179]",torch.float32,sdpa,True,True,0.0,0.0
b1/mixed-grids/repeat/obs/1/step8,"[1, 179]",torch.float32,sdpa,True,True,0.0,0.0
b1/mixed-grids/repeat/obs/1/step9,"[1, 179]",torch.float32,sdpa,True,True,0.0,0.0
b1/mixed-grids/repeat/block0/0/step0,"[1, 30, 1536]",torch.bfloat16,sdpa,True,True,0.0,0.0
b1/mixed-grids/repeat/block0/0/step1,"[1, 30, 1536]",torch.bfloat16,sdpa,True,True,0.0,0.0
b1/mixed-grids/repeat/block0/0/step2,"[1, 30, 1536]",torch.bfloat16,sdpa,True,True,0.0,0.0
b1/mixed-grids/repeat/block0/0/step3,"[1, 30, 1536]",torch.bfloat16,sdpa,True,True,0.0,0.0
b1/mixed-grids/repeat/block0/0/step4,"[1, 30, 1536]",torch.bfloat16,sdpa,True,True,0.0,0.0
b1/mixed-grids/repeat/block0/0/step5,"[1, 30, 1536]",torch.bfloat16,sdpa,True,True,0.0,0.0
b1/mixed-grids/repeat/block0/0/step6,"[1, 30, 1536]",torch.bfloat16,sdpa,True,True,0.0,0.0
b1/mixed-grids/repeat/block0/0/step7,"[1, 30, 1536]",torch.bfloat16,sdpa,True,True,0.0,0.0
b1/mixed-grids/repeat/block0/0/step8,"[1, 30, 1536]",torch.bfloat16,sdpa,True,True,0.0,0.0
b1/mixed-grids/repeat/block0/0/step9,"[1, 30, 1536]",torch.bfloat16,sdpa,True,True,0.0,0.0
b1/mixed-grids/repeat/block0/1/step0,"[1, 179, 1536]",torch.bfloat16,sdpa,True,True,0.0,0.0
b1/mixed-grids/repeat/block0/1/step1,"[1, 179, 1536]",torch.bfloat16,sdpa,True,True,0.0,0.0
b1/mixed-grids/repeat/block0/1/step2,"[1, 179, 1536]",torch.bfloat16,sdpa,True,True,0.0,0.0
b1/mixed-grids/repeat/block0/1/step3,"[1, 179, 1536]",torch.bfloat16,sdpa,True,True,0.0,0.0
b1/mixed-grids/repeat/block0/1/step4,"[1, 179, 1536]",torch.bfloat16,sdpa,True,True,0.0,0.0
b1/mixed-grids/repeat/block0/1/step5,"[1, 179, 1536]",torch.bfloat16,sdpa,True,True,0.0,0.0
b1/mixed-grids/repeat/block0/1/step6,"[1, 179, 1536]",torch.bfloat16,sdpa,True,True,0.0,0.0
b1/mixed-grids/repeat/block0/1/step7,"[1, 179, 1536]",torch.bfloat16,sdpa,True,True,0.0,0.0
b1/mixed-grids/repeat/block0/1/step8,"[1, 179, 1536]",torch.bfloat16,sdpa,True,True,0.0,0.0
b1/mixed-grids/repeat/block0/1/step9,"[1, 179, 1536]",torch.bfloat16,sdpa,True,True,0.0,0.0
b1/mixed-grids/repeat/block1/0/step0,"[1, 30, 1536]",torch.bfloat16,sdpa,True,True,0.0,0.0
b1/mixed-grids/repeat/block1/0/step1,"[1, 30, 1536]",torch.bfloat16,sdpa,True,True,0.0,0.0
b1/mixed-grids/repeat/block1/0/step2,"[1, 30, 1536]",torch.bfloat16,sdpa,True,True,0.0,0.0
b1/mixed-grids/repeat/block1/0/step3,"[1, 30, 1536]",torch.bfloat16,sdpa,True,True,0.0,0.0
b1/mixed-grids/repeat/block1/0/step4,"[1, 30, 1536]",torch.bfloat16,sdpa,True,True,0.0,0.0
b1/mixed-grids/repeat/block1/0/step5,"[1, 30, 1536]",torch.bfloat16,sdpa,True,True,0.0,0.0
b1/mixed-grids/repeat/block1/0/step6,"[1, 30, 1536]",torch.bfloat16,sdpa,True,True,0.0,0.0
b1/mixed-grids/repeat/block1/0/step7,"[1, 30, 1536]",torch.bfloat16,sdpa,True,True,0.0,0.0
b1/mixed-grids/repeat/block1/0/step8,"[1, 30, 1536]",torch.bfloat16,sdpa,True,True,0.0,0.0
b1/mixed-grids/repeat/block1/0/step9,"[1, 30, 1536]",torch.bfloat16,sdpa,True,True,0.0,0.0
b1/mixed-grids/repeat/block1/1/step0,"[1, 179, 1536]",torch.bfloat16,sdpa,True,True,0.0,0.0
b1/mixed-grids/repeat/block1/1/step1,"[1, 179, 1536]",torch.bfloat16,sdpa,True,True,0.0,0.0
b1/mixed-grids/repeat/block1/1/step2,"[1, 179, 1536]",torch.bfloat16,sdpa,True,True,0.0,0.0
b1/mixed-grids/repeat/block1/1/step3,"[1, 179, 1536]",torch.bfloat16,sdpa,True,True,0.0,0.0
b1/mixed-grids/repeat/block1/1/step4,"[1, 179, 1536]",torch.bfloat16,sdpa,True,True,0.0,0.0
b1/mixed-grids/repeat/block1/1/step5,"[1, 179, 1536]",torch.bfloat16,sdpa,True,True,0.0,0.0
b1/mixed-grids/repeat/block1/1/step6,"[1, 179, 1536]",torch.bfloat16,sdpa,True,True,0.0,0.0
b1/mixed-grids/repeat/block1/1/step7,"[1, 179, 1536]",torch.bfloat16,sdpa,True,True,0.0,0.0
b1/mixed-grids/repeat/block1/1/step8,"[1, 179, 1536]",torch.bfloat16,sdpa,True,True,0.0,0.0
b1/mixed-grids/repeat/block1/1/step9,"[1, 179, 1536]",torch.bfloat16,sdpa,True,True,0.0,0.0
b1/mixed-grids/repeat/block2/0/step0,"[1, 30, 1536]",torch.bfloat16,sdpa,True,True,0.0,0.0
b1/mixed-grids/repeat/block2/0/step1,"[1, 30, 1536]",torch.bfloat16,sdpa,True,True,0.0,0.0
b1/mixed-grids/repeat/block2/0/step2,"[1, 30, 1536]",torch.bfloat16,sdpa,True,True,0.0,0.0
b1/mixed-grids/repeat/block2/0/step3,"[1, 30, 1536]",torch.bfloat16,sdpa,True,True,0.0,0.0
b1/mixed-grids/repeat/block2/0/step4,"[1, 30, 1536]",torch.bfloat16,sdpa,True,True,0.0,0.0
b1/mixed-grids/repeat/block2/0/step5,"[1, 30, 1536]",torch.bfloat16,sdpa,True,True,0.0,0.0
b1/mixed-grids/repeat/block2/0/step6,"[1, 30, 1536]",torch.bfloat16,sdpa,True,True,0.0,0.0
b1/mixed-grids/repeat/block2/0/step7,"[1, 30, 1536]",torch.bfloat16,sdpa,True,True,0.0,0.0
b1/mixed-grids/repeat/block2/0/step8,"[1, 30, 1536]",torch.bfloat16,sdpa,True,True,0.0,0.0
b1/mixed-grids/repeat/block2/0/step9,"[1, 30, 1536]",torch.bfloat16,sdpa,True,True,0.0,0.0
b1/mixed-grids/repeat/block2/1/step0,"[1, 179, 1536]",torch.bfloat16,sdpa,True,True,0.0,0.0
b1/mixed-grids/repeat/block2/1/step1,"[1, 179, 1536]",torch.bfloat16,sdpa,True,True,0.0,0.0
b1/mixed-grids/repeat/block2/1/step2,"[1, 179, 1536]",torch.bfloat16,sdpa,True,True,0.0,0.0
b1/mixed-grids/repeat/block2/1/step3,"[1, 179, 1536]",torch.bfloat16,sdpa,True,True,0.0,0.0
b1/mixed-grids/repeat/block2/1/step4,"[1, 179, 1536]",torch.bfloat16,sdpa,True,True,0.0,0.0
b1/mixed-grids/repeat/block2/1/step5,"[1, 179, 1536]",torch.bfloat16,sdpa,True,True,0.0,0.0
b1/mixed-grids/repeat/block2/1/step6,"[1, 179, 1536]",torch.bfloat16,sdpa,True,True,0.0,0.0
b1/mixed-grids/repeat/block2/1/step7,"[1, 179, 1536]",torch.bfloat16,sdpa,True,True,0.0,0.0
b1/mixed-grids/repeat/block2/1/step8,"[1, 179, 1536]",torch.bfloat16,sdpa,True,True,0.0,0.0
b1/mixed-grids/repeat/block2/1/step9,"[1, 179, 1536]",torch.bfloat16,sdpa,True,True,0.0,0.0
b1/mixed-grids/repeat/block3/0/step0,"[1, 30, 1536]",torch.bfloat16,sdpa,True,True,0.0,0.0
b1/mixed-grids/repeat/block3/0/step1,"[1, 30, 1536]",torch.bfloat16,sdpa,True,True,0.0,0.0
b1/mixed-grids/repeat/block3/0/step2,"[1, 30, 1536]",torch.bfloat16,sdpa,True,True,0.0,0.0
b1/mixed-grids/repeat/block3/0/step3,"[1, 30, 1536]",torch.bfloat16,sdpa,True,True,0.0,0.0
b1/mixed-grids/repeat/block3/0/step4,"[1, 30, 1536]",torch.bfloat16,sdpa,True,True,0.0,0.0
b1/mixed-grids/repeat/block3/0/step5,"[1, 30, 1536]",torch.bfloat16,sdpa,True,True,0.0,0.0
b1/mixed-grids/repeat/block3/0/step6,"[1, 30, 1536]",torch.bfloat16,sdpa,True,True,0.0,0.0
b1/mixed-grids/repeat/block3/0/step7,"[1, 30, 1536]",torch.bfloat16,sdpa,True,True,0.0,0.0
b1/mixed-grids/repeat/block3/0/step8,"[1, 30, 1536]",torch.bfloat16,sdpa,True,True,0.0,0.0
b1/mixed-grids/repeat/block3/0/step9,"[1, 30, 1536]",torch.bfloat16,sdpa,True,True,0.0,0.0
b1/mixed-grids/repeat/block3/1/step0,"[1, 179, 1536]",torch.bfloat16,sdpa,True,True,0.0,0.0
b1/mixed-grids/repeat/block3/1/step1,"[1, 179, 1536]",torch.bfloat16,sdpa,True,True,0.0,0.0
b1/mixed-grids/repeat/block3/1/step2,"[1, 179, 1536]",torch.bfloat16,sdpa,True,True,0.0,0.0
b1/mixed-grids/repeat/block3/1/step3,"[1, 179, 1536]",torch.bfloat16,sdpa,True,True,0.0,0.0
b1/mixed-grids/repeat/block3/1/step4,"[1, 179, 1536]",torch.bfloat16,sdpa,True,True,0.0,0.0
b1/mixed-grids/repeat/block3/1/step5,"[1, 179, 1536]",torch.bfloat16,sdpa,True,True,0.0,0.0
b1/mixed-grids/repeat/block3/1/step6,"[1, 179, 1536]",torch.bfloat16,sdpa,True,True,0.0,0.0
b1/mixed-grids/repeat/block3/1/step7,"[1, 179, 1536]",torch.bfloat16,sdpa,True,True,0.0,0.0
b1/mixed-grids/repeat/block3/1/step8,"[1, 179, 1536]",torch.bfloat16,sdpa,True,True,0.0,0.0
b1/mixed-grids/repeat/block3/1/step9,"[1, 179, 1536]",torch.bfloat16,sdpa,True,True,0.0,0.0
b1/mixed-grids/repeat/block4/0/step0,"[1, 30, 1536]",torch.bfloat16,sdpa,True,True,0.0,0.0
b1/mixed-grids/repeat/block4/0/step1,"[1, 30, 1536]",torch.bfloat16,sdpa,True,True,0.0,0.0
b1/mixed-grids/repeat/block4/0/step2,"[1, 30, 1536]",torch.bfloat16,sdpa,True,True,0.0,0.0
b1/mixed-grids/repeat/block4/0/step3,"[1, 30, 1536]",torch.bfloat16,sdpa,True,True,0.0,0.0
b1/mixed-grids/repeat/block4/0/step4,"[1, 30, 1536]",torch.bfloat16,sdpa,True,True,0.0,0.0
b1/mixed-grids/repeat/block4/0/step5,"[1, 30, 1536]",torch.bfloat16,sdpa,True,True,0.0,0.0
b1/mixed-grids/repeat/block4/0/step6,"[1, 30, 1536]",torch.bfloat16,sdpa,True,True,0.0,0.0
b1/mixed-grids/repeat/block4/0/step7,"[1, 30, 1536]",torch.bfloat16,sdpa,True,True,0.0,0.0
b1/mixed-grids/repeat/block4/0/step8,"[1, 30, 1536]",torch.bfloat16,sdpa,True,True,0.0,0.0
b1/mixed-grids/repeat/block4/0/step9,"[1, 30, 1536]",torch.bfloat16,sdpa,True,True,0.0,0.0
b1/mixed-grids/repeat/block4/1/step0,"[1, 179, 1536]",torch.bfloat16,sdpa,True,True,0.0,0.0
b1/mixed-grids/repeat/block4/1/step1,"[1, 179, 1536]",torch.bfloat16,sdpa,True,True,0.0,0.0
b1/mixed-grids/repeat/block4/1/step2,"[1, 179, 1536]",torch.bfloat16,sdpa,True,True,0.0,0.0
b1/mixed-grids/repeat/block4/1/step3,"[1, 179, 1536]",torch.bfloat16,sdpa,True,True,0.0,0.0
b1/mixed-grids/repeat/block4/1/step4,"[1, 179, 1536]",torch.bfloat16,sdpa,True,True,0.0,0.0
b1/mixed-grids/repeat/block4/1/step5,"[1, 179, 1536]",torch.bfloat16,sdpa,True,True,0.0,0.0
b1/mixed-grids/repeat/block4/1/step6,"[1, 179, 1536]",torch.bfloat16,sdpa,True,True,0.0,0.0
b1/mixed-grids/repeat/block4/1/step7,"[1, 179, 1536]",torch.bfloat16,sdpa,True,True,0.0,0.0
b1/mixed-grids/repeat/block4/1/step8,"[1, 179, 1536]",torch.bfloat16,sdpa,True,True,0.0,0.0
b1/mixed-grids/repeat/block4/1/step9,"[1, 179, 1536]",torch.bfloat16,sdpa,True,True,0.0,0.0
b1/mixed-grids/repeat/block5/0/step0,"[1, 30, 1536]",torch.bfloat16,sdpa,True,True,0.0,0.0
b1/mixed-grids/repeat/block5/0/step1,"[1, 30, 1536]",torch.bfloat16,sdpa,True,True,0.0,0.0
b1/mixed-grids/repeat/block5/0/step2,"[1, 30, 1536]",torch.bfloat16,sdpa,True,True,0.0,0.0
b1/mixed-grids/repeat/block5/0/step3,"[1, 30, 1536]",torch.bfloat16,sdpa,True,True,0.0,0.0
b1/mixed-grids/repeat/block5/0/step4,"[1, 30, 1536]",torch.bfloat16,sdpa,True,True,0.0,0.0
b1/mixed-grids/repeat/block5/0/step5,"[1, 30, 1536]",torch.bfloat16,sdpa,True,True,0.0,0.0
b1/mixed-grids/repeat/block5/0/step6,"[1, 30, 1536]",torch.bfloat16,sdpa,True,True,0.0,0.0
b1/mixed-grids/repeat/block5/0/step7,"[1, 30, 1536]",torch.bfloat16,sdpa,True,True,0.0,0.0
b1/mixed-grids/repeat/block5/0/step8,"[1, 30, 1536]",torch.bfloat16,sdpa,True,True,0.0,0.0
b1/mixed-grids/repeat/block5/0/step9,"[1, 30, 1536]",torch.bfloat16,sdpa,True,True,0.0,0.0
b1/mixed-grids/repeat/velocity/step0,"[1, 30, 78]",torch.bfloat16,sdpa,True,True,0.0,0.0
b1/mixed-grids/repeat/velocity/step1,"[1, 30, 78]",torch.bfloat16,sdpa,True,True,0.0,0.0
b1/mixed-grids/repeat/velocity/step2,"[1, 30, 78]",torch.bfloat16,sdpa,True,True,0.0,0.0
b1/mixed-grids/repeat/velocity/step3,"[1, 30, 78]",torch.bfloat16,sdpa,True,True,0.0,0.0
b1/mixed-grids/repeat/velocity/step4,"[1, 30, 78]",torch.bfloat16,sdpa,True,True,0.0,0.0
b1/mixed-grids/repeat/velocity/step5,"[1, 30, 78]",torch.bfloat16,sdpa,True,True,0.0,0.0
b1/mixed-grids/repeat/velocity/step6,"[1, 30, 78]",torch.bfloat16,sdpa,True,True,0.0,0.0
b1/mixed-grids/repeat/velocity/step7,"[1, 30, 78]",torch.bfloat16,sdpa,True,True,0.0,0.0
b1/mixed-grids/repeat/velocity/step8,"[1, 30, 78]",torch.bfloat16,sdpa,True,True,0.0,0.0
b1/mixed-grids/repeat/velocity/step9,"[1, 30, 78]",torch.bfloat16,sdpa,True,True,0.0,0.0
b1/mixed-grids/repeat/actions/step0,"[1, 30, 78]",torch.bfloat16,sdpa,True,True,0.0,0.0
b1/mixed-grids/repeat/actions/step1,"[1, 30, 78]",torch.bfloat16,sdpa,True,True,0.0,0.0
b1/mixed-grids/repeat/actions/step2,"[1, 30, 78]",torch.bfloat16,sdpa,True,True,0.0,0.0
b1/mixed-grids/repeat/actions/step3,"[1, 30, 78]",torch.bfloat16,sdpa,True,True,0.0,0.0
b1/mixed-grids/repeat/actions/step4,"[1, 30, 78]",torch.bfloat16,sdpa,True,True,0.0,0.0
b1/mixed-grids/repeat/actions/step5,"[1, 30, 78]",torch.bfloat16,sdpa,True,True,0.0,0.0
b1/mixed-grids/repeat/actions/step6,"[1, 30, 78]",torch.bfloat16,sdpa,True,True,0.0,0.0
b1/mixed-grids/repeat/actions/step7,"[1, 30, 78]",torch.bfloat16,sdpa,True,True,0.0,0.0
b1/mixed-grids/repeat/actions/step8,"[1, 30, 78]",torch.bfloat16,sdpa,True,True,0.0,0.0
b1/mixed-grids/repeat/actions/step9,"[1, 30, 78]",torch.bfloat16,sdpa,True,True,0.0,0.0
b1/mixed-grids/input_ids,"[1, 178]",torch.int64,sdpa,True,True,0.0,0.0
b1/mixed-grids/attention_mask,"[1, 178]",torch.bool,sdpa,True,True,0.0,0.0
b1/mixed-grids/image_grid_thw,"[1, 3]",torch.int64,sdpa,True,True,0.0,0.0
b1/mixed-grids/pixel_values,"[660, 1536]",torch.bfloat16,sdpa,True,True,0.0,0.0
b1/mixed-grids/positions,"[3, 1, 178]",torch.int64,sdpa,True,True,0.0,0.0
b1/mixed-grids/features,"[1, 1, 178, 2048]",torch.bfloat16,sdpa,True,True,0.0,0.0
b1/mixed-grids/final,"[1, 30, 78]",torch.float32,sdpa,True,False,0.009765625,0.0025061341002583504
b1/mixed-grids/time/0/step0,"[1, 1536]",torch.bfloat16,sdpa,True,True,0.0,0.0
b1/mixed-grids/time/0/step1,"[1, 1536]",torch.bfloat16,sdpa,True,True,0.0,0.0
b1/mixed-grids/time/0/step2,"[1, 1536]",torch.bfloat16,sdpa,True,True,0.0,0.0
b1/mixed-grids/time/0/step3,"[1, 1536]",torch.bfloat16,sdpa,True,True,0.0,0.0
b1/mixed-grids/time/0/step4,"[1, 1536]",torch.bfloat16,sdpa,True,True,0.0,0.0
b1/mixed-grids/time/0/step5,"[1, 1536]",torch.bfloat16,sdpa,True,True,0.0,0.0
b1/mixed-grids/time/0/step6,"[1, 1536]",torch.bfloat16,sdpa,True,True,0.0,0.0
b1/mixed-grids/time/0/step7,"[1, 1536]",torch.bfloat16,sdpa,True,True,0.0,0.0
b1/mixed-grids/time/0/step8,"[1, 1536]",torch.bfloat16,sdpa,True,True,0.0,0.0
b1/mixed-grids/time/0/step9,"[1, 1536]",torch.bfloat16,sdpa,True,True,0.0,0.0
b1/mixed-grids/action-in/0/step0,"[1, 30, 1536]",torch.bfloat16,sdpa,True,True,0.0,0.0
b1/mixed-grids/action-in/0/step1,"[1, 30, 1536]",torch.bfloat16,sdpa,True,False,0.00390625,0.0003190969000570476
b1/mixed-grids/action-in/0/step2,"[1, 30, 1536]",torch.bfloat16,sdpa,True,False,0.00390625,0.00043123093200847507
b1/mixed-grids/action-in/0/step3,"[1, 30, 1536]",torch.bfloat16,sdpa,True,False,0.00390625,0.00045603103353641927
b1/mixed-grids/action-in/0/step4,"[1, 30, 1536]",torch.bfloat16,sdpa,True,False,0.00390625,0.0004448880790732801
b1/mixed-grids/action-in/0/step5,"[1, 30, 1536]",torch.bfloat16,sdpa,True,False,0.0078125,0.000439988769358024
b1/mixed-grids/action-in/0/step6,"[1, 30, 1536]",torch.bfloat16,sdpa,True,False,0.00390625,0.0004256007669027895
b1/mixed-grids/action-in/0/step7,"[1, 30, 1536]",torch.bfloat16,sdpa,True,False,0.00390625,0.00040731215267442167
b1/mixed-grids/action-in/0/step8,"[1, 30, 1536]",torch.bfloat16,sdpa,True,False,0.00390625,0.00042095326352864504
b1/mixed-grids/action-in/0/step9,"[1, 30, 1536]",torch.bfloat16,sdpa,True,False,0.0078125,0.0005250671529211104
b1/mixed-grids/obs/0/step0,"[1, 179, 1536]",torch.bfloat16,sdpa,True,True,0.0,0.0
b1/mixed-grids/obs/1/step0,"[1, 179]",torch.bool,sdpa,True,True,0.0,0.0
b1/mixed-grids/block0/0/step0,"[1, 30, 1536]",torch.bfloat16,sdpa,True,True,0.0,0.0
b1/mixed-grids/block0/0/step1,"[1, 30, 1536]",torch.bfloat16,sdpa,True,False,0.0625,0.0035192014183849096
b1/mixed-grids/block0/0/step2,"[1, 30, 1536]",torch.bfloat16,sdpa,True,False,0.125,0.004621792118996382
b1/mixed-grids/block0/0/step3,"[1, 30, 1536]",torch.bfloat16,sdpa,True,False,0.125,0.005167554598301649
b1/mixed-grids/block0/0/step4,"[1, 30, 1536]",torch.bfloat16,sdpa,True,False,0.125,0.005757248494774103
b1/mixed-grids/block0/0/step5,"[1, 30, 1536]",torch.bfloat16,sdpa,True,False,0.1875,0.006309705786406994
b1/mixed-grids/block0/0/step6,"[1, 30, 1536]",torch.bfloat16,sdpa,True,False,0.125,0.00674189580604434
b1/mixed-grids/block0/0/step7,"[1, 30, 1536]",torch.bfloat16,sdpa,True,False,0.125,0.007885554805397987
b1/mixed-grids/block0/0/step8,"[1, 30, 1536]",torch.bfloat16,sdpa,True,False,0.135498046875,0.01113854069262743
b1/mixed-grids/block0/0/step9,"[1, 30, 1536]",torch.bfloat16,sdpa,True,False,1.0,0.0653727650642395
b1/mixed-grids/block0/1/step0,"[1, 179, 1536]",torch.bfloat16,sdpa,True,True,0.0,0.0
b1/mixed-grids/block0/1/step1,"[1, 179, 1536]",torch.bfloat16,sdpa,True,False,2.0,0.008967427536845207
b1/mixed-grids/block0/1/step2,"[1, 179, 1536]",torch.bfloat16,sdpa,True,False,1.0,0.006504306104034185
b1/mixed-grids/block0/1/step3,"[1, 179, 1536]",torch.bfloat16,sdpa,True,False,2.0,0.008121280930936337
b1/mixed-grids/block0/1/step4,"[1, 179, 1536]",torch.bfloat16,sdpa,True,False,4.0,0.011118754744529724
b1/mixed-grids/block0/1/step5,"[1, 179, 1536]",torch.bfloat16,sdpa,True,False,1.0,0.008012721315026283
b1/mixed-grids/block0/1/step6,"[1, 179, 1536]",torch.bfloat16,sdpa,True,False,8.0,0.02106350101530552
b1/mixed-grids/block0/1/step7,"[1, 179, 1536]",torch.bfloat16,sdpa,True,False,4.0,0.01652836985886097
b1/mixed-grids/block0/1/step8,"[1, 179, 1536]",torch.bfloat16,sdpa,True,False,8.0,0.01930493675172329
b1/mixed-grids/block0/1/step9,"[1, 179, 1536]",torch.bfloat16,sdpa,True,False,4.0,0.029372887685894966
b1/mixed-grids/block1/0/step0,"[1, 30, 1536]",torch.bfloat16,sdpa,True,True,0.0,0.0
b1/mixed-grids/block1/0/step1,"[1, 30, 1536]",torch.bfloat16,sdpa,True,False,0.25,0.004704439081251621
b1/mixed-grids/block1/0/step2,"[1, 30, 1536]",torch.bfloat16,sdpa,True,False,0.125,0.005387971643358469
b1/mixed-grids/block1/0/step3,"[1, 30, 1536]",torch.bfloat16,sdpa,True,False,0.25,0.005777295213192701
b1/mixed-grids/block1/0/step4,"[1, 30, 1536]",torch.bfloat16,sdpa,True,False,0.125,0.006258087698370218
b1/mixed-grids/block1/0/step5,"[1, 30, 1536]",torch.bfloat16,sdpa,True,False,0.25,0.006973473355174065
b1/mixed-grids/block1/0/step6,"[1, 30, 1536]",torch.bfloat16,sdpa,True,False,0.125,0.007010286208242178
b1/mixed-grids/block1/0/step7,"[1, 30, 1536]",torch.bfloat16,sdpa,True,False,0.25,0.00826465804129839
b1/mixed-grids/block1/0/step8,"[1, 30, 1536]",torch.bfloat16,sdpa,True,False,0.25,0.011488835327327251
b1/mixed-grids/block1/0/step9,"[1, 30, 1536]",torch.bfloat16,sdpa,True,False,1.0,0.07190147787332535
b1/mixed-grids/block1/1/step0,"[1, 179, 1536]",torch.bfloat16,sdpa,True,True,0.0,0.0
b1/mixed-grids/block1/1/step1,"[1, 179, 1536]",torch.bfloat16,sdpa,True,False,4.0,0.0172411035746336
b1/mixed-grids/block1/1/step2,"[1, 179, 1536]",torch.bfloat16,sdpa,True,False,2.0,0.013756717555224895
b1/mixed-grids/block1/1/step3,"[1, 179, 1536]",torch.bfloat16,sdpa,True,False,2.0,0.01712767779827118
b1/mixed-grids/block1/1/step4,"[1, 179, 1536]",torch.bfloat16,sdpa,True,False,8.0,0.024239027872681618
b1/mixed-grids/block1/1/step5,"[1, 179, 1536]",torch.bfloat16,sdpa,True,False,4.0,0.019298071041703224
b1/mixed-grids/block1/1/step6,"[1, 179, 1536]",torch.bfloat16,sdpa,True,False,8.0,0.027000993490219116
b1/mixed-grids/block1/1/step7,"[1, 179, 1536]",torch.bfloat16,sdpa,True,False,4.0,0.0273898858577013
b1/mixed-grids/block1/1/step8,"[1, 179, 1536]",torch.bfloat16,sdpa,True,False,8.0,0.035936422646045685
b1/mixed-grids/block1/1/step9,"[1, 179, 1536]",torch.bfloat16,sdpa,True,False,16.0,0.051746170967817307
b1/mixed-grids/block2/0/step0,"[1, 30, 1536]",torch.bfloat16,sdpa,True,True,0.0,0.0
b1/mixed-grids/block2/0/step1,"[1, 30, 1536]",torch.bfloat16,sdpa,True,False,0.25,0.005034854169934988
b1/mixed-grids/block2/0/step2,"[1, 30, 1536]",torch.bfloat16,sdpa,True,False,0.25,0.005654969252645969
b1/mixed-grids/block2/0/step3,"[1, 30, 1536]",torch.bfloat16,sdpa,True,False,0.25,0.00597791513428092
b1/mixed-grids/block2/0/step4,"[1, 30, 1536]",torch.bfloat16,sdpa,True,False,0.25,0.006622146815061569
b1/mixed-grids/block2/0/step5,"[1, 30, 1536]",torch.bfloat16,sdpa,True,False,0.25,0.007209117524325848
b1/mixed-grids/block2/0/step6,"[1, 30, 1536]",torch.bfloat16,sdpa,True,False,0.25,0.0072541795670986176
b1/mixed-grids/block2/0/step7,"[1, 30, 1536]",torch.bfloat16,sdpa,True,False,0.25,0.008496450260281563
b1/mixed-grids/block2/0/step8,"[1, 30, 1536]",torch.bfloat16,sdpa,True,False,0.5,0.012377440929412842
b1/mixed-grids/block2/0/step9,"[1, 30, 1536]",torch.bfloat16,sdpa,True,False,1.0,0.08346956223249435
b1/mixed-grids/block2/1/step0,"[1, 179, 1536]",torch.bfloat16,sdpa,True,True,0.0,0.0
b1/mixed-grids/block2/1/step1,"[1, 179, 1536]",torch.bfloat16,sdpa,True,False,4.0,0.026298271492123604
b1/mixed-grids/block2/1/step2,"[1, 179, 1536]",torch.bfloat16,sdpa,True,False,4.0,0.022521117702126503
b1/mixed-grids/block2/1/step3,"[1, 179, 1536]",torch.bfloat16,sdpa,True,False,4.0,0.025030212476849556
b1/mixed-grids/block2/1/step4,"[1, 179, 1536]",torch.bfloat16,sdpa,True,False,8.0,0.0340980626642704
b1/mixed-grids/block2/1/step5,"[1, 179, 1536]",torch.bfloat16,sdpa,True,False,4.0,0.02551480568945408
b1/mixed-grids/block2/1/step6,"[1, 179, 1536]",torch.bfloat16,sdpa,True,False,8.0,0.03363187611103058
b1/mixed-grids/block2/1/step7,"[1, 179, 1536]",torch.bfloat16,sdpa,True,False,4.0,0.03326018899679184
b1/mixed-grids/block2/1/step8,"[1, 179, 1536]",torch.bfloat16,sdpa,True,False,8.0,0.04198595508933067
b1/mixed-grids/block2/1/step9,"[1, 179, 1536]",torch.bfloat16,sdpa,True,False,16.0,0.06318085640668869
b1/mixed-grids/block3/0/step0,"[1, 30, 1536]",torch.bfloat16,sdpa,True,True,0.0,0.0
b1/mixed-grids/block3/0/step1,"[1, 30, 1536]",torch.bfloat16,sdpa,True,False,0.25,0.0057789781130850315
b1/mixed-grids/block3/0/step2,"[1, 30, 1536]",torch.bfloat16,sdpa,True,False,0.25,0.005926916375756264
b1/mixed-grids/block3/0/step3,"[1, 30, 1536]",torch.bfloat16,sdpa,True,False,0.25,0.0060289655812084675
b1/mixed-grids/block3/0/step4,"[1, 30, 1536]",torch.bfloat16,sdpa,True,False,0.25,0.006756901741027832
b1/mixed-grids/block3/0/step5,"[1, 30, 1536]",torch.bfloat16,sdpa,True,False,0.25,0.007435299921780825
b1/mixed-grids/block3/0/step6,"[1, 30, 1536]",torch.bfloat16,sdpa,True,False,0.375,0.007849845103919506
b1/mixed-grids/block3/0/step7,"[1, 30, 1536]",torch.bfloat16,sdpa,True,False,0.25,0.00883181206882
b1/mixed-grids/block3/0/step8,"[1, 30, 1536]",torch.bfloat16,sdpa,True,False,0.5,0.013101252727210522
b1/mixed-grids/block3/0/step9,"[1, 30, 1536]",torch.bfloat16,sdpa,True,False,1.6796875,0.18260221183300018
b1/mixed-grids/block3/1/step0,"[1, 179, 1536]",torch.bfloat16,sdpa,True,True,0.0,0.0
b1/mixed-grids/block3/1/step1,"[1, 179, 1536]",torch.bfloat16,sdpa,True,False,4.0,0.03761184588074684
b1/mixed-grids/block3/1/step2,"[1, 179, 1536]",torch.bfloat16,sdpa,True,False,8.0,0.03991030901670456
b1/mixed-grids/block3/1/step3,"[1, 179, 1536]",torch.bfloat16,sdpa,True,False,4.0,0.038840167224407196
b1/mixed-grids/block3/1/step4,"[1, 179, 1536]",torch.bfloat16,sdpa,True,False,8.0,0.04655107855796814
b1/mixed-grids/block3/1/step5,"[1, 179, 1536]",torch.bfloat16,sdpa,True,False,4.0,0.039194002747535706
b1/mixed-grids/block3/1/step6,"[1, 179, 1536]",torch.bfloat16,sdpa,True,False,8.0,0.044807273894548416
b1/mixed-grids/block3/1/step7,"[1, 179, 1536]",torch.bfloat16,sdpa,True,False,4.0,0.045871540904045105
b1/mixed-grids/block3/1/step8,"[1, 179, 1536]",torch.bfloat16,sdpa,True,False,8.0,0.054292526096105576
b1/mixed-grids/block3/1/step9,"[1, 179, 1536]",torch.bfloat16,sdpa,True,False,16.0,0.08785106241703033
b1/mixed-grids/block4/0/step0,"[1, 30, 1536]",torch.bfloat16,sdpa,True,True,0.0,0.0
b1/mixed-grids/block4/0/step1,"[1, 30, 1536]",torch.bfloat16,sdpa,True,False,0.5,0.007216865662485361
b1/mixed-grids/block4/0/step2,"[1, 30, 1536]",torch.bfloat16,sdpa,True,False,0.25,0.007065880578011274
b1/mixed-grids/block4/0/step3,"[1, 30, 1536]",torch.bfloat16,sdpa,True,False,0.25,0.006976585369557142
b1/mixed-grids/block4/0/step4,"[1, 30, 1536]",torch.bfloat16,sdpa,True,False,0.5,0.007602094206959009
b1/mixed-grids/block4/0/step5,"[1, 30, 1536]",torch.bfloat16,sdpa,True,False,0.25,0.008256454020738602
b1/mixed-grids/block4/0/step6,"[1, 30, 1536]",torch.bfloat16,sdpa,True,False,0.5,0.00892378855496645
b1/mixed-grids/block4/0/step7,"[1, 30, 1536]",torch.bfloat16,sdpa,True,False,0.25,0.009817562066018581
b1/mixed-grids/block4/0/step8,"[1, 30, 1536]",torch.bfloat16,sdpa,True,False,0.5,0.013834468089044094
b1/mixed-grids/block4/0/step9,"[1, 30, 1536]",torch.bfloat16,sdpa,True,False,2.6484375,0.3409953713417053
b1/mixed-grids/block4/1/step0,"[1, 179, 1536]",torch.bfloat16,sdpa,True,True,0.0,0.0
b1/mixed-grids/block4/1/step1,"[1, 179, 1536]",torch.bfloat16,sdpa,True,False,8.0,0.055061984807252884
b1/mixed-grids/block4/1/step2,"[1, 179, 1536]",torch.bfloat16,sdpa,True,False,8.0,0.06033319979906082
b1/mixed-grids/block4/1/step3,"[1, 179, 1536]",torch.bfloat16,sdpa,True,False,4.0,0.05468403175473213
b1/mixed-grids/block4/1/step4,"[1, 179, 1536]",torch.bfloat16,sdpa,True,False,8.0,0.06304950267076492
b1/mixed-grids/block4/1/step5,"[1, 179, 1536]",torch.bfloat16,sdpa,True,False,8.0,0.06048829108476639
b1/mixed-grids/block4/1/step6,"[1, 179, 1536]",torch.bfloat16,sdpa,True,False,8.0,0.06051723659038544
b1/mixed-grids/block4/1/step7,"[1, 179, 1536]",torch.bfloat16,sdpa,True,False,8.0,0.06262870877981186
b1/mixed-grids/block4/1/step8,"[1, 179, 1536]",torch.bfloat16,sdpa,True,False,8.0,0.0684039443731308
b1/mixed-grids/block4/1/step9,"[1, 179, 1536]",torch.bfloat16,sdpa,True,False,16.0,0.11139070242643356
b1/mixed-grids/block5/0/step0,"[1, 30, 1536]",torch.bfloat16,sdpa,True,True,0.0,0.0
b1/mixed-grids/block5/0/step1,"[1, 30, 1536]",torch.bfloat16,sdpa,True,False,0.5,0.015847299247980118
b1/mixed-grids/block5/0/step2,"[1, 30, 1536]",torch.bfloat16,sdpa,True,False,0.5,0.01364195253700018
b1/mixed-grids/block5/0/step3,"[1, 30, 1536]",torch.bfloat16,sdpa,True,False,0.25,0.013292629271745682
b1/mixed-grids/block5/0/step4,"[1, 30, 1536]",torch.bfloat16,sdpa,True,False,0.5,0.013611308299005032
b1/mixed-grids/block5/0/step5,"[1, 30, 1536]",torch.bfloat16,sdpa,True,False,0.5,0.014168569818139076
b1/mixed-grids/block5/0/step6,"[1, 30, 1536]",torch.bfloat16,sdpa,True,False,0.5,0.014556019566953182
b1/mixed-grids/block5/0/step7,"[1, 30, 1536]",torch.bfloat16,sdpa,True,False,0.5,0.015441599301993847
b1/mixed-grids/block5/0/step8,"[1, 30, 1536]",torch.bfloat16,sdpa,True,False,0.75,0.018258260563015938
b1/mixed-grids/block5/0/step9,"[1, 30, 1536]",torch.bfloat16,sdpa,True,False,2.46875,0.3626808226108551
b1/mixed-grids/velocity/step0,"[1, 30, 78]",torch.bfloat16,sdpa,True,True,0.0,0.0
b1/mixed-grids/velocity/step1,"[1, 30, 78]",torch.bfloat16,sdpa,True,False,0.03125,0.005617223214358091
b1/mixed-grids/velocity/step2,"[1, 30, 78]",torch.bfloat16,sdpa,True,False,0.03125,0.005831387359648943
b1/mixed-grids/velocity/step3,"[1, 30, 78]",torch.bfloat16,sdpa,True,False,0.046875,0.006478030234575272
b1/mixed-grids/velocity/step4,"[1, 30, 78]",torch.bfloat16,sdpa,True,False,0.03125,0.007140512578189373
b1/mixed-grids/velocity/step5,"[1, 30, 78]",torch.bfloat16,sdpa,True,False,0.046875,0.008665530942380428
b1/mixed-grids/velocity/step6,"[1, 30, 78]",torch.bfloat16,sdpa,True,False,0.0625,0.010424908250570297
b1/mixed-grids/velocity/step7,"[1, 30, 78]",torch.bfloat16,sdpa,True,False,0.05078125,0.01411405298858881
b1/mixed-grids/velocity/step8,"[1, 30, 78]",torch.bfloat16,sdpa,True,False,0.109375,0.028893006965517998
b1/mixed-grids/velocity/step9,"[1, 30, 78]",torch.bfloat16,sdpa,True,False,2.5546875,0.547949492931366
b1/mixed-grids/actions/step0,"[1, 30, 78]",torch.bfloat16,sdpa,True,False,0.015625,0.000848557217977941
b1/mixed-grids/actions/step1,"[1, 30, 78]",torch.bfloat16,sdpa,True,False,0.015625,0.0016798189608380198
b1/mixed-grids/actions/step2,"[1, 30, 78]",torch.bfloat16,sdpa,True,False,0.015625,0.0020111603662371635
b1/mixed-grids/actions/step3,"[1, 30, 78]",torch.bfloat16,sdpa,True,False,0.015625,0.002115779323503375
b1/mixed-grids/actions/step4,"[1, 30, 78]",torch.bfloat16,sdpa,True,False,0.015625,0.002171918749809265
b1/mixed-grids/actions/step5,"[1, 30, 78]",torch.bfloat16,sdpa,True,False,0.015625,0.002155127003788948
b1/mixed-grids/actions/step6,"[1, 30, 78]",torch.bfloat16,sdpa,True,False,0.0078125,0.0018752292962744832
b1/mixed-grids/actions/step7,"[1, 30, 78]",torch.bfloat16,sdpa,True,False,0.0078125,0.0019035360310226679
b1/mixed-grids/actions/step8,"[1, 30, 78]",torch.bfloat16,sdpa,True,False,0.009765625,0.0027156490832567215
b1/mixed-grids/actions/step9,"[1, 30, 78]",torch.bfloat16,sdpa,True,False,0.009765625,0.0025061341002583504
b1/mixed-grids/denormalized,"[1, 30, 78]",torch.float32,sdpa,True,False,0.0068359375,0.0011546190362423658
b2/state-normalization,"[2, 1, 43]",torch.float32,sdpa,True,True,0.0,0.0
b2/image-transform/row0,"[240, 320, 3]",torch.uint8,sdpa,True,False,158.0,55.760009765625
b2/image-transform/row1,"[240, 320, 3]",torch.uint8,sdpa,True,False,168.0,57.91473388671875
b2/transformed/repeat/input_ids,"[2, 97]",torch.int64,sdpa,True,True,0.0,0.0
b2/transformed/repeat/attention_mask,"[2, 97]",torch.bool,sdpa,True,True,0.0,0.0
b2/transformed/repeat/image_grid_thw,"[2, 3]",torch.int64,sdpa,True,True,0.0,0.0
b2/transformed/repeat/pixel_values,"[640, 1536]",torch.bfloat16,sdpa,True,True,0.0,0.0
b2/transformed/repeat/positions,"[3, 2, 97]",torch.int64,sdpa,True,True,0.0,0.0
b2/transformed/repeat/features,"[2, 1, 97, 2048]",torch.bfloat16,sdpa,True,True,0.0,0.0
b2/transformed/repeat/final,"[2, 30, 78]",torch.float32,sdpa,True,True,0.0,0.0
b2/transformed/repeat/time/0/step0,"[2, 1536]",torch.bfloat16,sdpa,True,True,0.0,0.0
b2/transformed/repeat/time/0/step1,"[2, 1536]",torch.bfloat16,sdpa,True,True,0.0,0.0
b2/transformed/repeat/time/0/step2,"[2, 1536]",torch.bfloat16,sdpa,True,True,0.0,0.0
b2/transformed/repeat/time/0/step3,"[2, 1536]",torch.bfloat16,sdpa,True,True,0.0,0.0
b2/transformed/repeat/time/0/step4,"[2, 1536]",torch.bfloat16,sdpa,True,True,0.0,0.0
b2/transformed/repeat/time/0/step5,"[2, 1536]",torch.bfloat16,sdpa,True,True,0.0,0.0
b2/transformed/repeat/time/0/step6,"[2, 1536]",torch.bfloat16,sdpa,True,True,0.0,0.0
b2/transformed/repeat/time/0/step7,"[2, 1536]",torch.bfloat16,sdpa,True,True,0.0,0.0
b2/transformed/repeat/time/0/step8,"[2, 1536]",torch.bfloat16,sdpa,True,True,0.0,0.0
b2/transformed/repeat/time/0/step9,"[2, 1536]",torch.bfloat16,sdpa,True,True,0.0,0.0
b2/transformed/repeat/action-in/0/step0,"[2, 30, 1536]",torch.bfloat16,sdpa,True,True,0.0,0.0
b2/transformed/repeat/action-in/0/step1,"[2, 30, 1536]",torch.bfloat16,sdpa,True,True,0.0,0.0
b2/transformed/repeat/action-in/0/step2,"[2, 30, 1536]",torch.bfloat16,sdpa,True,True,0.0,0.0
b2/transformed/repeat/action-in/0/step3,"[2, 30, 1536]",torch.bfloat16,sdpa,True,True,0.0,0.0
b2/transformed/repeat/action-in/0/step4,"[2, 30, 1536]",torch.bfloat16,sdpa,True,True,0.0,0.0
b2/transformed/repeat/action-in/0/step5,"[2, 30, 1536]",torch.bfloat16,sdpa,True,True,0.0,0.0
b2/transformed/repeat/action-in/0/step6,"[2, 30, 1536]",torch.bfloat16,sdpa,True,True,0.0,0.0
b2/transformed/repeat/action-in/0/step7,"[2, 30, 1536]",torch.bfloat16,sdpa,True,True,0.0,0.0
b2/transformed/repeat/action-in/0/step8,"[2, 30, 1536]",torch.bfloat16,sdpa,True,True,0.0,0.0
b2/transformed/repeat/action-in/0/step9,"[2, 30, 1536]",torch.bfloat16,sdpa,True,True,0.0,0.0
b2/transformed/repeat/obs/0/step0,"[2, 98, 1536]",torch.bfloat16,sdpa,True,True,0.0,0.0
b2/transformed/repeat/obs/0/step1,"[2, 98, 1536]",torch.bfloat16,sdpa,True,True,0.0,0.0
b2/transformed/repeat/obs/0/step2,"[2, 98, 1536]",torch.bfloat16,sdpa,True,True,0.0,0.0
b2/transformed/repeat/obs/0/step3,"[2, 98, 1536]",torch.bfloat16,sdpa,True,True,0.0,0.0
b2/transformed/repeat/obs/0/step4,"[2, 98, 1536]",torch.bfloat16,sdpa,True,True,0.0,0.0
b2/transformed/repeat/obs/0/step5,"[2, 98, 1536]",torch.bfloat16,sdpa,True,True,0.0,0.0
b2/transformed/repeat/obs/0/step6,"[2, 98, 1536]",torch.bfloat16,sdpa,True,True,0.0,0.0
b2/transformed/repeat/obs/0/step7,"[2, 98, 1536]",torch.bfloat16,sdpa,True,True,0.0,0.0
b2/transformed/repeat/obs/0/step8,"[2, 98, 1536]",torch.bfloat16,sdpa,True,True,0.0,0.0
b2/transformed/repeat/obs/0/step9,"[2, 98, 1536]",torch.bfloat16,sdpa,True,True,0.0,0.0
b2/transformed/repeat/obs/1/step0,"[2, 98]",torch.float32,sdpa,True,True,0.0,0.0
b2/transformed/repeat/obs/1/step1,"[2, 98]",torch.float32,sdpa,True,True,0.0,0.0
b2/transformed/repeat/obs/1/step2,"[2, 98]",torch.float32,sdpa,True,True,0.0,0.0
b2/transformed/repeat/obs/1/step3,"[2, 98]",torch.float32,sdpa,True,True,0.0,0.0
b2/transformed/repeat/obs/1/step4,"[2, 98]",torch.float32,sdpa,True,True,0.0,0.0
b2/transformed/repeat/obs/1/step5,"[2, 98]",torch.float32,sdpa,True,True,0.0,0.0
b2/transformed/repeat/obs/1/step6,"[2, 98]",torch.float32,sdpa,True,True,0.0,0.0
b2/transformed/repeat/obs/1/step7,"[2, 98]",torch.float32,sdpa,True,True,0.0,0.0
b2/transformed/repeat/obs/1/step8,"[2, 98]",torch.float32,sdpa,True,True,0.0,0.0
b2/transformed/repeat/obs/1/step9,"[2, 98]",torch.float32,sdpa,True,True,0.0,0.0
b2/transformed/repeat/block0/0/step0,"[2, 30, 1536]",torch.bfloat16,sdpa,True,True,0.0,0.0
b2/transformed/repeat/block0/0/step1,"[2, 30, 1536]",torch.bfloat16,sdpa,True,True,0.0,0.0
b2/transformed/repeat/block0/0/step2,"[2, 30, 1536]",torch.bfloat16,sdpa,True,True,0.0,0.0
b2/transformed/repeat/block0/0/step3,"[2, 30, 1536]",torch.bfloat16,sdpa,True,True,0.0,0.0
b2/transformed/repeat/block0/0/step4,"[2, 30, 1536]",torch.bfloat16,sdpa,True,True,0.0,0.0
b2/transformed/repeat/block0/0/step5,"[2, 30, 1536]",torch.bfloat16,sdpa,True,True,0.0,0.0
b2/transformed/repeat/block0/0/step6,"[2, 30, 1536]",torch.bfloat16,sdpa,True,True,0.0,0.0
b2/transformed/repeat/block0/0/step7,"[2, 30, 1536]",torch.bfloat16,sdpa,True,True,0.0,0.0
b2/transformed/repeat/block0/0/step8,"[2, 30, 1536]",torch.bfloat16,sdpa,True,True,0.0,0.0
b2/transformed/repeat/block0/0/step9,"[2, 30, 1536]",torch.bfloat16,sdpa,True,True,0.0,0.0
b2/transformed/repeat/block0/1/step0,"[2, 98, 1536]",torch.bfloat16,sdpa,True,True,0.0,0.0
b2/transformed/repeat/block0/1/step1,"[2, 98, 1536]",torch.bfloat16,sdpa,True,True,0.0,0.0
b2/transformed/repeat/block0/1/step2,"[2, 98, 1536]",torch.bfloat16,sdpa,True,True,0.0,0.0
b2/transformed/repeat/block0/1/step3,"[2, 98, 1536]",torch.bfloat16,sdpa,True,True,0.0,0.0
b2/transformed/repeat/block0/1/step4,"[2, 98, 1536]",torch.bfloat16,sdpa,True,True,0.0,0.0
b2/transformed/repeat/block0/1/step5,"[2, 98, 1536]",torch.bfloat16,sdpa,True,True,0.0,0.0
b2/transformed/repeat/block0/1/step6,"[2, 98, 1536]",torch.bfloat16,sdpa,True,True,0.0,0.0
b2/transformed/repeat/block0/1/step7,"[2, 98, 1536]",torch.bfloat16,sdpa,True,True,0.0,0.0
b2/transformed/repeat/block0/1/step8,"[2, 98, 1536]",torch.bfloat16,sdpa,True,True,0.0,0.0
b2/transformed/repeat/block0/1/step9,"[2, 98, 1536]",torch.bfloat16,sdpa,True,True,0.0,0.0
b2/transformed/repeat/block1/0/step0,"[2, 30, 1536]",torch.bfloat16,sdpa,True,True,0.0,0.0
b2/transformed/repeat/block1/0/step1,"[2, 30, 1536]",torch.bfloat16,sdpa,True,True,0.0,0.0
b2/transformed/repeat/block1/0/step2,"[2, 30, 1536]",torch.bfloat16,sdpa,True,True,0.0,0.0
b2/transformed/repeat/block1/0/step3,"[2, 30, 1536]",torch.bfloat16,sdpa,True,True,0.0,0.0
b2/transformed/repeat/block1/0/step4,"[2, 30, 1536]",torch.bfloat16,sdpa,True,True,0.0,0.0
b2/transformed/repeat/block1/0/step5,"[2, 30, 1536]",torch.bfloat16,sdpa,True,True,0.0,0.0
b2/transformed/repeat/block1/0/step6,"[2, 30, 1536]",torch.bfloat16,sdpa,True,True,0.0,0.0
b2/transformed/repeat/block1/0/step7,"[2, 30, 1536]",torch.bfloat16,sdpa,True,True,0.0,0.0
b2/transformed/repeat/block1/0/step8,"[2, 30, 1536]",torch.bfloat16,sdpa,True,True,0.0,0.0
b2/transformed/repeat/block1/0/step9,"[2, 30, 1536]",torch.bfloat16,sdpa,True,True,0.0,0.0
b2/transformed/repeat/block1/1/step0,"[2, 98, 1536]",torch.bfloat16,sdpa,True,True,0.0,0.0
b2/transformed/repeat/block1/1/step1,"[2, 98, 1536]",torch.bfloat16,sdpa,True,True,0.0,0.0
b2/transformed/repeat/block1/1/step2,"[2, 98, 1536]",torch.bfloat16,sdpa,True,True,0.0,0.0
b2/transformed/repeat/block1/1/step3,"[2, 98, 1536]",torch.bfloat16,sdpa,True,True,0.0,0.0
b2/transformed/repeat/block1/1/step4,"[2, 98, 1536]",torch.bfloat16,sdpa,True,True,0.0,0.0
b2/transformed/repeat/block1/1/step5,"[2, 98, 1536]",torch.bfloat16,sdpa,True,True,0.0,0.0
b2/transformed/repeat/block1/1/step6,"[2, 98, 1536]",torch.bfloat16,sdpa,True,True,0.0,0.0
b2/transformed/repeat/block1/1/step7,"[2, 98, 1536]",torch.bfloat16,sdpa,True,True,0.0,0.0
b2/transformed/repeat/block1/1/step8,"[2, 98, 1536]",torch.bfloat16,sdpa,True,True,0.0,0.0
b2/transformed/repeat/block1/1/step9,"[2, 98, 1536]",torch.bfloat16,sdpa,True,True,0.0,0.0
b2/transformed/repeat/block2/0/step0,"[2, 30, 1536]",torch.bfloat16,sdpa,True,True,0.0,0.0
b2/transformed/repeat/block2/0/step1,"[2, 30, 1536]",torch.bfloat16,sdpa,True,True,0.0,0.0
b2/transformed/repeat/block2/0/step2,"[2, 30, 1536]",torch.bfloat16,sdpa,True,True,0.0,0.0
b2/transformed/repeat/block2/0/step3,"[2, 30, 1536]",torch.bfloat16,sdpa,True,True,0.0,0.0
b2/transformed/repeat/block2/0/step4,"[2, 30, 1536]",torch.bfloat16,sdpa,True,True,0.0,0.0
b2/transformed/repeat/block2/0/step5,"[2, 30, 1536]",torch.bfloat16,sdpa,True,True,0.0,0.0
b2/transformed/repeat/block2/0/step6,"[2, 30, 1536]",torch.bfloat16,sdpa,True,True,0.0,0.0
b2/transformed/repeat/block2/0/step7,"[2, 30, 1536]",torch.bfloat16,sdpa,True,True,0.0,0.0
b2/transformed/repeat/block2/0/step8,"[2, 30, 1536]",torch.bfloat16,sdpa,True,True,0.0,0.0
b2/transformed/repeat/block2/0/step9,"[2, 30, 1536]",torch.bfloat16,sdpa,True,True,0.0,0.0
b2/transformed/repeat/block2/1/step0,"[2, 98, 1536]",torch.bfloat16,sdpa,True,True,0.0,0.0
b2/transformed/repeat/block2/1/step1,"[2, 98, 1536]",torch.bfloat16,sdpa,True,True,0.0,0.0
b2/transformed/repeat/block2/1/step2,"[2, 98, 1536]",torch.bfloat16,sdpa,True,True,0.0,0.0
b2/transformed/repeat/block2/1/step3,"[2, 98, 1536]",torch.bfloat16,sdpa,True,True,0.0,0.0
b2/transformed/repeat/block2/1/step4,"[2, 98, 1536]",torch.bfloat16,sdpa,True,True,0.0,0.0
b2/transformed/repeat/block2/1/step5,"[2, 98, 1536]",torch.bfloat16,sdpa,True,True,0.0,0.0
b2/transformed/repeat/block2/1/step6,"[2, 98, 1536]",torch.bfloat16,sdpa,True,True,0.0,0.0
b2/transformed/repeat/block2/1/step7,"[2, 98, 1536]",torch.bfloat16,sdpa,True,True,0.0,0.0
b2/transformed/repeat/block2/1/step8,"[2, 98, 1536]",torch.bfloat16,sdpa,True,True,0.0,0.0
b2/transformed/repeat/block2/1/step9,"[2, 98, 1536]",torch.bfloat16,sdpa,True,True,0.0,0.0
b2/transformed/repeat/block3/0/step0,"[2, 30, 1536]",torch.bfloat16,sdpa,True,True,0.0,0.0
b2/transformed/repeat/block3/0/step1,"[2, 30, 1536]",torch.bfloat16,sdpa,True,True,0.0,0.0
b2/transformed/repeat/block3/0/step2,"[2, 30, 1536]",torch.bfloat16,sdpa,True,True,0.0,0.0
b2/transformed/repeat/block3/0/step3,"[2, 30, 1536]",torch.bfloat16,sdpa,True,True,0.0,0.0
b2/transformed/repeat/block3/0/step4,"[2, 30, 1536]",torch.bfloat16,sdpa,True,True,0.0,0.0
b2/transformed/repeat/block3/0/step5,"[2, 30, 1536]",torch.bfloat16,sdpa,True,True,0.0,0.0
b2/transformed/repeat/block3/0/step6,"[2, 30, 1536]",torch.bfloat16,sdpa,True,True,0.0,0.0
b2/transformed/repeat/block3/0/step7,"[2, 30, 1536]",torch.bfloat16,sdpa,True,True,0.0,0.0
b2/transformed/repeat/block3/0/step8,"[2, 30, 1536]",torch.bfloat16,sdpa,True,True,0.0,0.0
b2/transformed/repeat/block3/0/step9,"[2, 30, 1536]",torch.bfloat16,sdpa,True,True,0.0,0.0
b2/transformed/repeat/block3/1/step0,"[2, 98, 1536]",torch.bfloat16,sdpa,True,True,0.0,0.0
b2/transformed/repeat/block3/1/step1,"[2, 98, 1536]",torch.bfloat16,sdpa,True,True,0.0,0.0
b2/transformed/repeat/block3/1/step2,"[2, 98, 1536]",torch.bfloat16,sdpa,True,True,0.0,0.0
b2/transformed/repeat/block3/1/step3,"[2, 98, 1536]",torch.bfloat16,sdpa,True,True,0.0,0.0
b2/transformed/repeat/block3/1/step4,"[2, 98, 1536]",torch.bfloat16,sdpa,True,True,0.0,0.0
b2/transformed/repeat/block3/1/step5,"[2, 98, 1536]",torch.bfloat16,sdpa,True,True,0.0,0.0
b2/transformed/repeat/block3/1/step6,"[2, 98, 1536]",torch.bfloat16,sdpa,True,True,0.0,0.0
b2/transformed/repeat/block3/1/step7,"[2, 98, 1536]",torch.bfloat16,sdpa,True,True,0.0,0.0
b2/transformed/repeat/block3/1/step8,"[2, 98, 1536]",torch.bfloat16,sdpa,True,True,0.0,0.0
b2/transformed/repeat/block3/1/step9,"[2, 98, 1536]",torch.bfloat16,sdpa,True,True,0.0,0.0
b2/transformed/repeat/block4/0/step0,"[2, 30, 1536]",torch.bfloat16,sdpa,True,True,0.0,0.0
b2/transformed/repeat/block4/0/step1,"[2, 30, 1536]",torch.bfloat16,sdpa,True,True,0.0,0.0
b2/transformed/repeat/block4/0/step2,"[2, 30, 1536]",torch.bfloat16,sdpa,True,True,0.0,0.0
b2/transformed/repeat/block4/0/step3,"[2, 30, 1536]",torch.bfloat16,sdpa,True,True,0.0,0.0
b2/transformed/repeat/block4/0/step4,"[2, 30, 1536]",torch.bfloat16,sdpa,True,True,0.0,0.0
b2/transformed/repeat/block4/0/step5,"[2, 30, 1536]",torch.bfloat16,sdpa,True,True,0.0,0.0
b2/transformed/repeat/block4/0/step6,"[2, 30, 1536]",torch.bfloat16,sdpa,True,True,0.0,0.0
b2/transformed/repeat/block4/0/step7,"[2, 30, 1536]",torch.bfloat16,sdpa,True,True,0.0,0.0
b2/transformed/repeat/block4/0/step8,"[2, 30, 1536]",torch.bfloat16,sdpa,True,True,0.0,0.0
b2/transformed/repeat/block4/0/step9,"[2, 30, 1536]",torch.bfloat16,sdpa,True,True,0.0,0.0
b2/transformed/repeat/block4/1/step0,"[2, 98, 1536]",torch.bfloat16,sdpa,True,True,0.0,0.0
b2/transformed/repeat/block4/1/step1,"[2, 98, 1536]",torch.bfloat16,sdpa,True,True,0.0,0.0
b2/transformed/repeat/block4/1/step2,"[2, 98, 1536]",torch.bfloat16,sdpa,True,True,0.0,0.0
b2/transformed/repeat/block4/1/step3,"[2, 98, 1536]",torch.bfloat16,sdpa,True,True,0.0,0.0
b2/transformed/repeat/block4/1/step4,"[2, 98, 1536]",torch.bfloat16,sdpa,True,True,0.0,0.0
b2/transformed/repeat/block4/1/step5,"[2, 98, 1536]",torch.bfloat16,sdpa,True,True,0.0,0.0
b2/transformed/repeat/block4/1/step6,"[2, 98, 1536]",torch.bfloat16,sdpa,True,True,0.0,0.0
b2/transformed/repeat/block4/1/step7,"[2, 98, 1536]",torch.bfloat16,sdpa,True,True,0.0,0.0
b2/transformed/repeat/block4/1/step8,"[2, 98, 1536]",torch.bfloat16,sdpa,True,True,0.0,0.0
b2/transformed/repeat/block4/1/step9,"[2, 98, 1536]",torch.bfloat16,sdpa,True,True,0.0,0.0
b2/transformed/repeat/block5/0/step0,"[2, 30, 1536]",torch.bfloat16,sdpa,True,True,0.0,0.0
b2/transformed/repeat/block5/0/step1,"[2, 30, 1536]",torch.bfloat16,sdpa,True,True,0.0,0.0
b2/transformed/repeat/block5/0/step2,"[2, 30, 1536]",torch.bfloat16,sdpa,True,True,0.0,0.0
b2/transformed/repeat/block5/0/step3,"[2, 30, 1536]",torch.bfloat16,sdpa,True,True,0.0,0.0
b2/transformed/repeat/block5/0/step4,"[2, 30, 1536]",torch.bfloat16,sdpa,True,True,0.0,0.0
b2/transformed/repeat/block5/0/step5,"[2, 30, 1536]",torch.bfloat16,sdpa,True,True,0.0,0.0
b2/transformed/repeat/block5/0/step6,"[2, 30, 1536]",torch.bfloat16,sdpa,True,True,0.0,0.0
b2/transformed/repeat/block5/0/step7,"[2, 30, 1536]",torch.bfloat16,sdpa,True,True,0.0,0.0
b2/transformed/repeat/block5/0/step8,"[2, 30, 1536]",torch.bfloat16,sdpa,True,True,0.0,0.0
b2/transformed/repeat/block5/0/step9,"[2, 30, 1536]",torch.bfloat16,sdpa,True,True,0.0,0.0
b2/transformed/repeat/velocity/step0,"[2, 30, 78]",torch.bfloat16,sdpa,True,True,0.0,0.0
b2/transformed/repeat/velocity/step1,"[2, 30, 78]",torch.bfloat16,sdpa,True,True,0.0,0.0
b2/transformed/repeat/velocity/step2,"[2, 30, 78]",torch.bfloat16,sdpa,True,True,0.0,0.0
b2/transformed/repeat/velocity/step3,"[2, 30, 78]",torch.bfloat16,sdpa,True,True,0.0,0.0
b2/transformed/repeat/velocity/step4,"[2, 30, 78]",torch.bfloat16,sdpa,True,True,0.0,0.0
b2/transformed/repeat/velocity/step5,"[2, 30, 78]",torch.bfloat16,sdpa,True,True,0.0,0.0
b2/transformed/repeat/velocity/step6,"[2, 30, 78]",torch.bfloat16,sdpa,True,True,0.0,0.0
b2/transformed/repeat/velocity/step7,"[2, 30, 78]",torch.bfloat16,sdpa,True,True,0.0,0.0
b2/transformed/repeat/velocity/step8,"[2, 30, 78]",torch.bfloat16,sdpa,True,True,0.0,0.0
b2/transformed/repeat/velocity/step9,"[2, 30, 78]",torch.bfloat16,sdpa,True,True,0.0,0.0
b2/transformed/repeat/actions/step0,"[2, 30, 78]",torch.bfloat16,sdpa,True,True,0.0,0.0
b2/transformed/repeat/actions/step1,"[2, 30, 78]",torch.bfloat16,sdpa,True,True,0.0,0.0
b2/transformed/repeat/actions/step2,"[2, 30, 78]",torch.bfloat16,sdpa,True,True,0.0,0.0
b2/transformed/repeat/actions/step3,"[2, 30, 78]",torch.bfloat16,sdpa,True,True,0.0,0.0
b2/transformed/repeat/actions/step4,"[2, 30, 78]",torch.bfloat16,sdpa,True,True,0.0,0.0
b2/transformed/repeat/actions/step5,"[2, 30, 78]",torch.bfloat16,sdpa,True,True,0.0,0.0
b2/transformed/repeat/actions/step6,"[2, 30, 78]",torch.bfloat16,sdpa,True,True,0.0,0.0
b2/transformed/repeat/actions/step7,"[2, 30, 78]",torch.bfloat16,sdpa,True,True,0.0,0.0
b2/transformed/repeat/actions/step8,"[2, 30, 78]",torch.bfloat16,sdpa,True,True,0.0,0.0
b2/transformed/repeat/actions/step9,"[2, 30, 78]",torch.bfloat16,sdpa,True,True,0.0,0.0
b2/transformed/input_ids,"[2, 97]",torch.int64,sdpa,True,True,0.0,0.0
b2/transformed/attention_mask,"[2, 97]",torch.bool,sdpa,True,True,0.0,0.0
b2/transformed/image_grid_thw,"[2, 3]",torch.int64,sdpa,True,True,0.0,0.0
b2/transformed/pixel_values,"[640, 1536]",torch.bfloat16,sdpa,True,True,0.0,0.0
b2/transformed/positions,"[3, 2, 97]",torch.int64,sdpa,True,True,0.0,0.0
b2/transformed/features,"[2, 1, 97, 2048]",torch.bfloat16,sdpa,True,True,0.0,0.0
b2/transformed/final,"[2, 30, 78]",torch.float32,sdpa,True,False,0.0078125,0.002256325911730528
b2/transformed/time/0/step0,"[2, 1536]",torch.bfloat16,sdpa,True,True,0.0,0.0
b2/transformed/time/0/step1,"[2, 1536]",torch.bfloat16,sdpa,True,True,0.0,0.0
b2/transformed/time/0/step2,"[2, 1536]",torch.bfloat16,sdpa,True,True,0.0,0.0
b2/transformed/time/0/step3,"[2, 1536]",torch.bfloat16,sdpa,True,True,0.0,0.0
b2/transformed/time/0/step4,"[2, 1536]",torch.bfloat16,sdpa,True,True,0.0,0.0
b2/transformed/time/0/step5,"[2, 1536]",torch.bfloat16,sdpa,True,True,0.0,0.0
b2/transformed/time/0/step6,"[2, 1536]",torch.bfloat16,sdpa,True,True,0.0,0.0
b2/transformed/time/0/step7,"[2, 1536]",torch.bfloat16,sdpa,True,True,0.0,0.0
b2/transformed/time/0/step8,"[2, 1536]",torch.bfloat16,sdpa,True,True,0.0,0.0
b2/transformed/time/0/step9,"[2, 1536]",torch.bfloat16,sdpa,True,True,0.0,0.0
b2/transformed/action-in/0/step0,"[2, 30, 1536]",torch.bfloat16,sdpa,True,True,0.0,0.0
b2/transformed/action-in/0/step1,"[2, 30, 1536]",torch.bfloat16,sdpa,True,False,0.00390625,0.00033384570269845426
b2/transformed/action-in/0/step2,"[2, 30, 1536]",torch.bfloat16,sdpa,True,False,0.0078125,0.000412322289776057
b2/transformed/action-in/0/step3,"[2, 30, 1536]",torch.bfloat16,sdpa,True,False,0.0078125,0.0004193904169369489
b2/transformed/action-in/0/step4,"[2, 30, 1536]",torch.bfloat16,sdpa,True,False,0.0078125,0.000432755914516747
b2/transformed/action-in/0/step5,"[2, 30, 1536]",torch.bfloat16,sdpa,True,False,0.0078125,0.00041983721894212067
b2/transformed/action-in/0/step6,"[2, 30, 1536]",torch.bfloat16,sdpa,True,False,0.00390625,0.0004095533222425729
b2/transformed/action-in/0/step7,"[2, 30, 1536]",torch.bfloat16,sdpa,True,False,0.00390625,0.00039053443470038474
b2/transformed/action-in/0/step8,"[2, 30, 1536]",torch.bfloat16,sdpa,True,False,0.00390625,0.000390488508855924
b2/transformed/action-in/0/step9,"[2, 30, 1536]",torch.bfloat16,sdpa,True,False,0.00390625,0.00046648940769955516
b2/transformed/obs/0/step0,"[2, 98, 1536]",torch.bfloat16,sdpa,True,True,0.0,0.0
b2/transformed/obs/1/step0,"[2, 98]",torch.bool,sdpa,True,True,0.0,0.0
b2/transformed/block0/0/step0,"[2, 30, 1536]",torch.bfloat16,sdpa,True,True,0.0,0.0
b2/transformed/block0/0/step1,"[2, 30, 1536]",torch.bfloat16,sdpa,True,False,0.125,0.003554169088602066
b2/transformed/block0/0/step2,"[2, 30, 1536]",torch.bfloat16,sdpa,True,False,0.09375,0.0043966276571154594
b2/transformed/block0/0/step3,"[2, 30, 1536]",torch.bfloat16,sdpa,True,False,0.125,0.00491985771805048
b2/transformed/block0/0/step4,"[2, 30, 1536]",torch.bfloat16,sdpa,True,False,0.125,0.005577526055276394
b2/transformed/block0/0/step5,"[2, 30, 1536]",torch.bfloat16,sdpa,True,False,0.125,0.006007530726492405
b2/transformed/block0/0/step6,"[2, 30, 1536]",torch.bfloat16,sdpa,True,False,0.125,0.00662876944988966
b2/transformed/block0/0/step7,"[2, 30, 1536]",torch.bfloat16,sdpa,True,False,0.125,0.007615319453179836
b2/transformed/block0/0/step8,"[2, 30, 1536]",torch.bfloat16,sdpa,True,False,0.125,0.010154234245419502
b2/transformed/block0/0/step9,"[2, 30, 1536]",torch.bfloat16,sdpa,True,False,1.0,0.05623280256986618
b2/transformed/block0/1/step0,"[2, 98, 1536]",torch.bfloat16,sdpa,True,True,0.0,0.0
b2/transformed/block0/1/step1,"[2, 98, 1536]",torch.bfloat16,sdpa,True,False,4.0,0.00887979008257389
b2/transformed/block0/1/step2,"[2, 98, 1536]",torch.bfloat16,sdpa,True,False,4.0,0.009683659300208092
b2/transformed/block0/1/step3,"[2, 98, 1536]",torch.bfloat16,sdpa,True,False,4.0,0.011790938675403595
b2/transformed/block0/1/step4,"[2, 98, 1536]",torch.bfloat16,sdpa,True,False,4.0,0.013600049540400505
b2/transformed/block0/1/step5,"[2, 98, 1536]",torch.bfloat16,sdpa,True,False,2.0,0.00992726068943739
b2/transformed/block0/1/step6,"[2, 98, 1536]",torch.bfloat16,sdpa,True,False,4.0,0.012181700207293034
b2/transformed/block0/1/step7,"[2, 98, 1536]",torch.bfloat16,sdpa,True,False,8.0,0.019259493798017502
b2/transformed/block0/1/step8,"[2, 98, 1536]",torch.bfloat16,sdpa,True,False,1.0,0.009168918244540691
b2/transformed/block0/1/step9,"[2, 98, 1536]",torch.bfloat16,sdpa,True,False,8.0,0.030460258945822716
b2/transformed/block1/0/step0,"[2, 30, 1536]",torch.bfloat16,sdpa,True,True,0.0,0.0
b2/transformed/block1/0/step1,"[2, 30, 1536]",torch.bfloat16,sdpa,True,False,0.125,0.004319498315453529
b2/transformed/block1/0/step2,"[2, 30, 1536]",torch.bfloat16,sdpa,True,False,0.25,0.004942395258694887
b2/transformed/block1/0/step3,"[2, 30, 1536]",torch.bfloat16,sdpa,True,False,0.25,0.005482200067490339
b2/transformed/block1/0/step4,"[2, 30, 1536]",torch.bfloat16,sdpa,True,False,0.25,0.006098922807723284
b2/transformed/block1/0/step5,"[2, 30, 1536]",torch.bfloat16,sdpa,True,False,0.25,0.00640875194221735
b2/transformed/block1/0/step6,"[2, 30, 1536]",torch.bfloat16,sdpa,True,False,0.125,0.006925882771611214
b2/transformed/block1/0/step7,"[2, 30, 1536]",torch.bfloat16,sdpa,True,False,0.25,0.007954435423016548
b2/transformed/block1/0/step8,"[2, 30, 1536]",torch.bfloat16,sdpa,True,False,0.25,0.010446150787174702
b2/transformed/block1/0/step9,"[2, 30, 1536]",torch.bfloat16,sdpa,True,False,1.0,0.06139137223362923
b2/transformed/block1/1/step0,"[2, 98, 1536]",torch.bfloat16,sdpa,True,True,0.0,0.0
b2/transformed/block1/1/step1,"[2, 98, 1536]",torch.bfloat16,sdpa,True,False,4.0,0.01700240559875965
b2/transformed/block1/1/step2,"[2, 98, 1536]",torch.bfloat16,sdpa,True,False,4.0,0.013843964785337448
b2/transformed/block1/1/step3,"[2, 98, 1536]",torch.bfloat16,sdpa,True,False,4.0,0.018561067059636116
b2/transformed/block1/1/step4,"[2, 98, 1536]",torch.bfloat16,sdpa,True,False,4.0,0.016764886677265167
b2/transformed/block1/1/step5,"[2, 98, 1536]",torch.bfloat16,sdpa,True,False,2.0,0.01684589497745037
b2/transformed/block1/1/step6,"[2, 98, 1536]",torch.bfloat16,sdpa,True,False,4.0,0.01953103393316269
b2/transformed/block1/1/step7,"[2, 98, 1536]",torch.bfloat16,sdpa,True,False,8.0,0.023392532020807266
b2/transformed/block1/1/step8,"[2, 98, 1536]",torch.bfloat16,sdpa,True,False,8.0,0.02118799462914467
b2/transformed/block1/1/step9,"[2, 98, 1536]",torch.bfloat16,sdpa,True,False,8.0,0.036817390471696854
b2/transformed/block2/0/step0,"[2, 30, 1536]",torch.bfloat16,sdpa,True,True,0.0,0.0
b2/transformed/block2/0/step1,"[2, 30, 1536]",torch.bfloat16,sdpa,True,False,0.25,0.004628837574273348
b2/transformed/block2/0/step2,"[2, 30, 1536]",torch.bfloat16,sdpa,True,False,0.25,0.005280826240777969
b2/transformed/block2/0/step3,"[2, 30, 1536]",torch.bfloat16,sdpa,True,False,0.25,0.005795938894152641
b2/transformed/block2/0/step4,"[2, 30, 1536]",torch.bfloat16,sdpa,True,False,0.25,0.006373344920575619
b2/transformed/block2/0/step5,"[2, 30, 1536]",torch.bfloat16,sdpa,True,False,0.25,0.006891394499689341
b2/transformed/block2/0/step6,"[2, 30, 1536]",torch.bfloat16,sdpa,True,False,0.25,0.007231938652694225
b2/transformed/block2/0/step7,"[2, 30, 1536]",torch.bfloat16,sdpa,True,False,0.25,0.008246089331805706
b2/transformed/block2/0/step8,"[2, 30, 1536]",torch.bfloat16,sdpa,True,False,0.25,0.011054502800107002
b2/transformed/block2/0/step9,"[2, 30, 1536]",torch.bfloat16,sdpa,True,False,1.0,0.0715484693646431
b2/transformed/block2/1/step0,"[2, 98, 1536]",torch.bfloat16,sdpa,True,True,0.0,0.0
b2/transformed/block2/1/step1,"[2, 98, 1536]",torch.bfloat16,sdpa,True,False,4.0,0.0229424349963665
b2/transformed/block2/1/step2,"[2, 98, 1536]",torch.bfloat16,sdpa,True,False,4.0,0.018774857744574547
b2/transformed/block2/1/step3,"[2, 98, 1536]",torch.bfloat16,sdpa,True,False,4.0,0.024090375751256943
b2/transformed/block2/1/step4,"[2, 98, 1536]",torch.bfloat16,sdpa,True,False,4.0,0.021132254973053932
b2/transformed/block2/1/step5,"[2, 98, 1536]",torch.bfloat16,sdpa,True,False,4.0,0.022637169808149338
b2/transformed/block2/1/step6,"[2, 98, 1536]",torch.bfloat16,sdpa,True,False,4.0,0.02499796822667122
b2/transformed/block2/1/step7,"[2, 98, 1536]",torch.bfloat16,sdpa,True,False,8.0,0.033184755593538284
b2/transformed/block2/1/step8,"[2, 98, 1536]",torch.bfloat16,sdpa,True,False,8.0,0.028040029108524323
b2/transformed/block2/1/step9,"[2, 98, 1536]",torch.bfloat16,sdpa,True,False,8.0,0.04569938778877258
b2/transformed/block3/0/step0,"[2, 30, 1536]",torch.bfloat16,sdpa,True,True,0.0,0.0
b2/transformed/block3/0/step1,"[2, 30, 1536]",torch.bfloat16,sdpa,True,False,0.25,0.004914902150630951
b2/transformed/block3/0/step2,"[2, 30, 1536]",torch.bfloat16,sdpa,True,False,0.25,0.005484366323798895
b2/transformed/block3/0/step3,"[2, 30, 1536]",torch.bfloat16,sdpa,True,False,0.25,0.006184582598507404
b2/transformed/block3/0/step4,"[2, 30, 1536]",torch.bfloat16,sdpa,True,False,0.5,0.006715796422213316
b2/transformed/block3/0/step5,"[2, 30, 1536]",torch.bfloat16,sdpa,True,False,0.5,0.007445555180311203
b2/transformed/block3/0/step6,"[2, 30, 1536]",torch.bfloat16,sdpa,True,False,0.25,0.007625419646501541
b2/transformed/block3/0/step7,"[2, 30, 1536]",torch.bfloat16,sdpa,True,False,0.25,0.008576964028179646
b2/transformed/block3/0/step8,"[2, 30, 1536]",torch.bfloat16,sdpa,True,False,0.25,0.011690398678183556
b2/transformed/block3/0/step9,"[2, 30, 1536]",torch.bfloat16,sdpa,True,False,3.5234375,0.20882324874401093
b2/transformed/block3/1/step0,"[2, 98, 1536]",torch.bfloat16,sdpa,True,True,0.0,0.0
b2/transformed/block3/1/step1,"[2, 98, 1536]",torch.bfloat16,sdpa,True,False,4.0,0.03167096897959709
b2/transformed/block3/1/step2,"[2, 98, 1536]",torch.bfloat16,sdpa,True,False,4.0,0.030031831935048103
b2/transformed/block3/1/step3,"[2, 98, 1536]",torch.bfloat16,sdpa,True,False,4.0,0.03443553298711777
b2/transformed/block3/1/step4,"[2, 98, 1536]",torch.bfloat16,sdpa,True,False,8.0,0.036695972084999084
b2/transformed/block3/1/step5,"[2, 98, 1536]",torch.bfloat16,sdpa,True,False,4.0,0.033131588250398636
b2/transformed/block3/1/step6,"[2, 98, 1536]",torch.bfloat16,sdpa,True,False,4.0,0.031983520835638046
b2/transformed/block3/1/step7,"[2, 98, 1536]",torch.bfloat16,sdpa,True,False,12.0,0.04717320203781128
b2/transformed/block3/1/step8,"[2, 98, 1536]",torch.bfloat16,sdpa,True,False,8.0,0.040203534066677094
b2/transformed/block3/1/step9,"[2, 98, 1536]",torch.bfloat16,sdpa,True,False,8.0,0.05843810737133026
b2/transformed/block4/0/step0,"[2, 30, 1536]",torch.bfloat16,sdpa,True,True,0.0,0.0
b2/transformed/block4/0/step1,"[2, 30, 1536]",torch.bfloat16,sdpa,True,False,0.5,0.006548120640218258
b2/transformed/block4/0/step2,"[2, 30, 1536]",torch.bfloat16,sdpa,True,False,0.25,0.006757944822311401
b2/transformed/block4/0/step3,"[2, 30, 1536]",torch.bfloat16,sdpa,True,False,0.5,0.008021771907806396
b2/transformed/block4/0/step4,"[2, 30, 1536]",torch.bfloat16,sdpa,True,False,0.5,0.008470673114061356
b2/transformed/block4/0/step5,"[2, 30, 1536]",torch.bfloat16,sdpa,True,False,0.5,0.008737943135201931
b2/transformed/block4/0/step6,"[2, 30, 1536]",torch.bfloat16,sdpa,True,False,0.25,0.008925980888307095
b2/transformed/block4/0/step7,"[2, 30, 1536]",torch.bfloat16,sdpa,True,False,0.25,0.009658226743340492
b2/transformed/block4/0/step8,"[2, 30, 1536]",torch.bfloat16,sdpa,True,False,0.25,0.012749501504004002
b2/transformed/block4/0/step9,"[2, 30, 1536]",torch.bfloat16,sdpa,True,False,6.21875,0.3813643455505371
b2/transformed/block4/1/step0,"[2, 98, 1536]",torch.bfloat16,sdpa,True,True,0.0,0.0
b2/transformed/block4/1/step1,"[2, 98, 1536]",torch.bfloat16,sdpa,True,False,4.0,0.043892983347177505
b2/transformed/block4/1/step2,"[2, 98, 1536]",torch.bfloat16,sdpa,True,False,8.0,0.04293113201856613
b2/transformed/block4/1/step3,"[2, 98, 1536]",torch.bfloat16,sdpa,True,False,8.0,0.04756171628832817
b2/transformed/block4/1/step4,"[2, 98, 1536]",torch.bfloat16,sdpa,True,False,8.0,0.047382280230522156
b2/transformed/block4/1/step5,"[2, 98, 1536]",torch.bfloat16,sdpa,True,False,8.0,0.049293629825115204
b2/transformed/block4/1/step6,"[2, 98, 1536]",torch.bfloat16,sdpa,True,False,8.0,0.04731122776865959
b2/transformed/block4/1/step7,"[2, 98, 1536]",torch.bfloat16,sdpa,True,False,16.0,0.06154249981045723
b2/transformed/block4/1/step8,"[2, 98, 1536]",torch.bfloat16,sdpa,True,False,8.0,0.05303413048386574
b2/transformed/block4/1/step9,"[2, 98, 1536]",torch.bfloat16,sdpa,True,False,8.0,0.09034715592861176
b2/transformed/block5/0/step0,"[2, 30, 1536]",torch.bfloat16,sdpa,True,True,0.0,0.0
b2/transformed/block5/0/step1,"[2, 30, 1536]",torch.bfloat16,sdpa,True,False,0.5,0.014968565665185452
b2/transformed/block5/0/step2,"[2, 30, 1536]",torch.bfloat16,sdpa,True,False,0.5,0.015623907558619976
b2/transformed/block5/0/step3,"[2, 30, 1536]",torch.bfloat16,sdpa,True,False,0.5,0.016830338165163994
b2/transformed/block5/0/step4,"[2, 30, 1536]",torch.bfloat16,sdpa,True,False,0.5,0.018172631040215492
b2/transformed/block5/0/step5,"[2, 30, 1536]",torch.bfloat16,sdpa,True,False,0.5,0.01406553853303194
b2/transformed/block5/0/step6,"[2, 30, 1536]",torch.bfloat16,sdpa,True,False,0.5,0.013338761404156685
b2/transformed/block5/0/step7,"[2, 30, 1536]",torch.bfloat16,sdpa,True,False,0.5,0.013787184841930866
b2/transformed/block5/0/step8,"[2, 30, 1536]",torch.bfloat16,sdpa,True,False,0.375,0.015620258636772633
b2/transformed/block5/0/step9,"[2, 30, 1536]",torch.bfloat16,sdpa,True,False,7.0,0.41858553886413574
b2/transformed/velocity/step0,"[2, 30, 78]",torch.bfloat16,sdpa,True,True,0.0,0.0
b2/transformed/velocity/step1,"[2, 30, 78]",torch.bfloat16,sdpa,True,False,0.015625,0.004257383290678263
b2/transformed/velocity/step2,"[2, 30, 78]",torch.bfloat16,sdpa,True,False,0.03125,0.00552276661619544
b2/transformed/velocity/step3,"[2, 30, 78]",torch.bfloat16,sdpa,True,False,0.046875,0.006028494331985712
b2/transformed/velocity/step4,"[2, 30, 78]",torch.bfloat16,sdpa,True,False,0.046875,0.006857074797153473
b2/transformed/velocity/step5,"[2, 30, 78]",torch.bfloat16,sdpa,True,False,0.046875,0.007951229810714722
b2/transformed/velocity/step6,"[2, 30, 78]",torch.bfloat16,sdpa,True,False,0.046875,0.009313289076089859
b2/transformed/velocity/step7,"[2, 30, 78]",torch.bfloat16,sdpa,True,False,0.0625,0.013032729737460613
b2/transformed/velocity/step8,"[2, 30, 78]",torch.bfloat16,sdpa,True,False,0.1171875,0.023433484137058258
b2/transformed/velocity/step9,"[2, 30, 78]",torch.bfloat16,sdpa,True,False,4.0546875,0.5178661346435547
b2/transformed/actions/step0,"[2, 30, 78]",torch.bfloat16,sdpa,True,False,0.015625,0.0008885777788236737
b2/transformed/actions/step1,"[2, 30, 78]",torch.bfloat16,sdpa,True,False,0.015625,0.0015255371108651161
b2/transformed/actions/step2,"[2, 30, 78]",torch.bfloat16,sdpa,True,False,0.015625,0.0018915539840236306
b2/transformed/actions/step3,"[2, 30, 78]",torch.bfloat16,sdpa,True,False,0.015625,0.002084020059555769
b2/transformed/actions/step4,"[2, 30, 78]",torch.bfloat16,sdpa,True,False,0.015625,0.0021132132969796658
b2/transformed/actions/step5,"[2, 30, 78]",torch.bfloat16,sdpa,True,False,0.015625,0.002025845693424344
b2/transformed/actions/step6,"[2, 30, 78]",torch.bfloat16,sdpa,True,False,0.01171875,0.0018619125476107001
b2/transformed/actions/step7,"[2, 30, 78]",torch.bfloat16,sdpa,True,False,0.0078125,0.0017511339392513037
b2/transformed/actions/step8,"[2, 30, 78]",torch.bfloat16,sdpa,True,False,0.0087890625,0.0023101121187210083
b2/transformed/actions/step9,"[2, 30, 78]",torch.bfloat16,sdpa,True,False,0.0078125,0.002256325911730528
b2/transformed/denormalized,"[2, 30, 78]",torch.float32,sdpa,True,False,0.0068359375,0.001026540296152234
b2/pixels-changed/repeat/input_ids,"[2, 97]",torch.int64,sdpa,True,True,0.0,0.0
b2/pixels-changed/repeat/attention_mask,"[2, 97]",torch.bool,sdpa,True,True,0.0,0.0
b2/pixels-changed/repeat/image_grid_thw,"[2, 3]",torch.int64,sdpa,True,True,0.0,0.0
b2/pixels-changed/repeat/pixel_values,"[640, 1536]",torch.bfloat16,sdpa,True,True,0.0,0.0
b2/pixels-changed/repeat/positions,"[3, 2, 97]",torch.int64,sdpa,True,True,0.0,0.0
b2/pixels-changed/repeat/features,"[2, 1, 97, 2048]",torch.bfloat16,sdpa,True,True,0.0,0.0
b2/pixels-changed/repeat/final,"[2, 30, 78]",torch.float32,sdpa,True,True,0.0,0.0
b2/pixels-changed/repeat/time/0/step0,"[2, 1536]",torch.bfloat16,sdpa,True,True,0.0,0.0
b2/pixels-changed/repeat/time/0/step1,"[2, 1536]",torch.bfloat16,sdpa,True,True,0.0,0.0
b2/pixels-changed/repeat/time/0/step2,"[2, 1536]",torch.bfloat16,sdpa,True,True,0.0,0.0
b2/pixels-changed/repeat/time/0/step3,"[2, 1536]",torch.bfloat16,sdpa,True,True,0.0,0.0
b2/pixels-changed/repeat/time/0/step4,"[2, 1536]",torch.bfloat16,sdpa,True,True,0.0,0.0
b2/pixels-changed/repeat/time/0/step5,"[2, 1536]",torch.bfloat16,sdpa,True,True,0.0,0.0
b2/pixels-changed/repeat/time/0/step6,"[2, 1536]",torch.bfloat16,sdpa,True,True,0.0,0.0
b2/pixels-changed/repeat/time/0/step7,"[2, 1536]",torch.bfloat16,sdpa,True,True,0.0,0.0
b2/pixels-changed/repeat/time/0/step8,"[2, 1536]",torch.bfloat16,sdpa,True,True,0.0,0.0
b2/pixels-changed/repeat/time/0/step9,"[2, 1536]",torch.bfloat16,sdpa,True,True,0.0,0.0
b2/pixels-changed/repeat/action-in/0/step0,"[2, 30, 1536]",torch.bfloat16,sdpa,True,True,0.0,0.0
b2/pixels-changed/repeat/action-in/0/step1,"[2, 30, 1536]",torch.bfloat16,sdpa,True,True,0.0,0.0
b2/pixels-changed/repeat/action-in/0/step2,"[2, 30, 1536]",torch.bfloat16,sdpa,True,True,0.0,0.0
b2/pixels-changed/repeat/action-in/0/step3,"[2, 30, 1536]",torch.bfloat16,sdpa,True,True,0.0,0.0
b2/pixels-changed/repeat/action-in/0/step4,"[2, 30, 1536]",torch.bfloat16,sdpa,True,True,0.0,0.0
b2/pixels-changed/repeat/action-in/0/step5,"[2, 30, 1536]",torch.bfloat16,sdpa,True,True,0.0,0.0
b2/pixels-changed/repeat/action-in/0/step6,"[2, 30, 1536]",torch.bfloat16,sdpa,True,True,0.0,0.0
b2/pixels-changed/repeat/action-in/0/step7,"[2, 30, 1536]",torch.bfloat16,sdpa,True,True,0.0,0.0
b2/pixels-changed/repeat/action-in/0/step8,"[2, 30, 1536]",torch.bfloat16,sdpa,True,True,0.0,0.0
b2/pixels-changed/repeat/action-in/0/step9,"[2, 30, 1536]",torch.bfloat16,sdpa,True,True,0.0,0.0
b2/pixels-changed/repeat/obs/0/step0,"[2, 98, 1536]",torch.bfloat16,sdpa,True,True,0.0,0.0
b2/pixels-changed/repeat/obs/0/step1,"[2, 98, 1536]",torch.bfloat16,sdpa,True,True,0.0,0.0
b2/pixels-changed/repeat/obs/0/step2,"[2, 98, 1536]",torch.bfloat16,sdpa,True,True,0.0,0.0
b2/pixels-changed/repeat/obs/0/step3,"[2, 98, 1536]",torch.bfloat16,sdpa,True,True,0.0,0.0
b2/pixels-changed/repeat/obs/0/step4,"[2, 98, 1536]",torch.bfloat16,sdpa,True,True,0.0,0.0
b2/pixels-changed/repeat/obs/0/step5,"[2, 98, 1536]",torch.bfloat16,sdpa,True,True,0.0,0.0
b2/pixels-changed/repeat/obs/0/step6,"[2, 98, 1536]",torch.bfloat16,sdpa,True,True,0.0,0.0
b2/pixels-changed/repeat/obs/0/step7,"[2, 98, 1536]",torch.bfloat16,sdpa,True,True,0.0,0.0
b2/pixels-changed/repeat/obs/0/step8,"[2, 98, 1536]",torch.bfloat16,sdpa,True,True,0.0,0.0
b2/pixels-changed/repeat/obs/0/step9,"[2, 98, 1536]",torch.bfloat16,sdpa,True,True,0.0,0.0
b2/pixels-changed/repeat/obs/1/step0,"[2, 98]",torch.float32,sdpa,True,True,0.0,0.0
b2/pixels-changed/repeat/obs/1/step1,"[2, 98]",torch.float32,sdpa,True,True,0.0,0.0
b2/pixels-changed/repeat/obs/1/step2,"[2, 98]",torch.float32,sdpa,True,True,0.0,0.0
b2/pixels-changed/repeat/obs/1/step3,"[2, 98]",torch.float32,sdpa,True,True,0.0,0.0
b2/pixels-changed/repeat/obs/1/step4,"[2, 98]",torch.float32,sdpa,True,True,0.0,0.0
b2/pixels-changed/repeat/obs/1/step5,"[2, 98]",torch.float32,sdpa,True,True,0.0,0.0
b2/pixels-changed/repeat/obs/1/step6,"[2, 98]",torch.float32,sdpa,True,True,0.0,0.0
b2/pixels-changed/repeat/obs/1/step7,"[2, 98]",torch.float32,sdpa,True,True,0.0,0.0
b2/pixels-changed/repeat/obs/1/step8,"[2, 98]",torch.float32,sdpa,True,True,0.0,0.0
b2/pixels-changed/repeat/obs/1/step9,"[2, 98]",torch.float32,sdpa,True,True,0.0,0.0
b2/pixels-changed/repeat/block0/0/step0,"[2, 30, 1536]",torch.bfloat16,sdpa,True,True,0.0,0.0
b2/pixels-changed/repeat/block0/0/step1,"[2, 30, 1536]",torch.bfloat16,sdpa,True,True,0.0,0.0
b2/pixels-changed/repeat/block0/0/step2,"[2, 30, 1536]",torch.bfloat16,sdpa,True,True,0.0,0.0
b2/pixels-changed/repeat/block0/0/step3,"[2, 30, 1536]",torch.bfloat16,sdpa,True,True,0.0,0.0
b2/pixels-changed/repeat/block0/0/step4,"[2, 30, 1536]",torch.bfloat16,sdpa,True,True,0.0,0.0
b2/pixels-changed/repeat/block0/0/step5,"[2, 30, 1536]",torch.bfloat16,sdpa,True,True,0.0,0.0
b2/pixels-changed/repeat/block0/0/step6,"[2, 30, 1536]",torch.bfloat16,sdpa,True,True,0.0,0.0
b2/pixels-changed/repeat/block0/0/step7,"[2, 30, 1536]",torch.bfloat16,sdpa,True,True,0.0,0.0
b2/pixels-changed/repeat/block0/0/step8,"[2, 30, 1536]",torch.bfloat16,sdpa,True,True,0.0,0.0
b2/pixels-changed/repeat/block0/0/step9,"[2, 30, 1536]",torch.bfloat16,sdpa,True,True,0.0,0.0
b2/pixels-changed/repeat/block0/1/step0,"[2, 98, 1536]",torch.bfloat16,sdpa,True,True,0.0,0.0
b2/pixels-changed/repeat/block0/1/step1,"[2, 98, 1536]",torch.bfloat16,sdpa,True,True,0.0,0.0
b2/pixels-changed/repeat/block0/1/step2,"[2, 98, 1536]",torch.bfloat16,sdpa,True,True,0.0,0.0
b2/pixels-changed/repeat/block0/1/step3,"[2, 98, 1536]",torch.bfloat16,sdpa,True,True,0.0,0.0
b2/pixels-changed/repeat/block0/1/step4,"[2, 98, 1536]",torch.bfloat16,sdpa,True,True,0.0,0.0
b2/pixels-changed/repeat/block0/1/step5,"[2, 98, 1536]",torch.bfloat16,sdpa,True,True,0.0,0.0
b2/pixels-changed/repeat/block0/1/step6,"[2, 98, 1536]",torch.bfloat16,sdpa,True,True,0.0,0.0
b2/pixels-changed/repeat/block0/1/step7,"[2, 98, 1536]",torch.bfloat16,sdpa,True,True,0.0,0.0
b2/pixels-changed/repeat/block0/1/step8,"[2, 98, 1536]",torch.bfloat16,sdpa,True,True,0.0,0.0
b2/pixels-changed/repeat/block0/1/step9,"[2, 98, 1536]",torch.bfloat16,sdpa,True,True,0.0,0.0
b2/pixels-changed/repeat/block1/0/step0,"[2, 30, 1536]",torch.bfloat16,sdpa,True,True,0.0,0.0
b2/pixels-changed/repeat/block1/0/step1,"[2, 30, 1536]",torch.bfloat16,sdpa,True,True,0.0,0.0
b2/pixels-changed/repeat/block1/0/step2,"[2, 30, 1536]",torch.bfloat16,sdpa,True,True,0.0,0.0
b2/pixels-changed/repeat/block1/0/step3,"[2, 30, 1536]",torch.bfloat16,sdpa,True,True,0.0,0.0
b2/pixels-changed/repeat/block1/0/step4,"[2, 30, 1536]",torch.bfloat16,sdpa,True,True,0.0,0.0
b2/pixels-changed/repeat/block1/0/step5,"[2, 30, 1536]",torch.bfloat16,sdpa,True,True,0.0,0.0
b2/pixels-changed/repeat/block1/0/step6,"[2, 30, 1536]",torch.bfloat16,sdpa,True,True,0.0,0.0
b2/pixels-changed/repeat/block1/0/step7,"[2, 30, 1536]",torch.bfloat16,sdpa,True,True,0.0,0.0
b2/pixels-changed/repeat/block1/0/step8,"[2, 30, 1536]",torch.bfloat16,sdpa,True,True,0.0,0.0
b2/pixels-changed/repeat/block1/0/step9,"[2, 30, 1536]",torch.bfloat16,sdpa,True,True,0.0,0.0
b2/pixels-changed/repeat/block1/1/step0,"[2, 98, 1536]",torch.bfloat16,sdpa,True,True,0.0,0.0
b2/pixels-changed/repeat/block1/1/step1,"[2, 98, 1536]",torch.bfloat16,sdpa,True,True,0.0,0.0
b2/pixels-changed/repeat/block1/1/step2,"[2, 98, 1536]",torch.bfloat16,sdpa,True,True,0.0,0.0
b2/pixels-changed/repeat/block1/1/step3,"[2, 98, 1536]",torch.bfloat16,sdpa,True,True,0.0,0.0
b2/pixels-changed/repeat/block1/1/step4,"[2, 98, 1536]",torch.bfloat16,sdpa,True,True,0.0,0.0
b2/pixels-changed/repeat/block1/1/step5,"[2, 98, 1536]",torch.bfloat16,sdpa,True,True,0.0,0.0
b2/pixels-changed/repeat/block1/1/step6,"[2, 98, 1536]",torch.bfloat16,sdpa,True,True,0.0,0.0
b2/pixels-changed/repeat/block1/1/step7,"[2, 98, 1536]",torch.bfloat16,sdpa,True,True,0.0,0.0
b2/pixels-changed/repeat/block1/1/step8,"[2, 98, 1536]",torch.bfloat16,sdpa,True,True,0.0,0.0
b2/pixels-changed/repeat/block1/1/step9,"[2, 98, 1536]",torch.bfloat16,sdpa,True,True,0.0,0.0
b2/pixels-changed/repeat/block2/0/step0,"[2, 30, 1536]",torch.bfloat16,sdpa,True,True,0.0,0.0
b2/pixels-changed/repeat/block2/0/step1,"[2, 30, 1536]",torch.bfloat16,sdpa,True,True,0.0,0.0
b2/pixels-changed/repeat/block2/0/step2,"[2, 30, 1536]",torch.bfloat16,sdpa,True,True,0.0,0.0
b2/pixels-changed/repeat/block2/0/step3,"[2, 30, 1536]",torch.bfloat16,sdpa,True,True,0.0,0.0
b2/pixels-changed/repeat/block2/0/step4,"[2, 30, 1536]",torch.bfloat16,sdpa,True,True,0.0,0.0
b2/pixels-changed/repeat/block2/0/step5,"[2, 30, 1536]",torch.bfloat16,sdpa,True,True,0.0,0.0
b2/pixels-changed/repeat/block2/0/step6,"[2, 30, 1536]",torch.bfloat16,sdpa,True,True,0.0,0.0
b2/pixels-changed/repeat/block2/0/step7,"[2, 30, 1536]",torch.bfloat16,sdpa,True,True,0.0,0.0
b2/pixels-changed/repeat/block2/0/step8,"[2, 30, 1536]",torch.bfloat16,sdpa,True,True,0.0,0.0
b2/pixels-changed/repeat/block2/0/step9,"[2, 30, 1536]",torch.bfloat16,sdpa,True,True,0.0,0.0
b2/pixels-changed/repeat/block2/1/step0,"[2, 98, 1536]",torch.bfloat16,sdpa,True,True,0.0,0.0
b2/pixels-changed/repeat/block2/1/step1,"[2, 98, 1536]",torch.bfloat16,sdpa,True,True,0.0,0.0
b2/pixels-changed/repeat/block2/1/step2,"[2, 98, 1536]",torch.bfloat16,sdpa,True,True,0.0,0.0
b2/pixels-changed/repeat/block2/1/step3,"[2, 98, 1536]",torch.bfloat16,sdpa,True,True,0.0,0.0
b2/pixels-changed/repeat/block2/1/step4,"[2, 98, 1536]",torch.bfloat16,sdpa,True,True,0.0,0.0
b2/pixels-changed/repeat/block2/1/step5,"[2, 98, 1536]",torch.bfloat16,sdpa,True,True,0.0,0.0
b2/pixels-changed/repeat/block2/1/step6,"[2, 98, 1536]",torch.bfloat16,sdpa,True,True,0.0,0.0
b2/pixels-changed/repeat/block2/1/step7,"[2, 98, 1536]",torch.bfloat16,sdpa,True,True,0.0,0.0
b2/pixels-changed/repeat/block2/1/step8,"[2, 98, 1536]",torch.bfloat16,sdpa,True,True,0.0,0.0
b2/pixels-changed/repeat/block2/1/step9,"[2, 98, 1536]",torch.bfloat16,sdpa,True,True,0.0,0.0
b2/pixels-changed/repeat/block3/0/step0,"[2, 30, 1536]",torch.bfloat16,sdpa,True,True,0.0,0.0
b2/pixels-changed/repeat/block3/0/step1,"[2, 30, 1536]",torch.bfloat16,sdpa,True,True,0.0,0.0
b2/pixels-changed/repeat/block3/0/step2,"[2, 30, 1536]",torch.bfloat16,sdpa,True,True,0.0,0.0
b2/pixels-changed/repeat/block3/0/step3,"[2, 30, 1536]",torch.bfloat16,sdpa,True,True,0.0,0.0
b2/pixels-changed/repeat/block3/0/step4,"[2, 30, 1536]",torch.bfloat16,sdpa,True,True,0.0,0.0
b2/pixels-changed/repeat/block3/0/step5,"[2, 30, 1536]",torch.bfloat16,sdpa,True,True,0.0,0.0
b2/pixels-changed/repeat/block3/0/step6,"[2, 30, 1536]",torch.bfloat16,sdpa,True,True,0.0,0.0
b2/pixels-changed/repeat/block3/0/step7,"[2, 30, 1536]",torch.bfloat16,sdpa,True,True,0.0,0.0
b2/pixels-changed/repeat/block3/0/step8,"[2, 30, 1536]",torch.bfloat16,sdpa,True,True,0.0,0.0
b2/pixels-changed/repeat/block3/0/step9,"[2, 30, 1536]",torch.bfloat16,sdpa,True,True,0.0,0.0
b2/pixels-changed/repeat/block3/1/step0,"[2, 98, 1536]",torch.bfloat16,sdpa,True,True,0.0,0.0
b2/pixels-changed/repeat/block3/1/step1,"[2, 98, 1536]",torch.bfloat16,sdpa,True,True,0.0,0.0
b2/pixels-changed/repeat/block3/1/step2,"[2, 98, 1536]",torch.bfloat16,sdpa,True,True,0.0,0.0
b2/pixels-changed/repeat/block3/1/step3,"[2, 98, 1536]",torch.bfloat16,sdpa,True,True,0.0,0.0
b2/pixels-changed/repeat/block3/1/step4,"[2, 98, 1536]",torch.bfloat16,sdpa,True,True,0.0,0.0
b2/pixels-changed/repeat/block3/1/step5,"[2, 98, 1536]",torch.bfloat16,sdpa,True,True,0.0,0.0
b2/pixels-changed/repeat/block3/1/step6,"[2, 98, 1536]",torch.bfloat16,sdpa,True,True,0.0,0.0
b2/pixels-changed/repeat/block3/1/step7,"[2, 98, 1536]",torch.bfloat16,sdpa,True,True,0.0,0.0
b2/pixels-changed/repeat/block3/1/step8,"[2, 98, 1536]",torch.bfloat16,sdpa,True,True,0.0,0.0
b2/pixels-changed/repeat/block3/1/step9,"[2, 98, 1536]",torch.bfloat16,sdpa,True,True,0.0,0.0
b2/pixels-changed/repeat/block4/0/step0,"[2, 30, 1536]",torch.bfloat16,sdpa,True,True,0.0,0.0
b2/pixels-changed/repeat/block4/0/step1,"[2, 30, 1536]",torch.bfloat16,sdpa,True,True,0.0,0.0
b2/pixels-changed/repeat/block4/0/step2,"[2, 30, 1536]",torch.bfloat16,sdpa,True,True,0.0,0.0
b2/pixels-changed/repeat/block4/0/step3,"[2, 30, 1536]",torch.bfloat16,sdpa,True,True,0.0,0.0
b2/pixels-changed/repeat/block4/0/step4,"[2, 30, 1536]",torch.bfloat16,sdpa,True,True,0.0,0.0
b2/pixels-changed/repeat/block4/0/step5,"[2, 30, 1536]",torch.bfloat16,sdpa,True,True,0.0,0.0
b2/pixels-changed/repeat/block4/0/step6,"[2, 30, 1536]",torch.bfloat16,sdpa,True,True,0.0,0.0
b2/pixels-changed/repeat/block4/0/step7,"[2, 30, 1536]",torch.bfloat16,sdpa,True,True,0.0,0.0
b2/pixels-changed/repeat/block4/0/step8,"[2, 30, 1536]",torch.bfloat16,sdpa,True,True,0.0,0.0
b2/pixels-changed/repeat/block4/0/step9,"[2, 30, 1536]",torch.bfloat16,sdpa,True,True,0.0,0.0
b2/pixels-changed/repeat/block4/1/step0,"[2, 98, 1536]",torch.bfloat16,sdpa,True,True,0.0,0.0
b2/pixels-changed/repeat/block4/1/step1,"[2, 98, 1536]",torch.bfloat16,sdpa,True,True,0.0,0.0
b2/pixels-changed/repeat/block4/1/step2,"[2, 98, 1536]",torch.bfloat16,sdpa,True,True,0.0,0.0
b2/pixels-changed/repeat/block4/1/step3,"[2, 98, 1536]",torch.bfloat16,sdpa,True,True,0.0,0.0
b2/pixels-changed/repeat/block4/1/step4,"[2, 98, 1536]",torch.bfloat16,sdpa,True,True,0.0,0.0
b2/pixels-changed/repeat/block4/1/step5,"[2, 98, 1536]",torch.bfloat16,sdpa,True,True,0.0,0.0
b2/pixels-changed/repeat/block4/1/step6,"[2, 98, 1536]",torch.bfloat16,sdpa,True,True,0.0,0.0
b2/pixels-changed/repeat/block4/1/step7,"[2, 98, 1536]",torch.bfloat16,sdpa,True,True,0.0,0.0
b2/pixels-changed/repeat/block4/1/step8,"[2, 98, 1536]",torch.bfloat16,sdpa,True,True,0.0,0.0
b2/pixels-changed/repeat/block4/1/step9,"[2, 98, 1536]",torch.bfloat16,sdpa,True,True,0.0,0.0
b2/pixels-changed/repeat/block5/0/step0,"[2, 30, 1536]",torch.bfloat16,sdpa,True,True,0.0,0.0
b2/pixels-changed/repeat/block5/0/step1,"[2, 30, 1536]",torch.bfloat16,sdpa,True,True,0.0,0.0
b2/pixels-changed/repeat/block5/0/step2,"[2, 30, 1536]",torch.bfloat16,sdpa,True,True,0.0,0.0
b2/pixels-changed/repeat/block5/0/step3,"[2, 30, 1536]",torch.bfloat16,sdpa,True,True,0.0,0.0
b2/pixels-changed/repeat/block5/0/step4,"[2, 30, 1536]",torch.bfloat16,sdpa,True,True,0.0,0.0
b2/pixels-changed/repeat/block5/0/step5,"[2, 30, 1536]",torch.bfloat16,sdpa,True,True,0.0,0.0
b2/pixels-changed/repeat/block5/0/step6,"[2, 30, 1536]",torch.bfloat16,sdpa,True,True,0.0,0.0
b2/pixels-changed/repeat/block5/0/step7,"[2, 30, 1536]",torch.bfloat16,sdpa,True,True,0.0,0.0
b2/pixels-changed/repeat/block5/0/step8,"[2, 30, 1536]",torch.bfloat16,sdpa,True,True,0.0,0.0
b2/pixels-changed/repeat/block5/0/step9,"[2, 30, 1536]",torch.bfloat16,sdpa,True,True,0.0,0.0
b2/pixels-changed/repeat/velocity/step0,"[2, 30, 78]",torch.bfloat16,sdpa,True,True,0.0,0.0
b2/pixels-changed/repeat/velocity/step1,"[2, 30, 78]",torch.bfloat16,sdpa,True,True,0.0,0.0
b2/pixels-changed/repeat/velocity/step2,"[2, 30, 78]",torch.bfloat16,sdpa,True,True,0.0,0.0
b2/pixels-changed/repeat/velocity/step3,"[2, 30, 78]",torch.bfloat16,sdpa,True,True,0.0,0.0
b2/pixels-changed/repeat/velocity/step4,"[2, 30, 78]",torch.bfloat16,sdpa,True,True,0.0,0.0
b2/pixels-changed/repeat/velocity/step5,"[2, 30, 78]",torch.bfloat16,sdpa,True,True,0.0,0.0
b2/pixels-changed/repeat/velocity/step6,"[2, 30, 78]",torch.bfloat16,sdpa,True,True,0.0,0.0
b2/pixels-changed/repeat/velocity/step7,"[2, 30, 78]",torch.bfloat16,sdpa,True,True,0.0,0.0
b2/pixels-changed/repeat/velocity/step8,"[2, 30, 78]",torch.bfloat16,sdpa,True,True,0.0,0.0
b2/pixels-changed/repeat/velocity/step9,"[2, 30, 78]",torch.bfloat16,sdpa,True,True,0.0,0.0
b2/pixels-changed/repeat/actions/step0,"[2, 30, 78]",torch.bfloat16,sdpa,True,True,0.0,0.0
b2/pixels-changed/repeat/actions/step1,"[2, 30, 78]",torch.bfloat16,sdpa,True,True,0.0,0.0
b2/pixels-changed/repeat/actions/step2,"[2, 30, 78]",torch.bfloat16,sdpa,True,True,0.0,0.0
b2/pixels-changed/repeat/actions/step3,"[2, 30, 78]",torch.bfloat16,sdpa,True,True,0.0,0.0
b2/pixels-changed/repeat/actions/step4,"[2, 30, 78]",torch.bfloat16,sdpa,True,True,0.0,0.0
b2/pixels-changed/repeat/actions/step5,"[2, 30, 78]",torch.bfloat16,sdpa,True,True,0.0,0.0
b2/pixels-changed/repeat/actions/step6,"[2, 30, 78]",torch.bfloat16,sdpa,True,True,0.0,0.0
b2/pixels-changed/repeat/actions/step7,"[2, 30, 78]",torch.bfloat16,sdpa,True,True,0.0,0.0
b2/pixels-changed/repeat/actions/step8,"[2, 30, 78]",torch.bfloat16,sdpa,True,True,0.0,0.0
b2/pixels-changed/repeat/actions/step9,"[2, 30, 78]",torch.bfloat16,sdpa,True,True,0.0,0.0
b2/pixels-changed/input_ids,"[2, 97]",torch.int64,sdpa,True,True,0.0,0.0
b2/pixels-changed/attention_mask,"[2, 97]",torch.bool,sdpa,True,True,0.0,0.0
b2/pixels-changed/image_grid_thw,"[2, 3]",torch.int64,sdpa,True,True,0.0,0.0
b2/pixels-changed/pixel_values,"[640, 1536]",torch.bfloat16,sdpa,True,True,0.0,0.0
b2/pixels-changed/positions,"[3, 2, 97]",torch.int64,sdpa,True,True,0.0,0.0
b2/pixels-changed/features,"[2, 1, 97, 2048]",torch.bfloat16,sdpa,True,True,0.0,0.0
b2/pixels-changed/final,"[2, 30, 78]",torch.float32,sdpa,True,False,0.0087890625,0.002402172889560461
b2/pixels-changed/time/0/step0,"[2, 1536]",torch.bfloat16,sdpa,True,True,0.0,0.0
b2/pixels-changed/time/0/step1,"[2, 1536]",torch.bfloat16,sdpa,True,True,0.0,0.0
b2/pixels-changed/time/0/step2,"[2, 1536]",torch.bfloat16,sdpa,True,True,0.0,0.0
b2/pixels-changed/time/0/step3,"[2, 1536]",torch.bfloat16,sdpa,True,True,0.0,0.0
b2/pixels-changed/time/0/step4,"[2, 1536]",torch.bfloat16,sdpa,True,True,0.0,0.0
b2/pixels-changed/time/0/step5,"[2, 1536]",torch.bfloat16,sdpa,True,True,0.0,0.0
b2/pixels-changed/time/0/step6,"[2, 1536]",torch.bfloat16,sdpa,True,True,0.0,0.0
b2/pixels-changed/time/0/step7,"[2, 1536]",torch.bfloat16,sdpa,True,True,0.0,0.0
b2/pixels-changed/time/0/step8,"[2, 1536]",torch.bfloat16,sdpa,True,True,0.0,0.0
b2/pixels-changed/time/0/step9,"[2, 1536]",torch.bfloat16,sdpa,True,True,0.0,0.0
b2/pixels-changed/action-in/0/step0,"[2, 30, 1536]",torch.bfloat16,sdpa,True,True,0.0,0.0
b2/pixels-changed/action-in/0/step1,"[2, 30, 1536]",torch.bfloat16,sdpa,True,False,0.00390625,0.00033746479311957955
b2/pixels-changed/action-in/0/step2,"[2, 30, 1536]",torch.bfloat16,sdpa,True,False,0.00390625,0.00045203565969131887
b2/pixels-changed/action-in/0/step3,"[2, 30, 1536]",torch.bfloat16,sdpa,True,False,0.0078125,0.0005012351903133094
b2/pixels-changed/action-in/0/step4,"[2, 30, 1536]",torch.bfloat16,sdpa,True,False,0.00390625,0.00048446698929183185
b2/pixels-changed/action-in/0/step5,"[2, 30, 1536]",torch.bfloat16,sdpa,True,False,0.0078125,0.0004503758391365409
b2/pixels-changed/action-in/0/step6,"[2, 30, 1536]",torch.bfloat16,sdpa,True,False,0.00390625,0.0004333487304393202
b2/pixels-changed/action-in/0/step7,"[2, 30, 1536]",torch.bfloat16,sdpa,True,False,0.0078125,0.0004098265781067312
b2/pixels-changed/action-in/0/step8,"[2, 30, 1536]",torch.bfloat16,sdpa,True,False,0.00390625,0.0004009152762591839
b2/pixels-changed/action-in/0/step9,"[2, 30, 1536]",torch.bfloat16,sdpa,True,False,0.00390625,0.000468707294203341
b2/pixels-changed/obs/0/step0,"[2, 98, 1536]",torch.bfloat16,sdpa,True,True,0.0,0.0
b2/pixels-changed/obs/1/step0,"[2, 98]",torch.bool,sdpa,True,True,0.0,0.0
b2/pixels-changed/block0/0/step0,"[2, 30, 1536]",torch.bfloat16,sdpa,True,True,0.0,0.0
b2/pixels-changed/block0/0/step1,"[2, 30, 1536]",torch.bfloat16,sdpa,True,False,0.125,0.003617294132709503
b2/pixels-changed/block0/0/step2,"[2, 30, 1536]",torch.bfloat16,sdpa,True,False,0.125,0.004879097454249859
b2/pixels-changed/block0/0/step3,"[2, 30, 1536]",torch.bfloat16,sdpa,True,False,0.125,0.005670436657965183
b2/pixels-changed/block0/0/step4,"[2, 30, 1536]",torch.bfloat16,sdpa,True,False,0.125,0.006063821725547314
b2/pixels-changed/block0/0/step5,"[2, 30, 1536]",torch.bfloat16,sdpa,True,False,0.125,0.00639851251617074
b2/pixels-changed/block0/0/step6,"[2, 30, 1536]",torch.bfloat16,sdpa,True,False,0.125,0.007032765541225672
b2/pixels-changed/block0/0/step7,"[2, 30, 1536]",torch.bfloat16,sdpa,True,False,0.125,0.007964654825627804
b2/pixels-changed/block0/0/step8,"[2, 30, 1536]",torch.bfloat16,sdpa,True,False,0.125,0.010541482828557491
b2/pixels-changed/block0/0/step9,"[2, 30, 1536]",torch.bfloat16,sdpa,True,False,1.0,0.05690404400229454
b2/pixels-changed/block0/1/step0,"[2, 98, 1536]",torch.bfloat16,sdpa,True,True,0.0,0.0
b2/pixels-changed/block0/1/step1,"[2, 98, 1536]",torch.bfloat16,sdpa,True,False,2.0,0.006875624414533377
b2/pixels-changed/block0/1/step2,"[2, 98, 1536]",torch.bfloat16,sdpa,True,False,4.0,0.014396822080016136
b2/pixels-changed/block0/1/step3,"[2, 98, 1536]",torch.bfloat16,sdpa,True,False,4.0,0.020590247586369514
b2/pixels-changed/block0/1/step4,"[2, 98, 1536]",torch.bfloat16,sdpa,True,False,8.0,0.025797061622142792
b2/pixels-changed/block0/1/step5,"[2, 98, 1536]",torch.bfloat16,sdpa,True,False,2.0,0.013193693943321705
b2/pixels-changed/block0/1/step6,"[2, 98, 1536]",torch.bfloat16,sdpa,True,False,2.0,0.012403733097016811
b2/pixels-changed/block0/1/step7,"[2, 98, 1536]",torch.bfloat16,sdpa,True,False,8.0,0.01848197542130947
b2/pixels-changed/block0/1/step8,"[2, 98, 1536]",torch.bfloat16,sdpa,True,False,4.0,0.014215021394193172
b2/pixels-changed/block0/1/step9,"[2, 98, 1536]",torch.bfloat16,sdpa,True,False,4.0,0.02784678339958191
b2/pixels-changed/block1/0/step0,"[2, 30, 1536]",torch.bfloat16,sdpa,True,True,0.0,0.0
b2/pixels-changed/block1/0/step1,"[2, 30, 1536]",torch.bfloat16,sdpa,True,False,0.25,0.004639965482056141
b2/pixels-changed/block1/0/step2,"[2, 30, 1536]",torch.bfloat16,sdpa,True,False,0.125,0.005471770651638508
b2/pixels-changed/block1/0/step3,"[2, 30, 1536]",torch.bfloat16,sdpa,True,False,0.25,0.006227720994502306
b2/pixels-changed/block1/0/step4,"[2, 30, 1536]",torch.bfloat16,sdpa,True,False,0.125,0.0064252885058522224
b2/pixels-changed/block1/0/step5,"[2, 30, 1536]",torch.bfloat16,sdpa,True,False,0.25,0.006862916052341461
b2/pixels-changed/block1/0/step6,"[2, 30, 1536]",torch.bfloat16,sdpa,True,False,0.25,0.007479888387024403
b2/pixels-changed/block1/0/step7,"[2, 30, 1536]",torch.bfloat16,sdpa,True,False,0.25,0.008354552090168
b2/pixels-changed/block1/0/step8,"[2, 30, 1536]",torch.bfloat16,sdpa,True,False,0.25,0.01084263063967228
b2/pixels-changed/block1/0/step9,"[2, 30, 1536]",torch.bfloat16,sdpa,True,False,1.0,0.06166166439652443
b2/pixels-changed/block1/1/step0,"[2, 98, 1536]",torch.bfloat16,sdpa,True,True,0.0,0.0
b2/pixels-changed/block1/1/step1,"[2, 98, 1536]",torch.bfloat16,sdpa,True,False,4.0,0.016544125974178314
b2/pixels-changed/block1/1/step2,"[2, 98, 1536]",torch.bfloat16,sdpa,True,False,8.0,0.02298433892428875
b2/pixels-changed/block1/1/step3,"[2, 98, 1536]",torch.bfloat16,sdpa,True,False,4.0,0.025919882580637932
b2/pixels-changed/block1/1/step4,"[2, 98, 1536]",torch.bfloat16,sdpa,True,False,8.0,0.035217735916376114
b2/pixels-changed/block1/1/step5,"[2, 98, 1536]",torch.bfloat16,sdpa,True,False,2.0,0.018801115453243256
b2/pixels-changed/block1/1/step6,"[2, 98, 1536]",torch.bfloat16,sdpa,True,False,2.0,0.018665673211216927
b2/pixels-changed/block1/1/step7,"[2, 98, 1536]",torch.bfloat16,sdpa,True,False,8.0,0.024584397673606873
b2/pixels-changed/block1/1/step8,"[2, 98, 1536]",torch.bfloat16,sdpa,True,False,4.0,0.0207020603120327
b2/pixels-changed/block1/1/step9,"[2, 98, 1536]",torch.bfloat16,sdpa,True,False,4.0,0.038218848407268524
b2/pixels-changed/block2/0/step0,"[2, 30, 1536]",torch.bfloat16,sdpa,True,True,0.0,0.0
b2/pixels-changed/block2/0/step1,"[2, 30, 1536]",torch.bfloat16,sdpa,True,False,0.25,0.005095440894365311
b2/pixels-changed/block2/0/step2,"[2, 30, 1536]",torch.bfloat16,sdpa,True,False,0.25,0.005732651334255934
b2/pixels-changed/block2/0/step3,"[2, 30, 1536]",torch.bfloat16,sdpa,True,False,0.25,0.006645777262747288
b2/pixels-changed/block2/0/step4,"[2, 30, 1536]",torch.bfloat16,sdpa,True,False,0.25,0.006796984001994133
b2/pixels-changed/block2/0/step5,"[2, 30, 1536]",torch.bfloat16,sdpa,True,False,0.25,0.007276735734194517
b2/pixels-changed/block2/0/step6,"[2, 30, 1536]",torch.bfloat16,sdpa,True,False,0.25,0.00785524770617485
b2/pixels-changed/block2/0/step7,"[2, 30, 1536]",torch.bfloat16,sdpa,True,False,0.25,0.008678680285811424
b2/pixels-changed/block2/0/step8,"[2, 30, 1536]",torch.bfloat16,sdpa,True,False,0.25,0.011597232893109322
b2/pixels-changed/block2/0/step9,"[2, 30, 1536]",torch.bfloat16,sdpa,True,False,1.0,0.07669316232204437
b2/pixels-changed/block2/1/step0,"[2, 98, 1536]",torch.bfloat16,sdpa,True,True,0.0,0.0
b2/pixels-changed/block2/1/step1,"[2, 98, 1536]",torch.bfloat16,sdpa,True,False,4.0,0.021906688809394836
b2/pixels-changed/block2/1/step2,"[2, 98, 1536]",torch.bfloat16,sdpa,True,False,8.0,0.028519654646515846
b2/pixels-changed/block2/1/step3,"[2, 98, 1536]",torch.bfloat16,sdpa,True,False,4.0,0.030870379880070686
b2/pixels-changed/block2/1/step4,"[2, 98, 1536]",torch.bfloat16,sdpa,True,False,8.0,0.03945322707295418
b2/pixels-changed/block2/1/step5,"[2, 98, 1536]",torch.bfloat16,sdpa,True,False,4.0,0.025773104280233383
b2/pixels-changed/block2/1/step6,"[2, 98, 1536]",torch.bfloat16,sdpa,True,False,8.0,0.03155167028307915
b2/pixels-changed/block2/1/step7,"[2, 98, 1536]",torch.bfloat16,sdpa,True,False,8.0,0.029358355328440666
b2/pixels-changed/block2/1/step8,"[2, 98, 1536]",torch.bfloat16,sdpa,True,False,4.0,0.027161819860339165
b2/pixels-changed/block2/1/step9,"[2, 98, 1536]",torch.bfloat16,sdpa,True,False,8.0,0.05077909678220749
b2/pixels-changed/block3/0/step0,"[2, 30, 1536]",torch.bfloat16,sdpa,True,True,0.0,0.0
b2/pixels-changed/block3/0/step1,"[2, 30, 1536]",torch.bfloat16,sdpa,True,False,0.5,0.0057612331584095955
b2/pixels-changed/block3/0/step2,"[2, 30, 1536]",torch.bfloat16,sdpa,True,False,0.5,0.006551356054842472
b2/pixels-changed/block3/0/step3,"[2, 30, 1536]",torch.bfloat16,sdpa,True,False,0.5,0.007053714245557785
b2/pixels-changed/block3/0/step4,"[2, 30, 1536]",torch.bfloat16,sdpa,True,False,0.5,0.007323814556002617
b2/pixels-changed/block3/0/step5,"[2, 30, 1536]",torch.bfloat16,sdpa,True,False,0.25,0.007564723491668701
b2/pixels-changed/block3/0/step6,"[2, 30, 1536]",torch.bfloat16,sdpa,True,False,0.25,0.008189287967979908
b2/pixels-changed/block3/0/step7,"[2, 30, 1536]",torch.bfloat16,sdpa,True,False,0.25,0.009138332679867744
b2/pixels-changed/block3/0/step8,"[2, 30, 1536]",torch.bfloat16,sdpa,True,False,0.375,0.012448051013052464
b2/pixels-changed/block3/0/step9,"[2, 30, 1536]",torch.bfloat16,sdpa,True,False,3.6328125,0.2507729232311249
b2/pixels-changed/block3/1/step0,"[2, 98, 1536]",torch.bfloat16,sdpa,True,True,0.0,0.0
b2/pixels-changed/block3/1/step1,"[2, 98, 1536]",torch.bfloat16,sdpa,True,False,4.0,0.031104443594813347
b2/pixels-changed/block3/1/step2,"[2, 98, 1536]",torch.bfloat16,sdpa,True,False,8.0,0.04016585275530815
b2/pixels-changed/block3/1/step3,"[2, 98, 1536]",torch.bfloat16,sdpa,True,False,8.0,0.04207566753029823
b2/pixels-changed/block3/1/step4,"[2, 98, 1536]",torch.bfloat16,sdpa,True,False,8.0,0.047085899859666824
b2/pixels-changed/block3/1/step5,"[2, 98, 1536]",torch.bfloat16,sdpa,True,False,8.0,0.04060523957014084
b2/pixels-changed/block3/1/step6,"[2, 98, 1536]",torch.bfloat16,sdpa,True,False,16.0,0.05468914285302162
b2/pixels-changed/block3/1/step7,"[2, 98, 1536]",torch.bfloat16,sdpa,True,False,8.0,0.04025789722800255
b2/pixels-changed/block3/1/step8,"[2, 98, 1536]",torch.bfloat16,sdpa,True,False,8.0,0.04142799973487854
b2/pixels-changed/block3/1/step9,"[2, 98, 1536]",torch.bfloat16,sdpa,True,False,8.0,0.06880586594343185
b2/pixels-changed/block4/0/step0,"[2, 30, 1536]",torch.bfloat16,sdpa,True,True,0.0,0.0
b2/pixels-changed/block4/0/step1,"[2, 30, 1536]",torch.bfloat16,sdpa,True,False,0.5,0.012512202374637127
b2/pixels-changed/block4/0/step2,"[2, 30, 1536]",torch.bfloat16,sdpa,True,False,0.5,0.014494579285383224
b2/pixels-changed/block4/0/step3,"[2, 30, 1536]",torch.bfloat16,sdpa,True,False,0.5,0.008250285871326923
b2/pixels-changed/block4/0/step4,"[2, 30, 1536]",torch.bfloat16,sdpa,True,False,0.5,0.008851470425724983
b2/pixels-changed/block4/0/step5,"[2, 30, 1536]",torch.bfloat16,sdpa,True,False,0.25,0.008500282652676105
b2/pixels-changed/block4/0/step6,"[2, 30, 1536]",torch.bfloat16,sdpa,True,False,0.25,0.009530531242489815
b2/pixels-changed/block4/0/step7,"[2, 30, 1536]",torch.bfloat16,sdpa,True,False,0.25,0.010248031467199326
b2/pixels-changed/block4/0/step8,"[2, 30, 1536]",torch.bfloat16,sdpa,True,False,0.375,0.013583941385149956
b2/pixels-changed/block4/0/step9,"[2, 30, 1536]",torch.bfloat16,sdpa,True,False,4.9375,0.4386807978153229
b2/pixels-changed/block4/1/step0,"[2, 98, 1536]",torch.bfloat16,sdpa,True,True,0.0,0.0
b2/pixels-changed/block4/1/step1,"[2, 98, 1536]",torch.bfloat16,sdpa,True,False,8.0,0.04825061932206154
b2/pixels-changed/block4/1/step2,"[2, 98, 1536]",torch.bfloat16,sdpa,True,False,16.0,0.056982576847076416
b2/pixels-changed/block4/1/step3,"[2, 98, 1536]",torch.bfloat16,sdpa,True,False,8.0,0.054541535675525665
b2/pixels-changed/block4/1/step4,"[2, 98, 1536]",torch.bfloat16,sdpa,True,False,8.0,0.06034089997410774
b2/pixels-changed/block4/1/step5,"[2, 98, 1536]",torch.bfloat16,sdpa,True,False,8.0,0.05537203699350357
b2/pixels-changed/block4/1/step6,"[2, 98, 1536]",torch.bfloat16,sdpa,True,False,16.0,0.066862553358078
b2/pixels-changed/block4/1/step7,"[2, 98, 1536]",torch.bfloat16,sdpa,True,False,8.0,0.05806472897529602
b2/pixels-changed/block4/1/step8,"[2, 98, 1536]",torch.bfloat16,sdpa,True,False,8.0,0.05412639304995537
b2/pixels-changed/block4/1/step9,"[2, 98, 1536]",torch.bfloat16,sdpa,True,False,8.0,0.10982797294855118
b2/pixels-changed/block5/0/step0,"[2, 30, 1536]",torch.bfloat16,sdpa,True,True,0.0,0.0
b2/pixels-changed/block5/0/step1,"[2, 30, 1536]",torch.bfloat16,sdpa,True,False,1.0,0.029240354895591736
b2/pixels-changed/block5/0/step2,"[2, 30, 1536]",torch.bfloat16,sdpa,True,False,0.75,0.03245265781879425
b2/pixels-changed/block5/0/step3,"[2, 30, 1536]",torch.bfloat16,sdpa,True,False,0.5,0.014758643694221973
b2/pixels-changed/block5/0/step4,"[2, 30, 1536]",torch.bfloat16,sdpa,True,False,0.75,0.018064485862851143
b2/pixels-changed/block5/0/step5,"[2, 30, 1536]",torch.bfloat16,sdpa,True,False,0.5,0.015077795833349228
b2/pixels-changed/block5/0/step6,"[2, 30, 1536]",torch.bfloat16,sdpa,True,False,0.5,0.015422712080180645
b2/pixels-changed/block5/0/step7,"[2, 30, 1536]",torch.bfloat16,sdpa,True,False,0.5,0.015082164667546749
b2/pixels-changed/block5/0/step8,"[2, 30, 1536]",torch.bfloat16,sdpa,True,False,0.5,0.01793183572590351
b2/pixels-changed/block5/0/step9,"[2, 30, 1536]",torch.bfloat16,sdpa,True,False,11.0,0.4840090572834015
b2/pixels-changed/velocity/step0,"[2, 30, 78]",torch.bfloat16,sdpa,True,True,0.0,0.0
b2/pixels-changed/velocity/step1,"[2, 30, 78]",torch.bfloat16,sdpa,True,False,0.1328125,0.012183460406959057
b2/pixels-changed/velocity/step2,"[2, 30, 78]",torch.bfloat16,sdpa,True,False,0.0859375,0.010280335322022438
b2/pixels-changed/velocity/step3,"[2, 30, 78]",torch.bfloat16,sdpa,True,False,0.0390625,0.006452956702560186
b2/pixels-changed/velocity/step4,"[2, 30, 78]",torch.bfloat16,sdpa,True,False,0.046875,0.007513019721955061
b2/pixels-changed/velocity/step5,"[2, 30, 78]",torch.bfloat16,sdpa,True,False,0.046875,0.008413795381784439
b2/pixels-changed/velocity/step6,"[2, 30, 78]",torch.bfloat16,sdpa,True,False,0.046875,0.010061275213956833
b2/pixels-changed/velocity/step7,"[2, 30, 78]",torch.bfloat16,sdpa,True,False,0.0703125,0.013914290815591812
b2/pixels-changed/velocity/step8,"[2, 30, 78]",torch.bfloat16,sdpa,True,False,0.1083984375,0.024267354980111122
b2/pixels-changed/velocity/step9,"[2, 30, 78]",torch.bfloat16,sdpa,True,False,4.421875,0.5763052701950073
b2/pixels-changed/actions/step0,"[2, 30, 78]",torch.bfloat16,sdpa,True,False,0.015625,0.0009562483173795044
b2/pixels-changed/actions/step1,"[2, 30, 78]",torch.bfloat16,sdpa,True,False,0.015625,0.002149525796994567
b2/pixels-changed/actions/step2,"[2, 30, 78]",torch.bfloat16,sdpa,True,False,0.01953125,0.0029221614822745323
b2/pixels-changed/actions/step3,"[2, 30, 78]",torch.bfloat16,sdpa,True,False,0.015625,0.002852543955668807
b2/pixels-changed/actions/step4,"[2, 30, 78]",torch.bfloat16,sdpa,True,False,0.015625,0.0026858244091272354
b2/pixels-changed/actions/step5,"[2, 30, 78]",torch.bfloat16,sdpa,True,False,0.015625,0.0024412961211055517
b2/pixels-changed/actions/step6,"[2, 30, 78]",torch.bfloat16,sdpa,True,False,0.013671875,0.0021420062985271215
b2/pixels-changed/actions/step7,"[2, 30, 78]",torch.bfloat16,sdpa,True,False,0.0078125,0.0018715790938585997
b2/pixels-changed/actions/step8,"[2, 30, 78]",torch.bfloat16,sdpa,True,False,0.0087890625,0.002456913935020566
b2/pixels-changed/actions/step9,"[2, 30, 78]",torch.bfloat16,sdpa,True,False,0.0087890625,0.002402172889560461
b2/pixels-changed/denormalized,"[2, 30, 78]",torch.float32,sdpa,True,False,0.0068359375,0.0010850479593500495
b2/mixed-grids/repeat/input_ids,"[2, 210]",torch.int64,sdpa,True,True,0.0,0.0
b2/mixed-grids/repeat/attention_mask,"[2, 210]",torch.bool,sdpa,True,True,0.0,0.0
b2/mixed-grids/repeat/image_grid_thw,"[2, 3]",torch.int64,sdpa,True,True,0.0,0.0
b2/mixed-grids/repeat/pixel_values,"[1428, 1536]",torch.bfloat16,sdpa,True,True,0.0,0.0
b2/mixed-grids/repeat/positions,"[3, 2, 210]",torch.int64,sdpa,True,True,0.0,0.0
b2/mixed-grids/repeat/features,"[2, 1, 210, 2048]",torch.bfloat16,sdpa,True,True,0.0,0.0
b2/mixed-grids/repeat/final,"[2, 30, 78]",torch.float32,sdpa,True,True,0.0,0.0
b2/mixed-grids/repeat/time/0/step0,"[2, 1536]",torch.bfloat16,sdpa,True,True,0.0,0.0
b2/mixed-grids/repeat/time/0/step1,"[2, 1536]",torch.bfloat16,sdpa,True,True,0.0,0.0
b2/mixed-grids/repeat/time/0/step2,"[2, 1536]",torch.bfloat16,sdpa,True,True,0.0,0.0
b2/mixed-grids/repeat/time/0/step3,"[2, 1536]",torch.bfloat16,sdpa,True,True,0.0,0.0
b2/mixed-grids/repeat/time/0/step4,"[2, 1536]",torch.bfloat16,sdpa,True,True,0.0,0.0
b2/mixed-grids/repeat/time/0/step5,"[2, 1536]",torch.bfloat16,sdpa,True,True,0.0,0.0
b2/mixed-grids/repeat/time/0/step6,"[2, 1536]",torch.bfloat16,sdpa,True,True,0.0,0.0
b2/mixed-grids/repeat/time/0/step7,"[2, 1536]",torch.bfloat16,sdpa,True,True,0.0,0.0
b2/mixed-grids/repeat/time/0/step8,"[2, 1536]",torch.bfloat16,sdpa,True,True,0.0,0.0
b2/mixed-grids/repeat/time/0/step9,"[2, 1536]",torch.bfloat16,sdpa,True,True,0.0,0.0
b2/mixed-grids/repeat/action-in/0/step0,"[2, 30, 1536]",torch.bfloat16,sdpa,True,True,0.0,0.0
b2/mixed-grids/repeat/action-in/0/step1,"[2, 30, 1536]",torch.bfloat16,sdpa,True,True,0.0,0.0
b2/mixed-grids/repeat/action-in/0/step2,"[2, 30, 1536]",torch.bfloat16,sdpa,True,True,0.0,0.0
b2/mixed-grids/repeat/action-in/0/step3,"[2, 30, 1536]",torch.bfloat16,sdpa,True,True,0.0,0.0
b2/mixed-grids/repeat/action-in/0/step4,"[2, 30, 1536]",torch.bfloat16,sdpa,True,True,0.0,0.0
b2/mixed-grids/repeat/action-in/0/step5,"[2, 30, 1536]",torch.bfloat16,sdpa,True,True,0.0,0.0
b2/mixed-grids/repeat/action-in/0/step6,"[2, 30, 1536]",torch.bfloat16,sdpa,True,True,0.0,0.0
b2/mixed-grids/repeat/action-in/0/step7,"[2, 30, 1536]",torch.bfloat16,sdpa,True,True,0.0,0.0
b2/mixed-grids/repeat/action-in/0/step8,"[2, 30, 1536]",torch.bfloat16,sdpa,True,True,0.0,0.0
b2/mixed-grids/repeat/action-in/0/step9,"[2, 30, 1536]",torch.bfloat16,sdpa,True,True,0.0,0.0
b2/mixed-grids/repeat/obs/0/step0,"[2, 211, 1536]",torch.bfloat16,sdpa,True,True,0.0,0.0
b2/mixed-grids/repeat/obs/0/step1,"[2, 211, 1536]",torch.bfloat16,sdpa,True,True,0.0,0.0
b2/mixed-grids/repeat/obs/0/step2,"[2, 211, 1536]",torch.bfloat16,sdpa,True,True,0.0,0.0
b2/mixed-grids/repeat/obs/0/step3,"[2, 211, 1536]",torch.bfloat16,sdpa,True,True,0.0,0.0
b2/mixed-grids/repeat/obs/0/step4,"[2, 211, 1536]",torch.bfloat16,sdpa,True,True,0.0,0.0
b2/mixed-grids/repeat/obs/0/step5,"[2, 211, 1536]",torch.bfloat16,sdpa,True,True,0.0,0.0
b2/mixed-grids/repeat/obs/0/step6,"[2, 211, 1536]",torch.bfloat16,sdpa,True,True,0.0,0.0
b2/mixed-grids/repeat/obs/0/step7,"[2, 211, 1536]",torch.bfloat16,sdpa,True,True,0.0,0.0
b2/mixed-grids/repeat/obs/0/step8,"[2, 211, 1536]",torch.bfloat16,sdpa,True,True,0.0,0.0
b2/mixed-grids/repeat/obs/0/step9,"[2, 211, 1536]",torch.bfloat16,sdpa,True,True,0.0,0.0
b2/mixed-grids/repeat/obs/1/step0,"[2, 211]",torch.float32,sdpa,True,True,0.0,0.0
b2/mixed-grids/repeat/obs/1/step1,"[2, 211]",torch.float32,sdpa,True,True,0.0,0.0
b2/mixed-grids/repeat/obs/1/step2,"[2, 211]",torch.float32,sdpa,True,True,0.0,0.0
b2/mixed-grids/repeat/obs/1/step3,"[2, 211]",torch.float32,sdpa,True,True,0.0,0.0
b2/mixed-grids/repeat/obs/1/step4,"[2, 211]",torch.float32,sdpa,True,True,0.0,0.0
b2/mixed-grids/repeat/obs/1/step5,"[2, 211]",torch.float32,sdpa,True,True,0.0,0.0
b2/mixed-grids/repeat/obs/1/step6,"[2, 211]",torch.float32,sdpa,True,True,0.0,0.0
b2/mixed-grids/repeat/obs/1/step7,"[2, 211]",torch.float32,sdpa,True,True,0.0,0.0
b2/mixed-grids/repeat/obs/1/step8,"[2, 211]",torch.float32,sdpa,True,True,0.0,0.0
b2/mixed-grids/repeat/obs/1/step9,"[2, 211]",torch.float32,sdpa,True,True,0.0,0.0
b2/mixed-grids/repeat/block0/0/step0,"[2, 30, 1536]",torch.bfloat16,sdpa,True,True,0.0,0.0
b2/mixed-grids/repeat/block0/0/step1,"[2, 30, 1536]",torch.bfloat16,sdpa,True,True,0.0,0.0
b2/mixed-grids/repeat/block0/0/step2,"[2, 30, 1536]",torch.bfloat16,sdpa,True,True,0.0,0.0
b2/mixed-grids/repeat/block0/0/step3,"[2, 30, 1536]",torch.bfloat16,sdpa,True,True,0.0,0.0
b2/mixed-grids/repeat/block0/0/step4,"[2, 30, 1536]",torch.bfloat16,sdpa,True,True,0.0,0.0
b2/mixed-grids/repeat/block0/0/step5,"[2, 30, 1536]",torch.bfloat16,sdpa,True,True,0.0,0.0
b2/mixed-grids/repeat/block0/0/step6,"[2, 30, 1536]",torch.bfloat16,sdpa,True,True,0.0,0.0
b2/mixed-grids/repeat/block0/0/step7,"[2, 30, 1536]",torch.bfloat16,sdpa,True,True,0.0,0.0
b2/mixed-grids/repeat/block0/0/step8,"[2, 30, 1536]",torch.bfloat16,sdpa,True,True,0.0,0.0
b2/mixed-grids/repeat/block0/0/step9,"[2, 30, 1536]",torch.bfloat16,sdpa,True,True,0.0,0.0
b2/mixed-grids/repeat/block0/1/step0,"[2, 211, 1536]",torch.bfloat16,sdpa,True,True,0.0,0.0
b2/mixed-grids/repeat/block0/1/step1,"[2, 211, 1536]",torch.bfloat16,sdpa,True,True,0.0,0.0
b2/mixed-grids/repeat/block0/1/step2,"[2, 211, 1536]",torch.bfloat16,sdpa,True,True,0.0,0.0
b2/mixed-grids/repeat/block0/1/step3,"[2, 211, 1536]",torch.bfloat16,sdpa,True,True,0.0,0.0
b2/mixed-grids/repeat/block0/1/step4,"[2, 211, 1536]",torch.bfloat16,sdpa,True,True,0.0,0.0
b2/mixed-grids/repeat/block0/1/step5,"[2, 211, 1536]",torch.bfloat16,sdpa,True,True,0.0,0.0
b2/mixed-grids/repeat/block0/1/step6,"[2, 211, 1536]",torch.bfloat16,sdpa,True,True,0.0,0.0
b2/mixed-grids/repeat/block0/1/step7,"[2, 211, 1536]",torch.bfloat16,sdpa,True,True,0.0,0.0
b2/mixed-grids/repeat/block0/1/step8,"[2, 211, 1536]",torch.bfloat16,sdpa,True,True,0.0,0.0
b2/mixed-grids/repeat/block0/1/step9,"[2, 211, 1536]",torch.bfloat16,sdpa,True,True,0.0,0.0
b2/mixed-grids/repeat/block1/0/step0,"[2, 30, 1536]",torch.bfloat16,sdpa,True,True,0.0,0.0
b2/mixed-grids/repeat/block1/0/step1,"[2, 30, 1536]",torch.bfloat16,sdpa,True,True,0.0,0.0
b2/mixed-grids/repeat/block1/0/step2,"[2, 30, 1536]",torch.bfloat16,sdpa,True,True,0.0,0.0
b2/mixed-grids/repeat/block1/0/step3,"[2, 30, 1536]",torch.bfloat16,sdpa,True,True,0.0,0.0
b2/mixed-grids/repeat/block1/0/step4,"[2, 30, 1536]",torch.bfloat16,sdpa,True,True,0.0,0.0
b2/mixed-grids/repeat/block1/0/step5,"[2, 30, 1536]",torch.bfloat16,sdpa,True,True,0.0,0.0
b2/mixed-grids/repeat/block1/0/step6,"[2, 30, 1536]",torch.bfloat16,sdpa,True,True,0.0,0.0
b2/mixed-grids/repeat/block1/0/step7,"[2, 30, 1536]",torch.bfloat16,sdpa,True,True,0.0,0.0
b2/mixed-grids/repeat/block1/0/step8,"[2, 30, 1536]",torch.bfloat16,sdpa,True,True,0.0,0.0
b2/mixed-grids/repeat/block1/0/step9,"[2, 30, 1536]",torch.bfloat16,sdpa,True,True,0.0,0.0
b2/mixed-grids/repeat/block1/1/step0,"[2, 211, 1536]",torch.bfloat16,sdpa,True,True,0.0,0.0
b2/mixed-grids/repeat/block1/1/step1,"[2, 211, 1536]",torch.bfloat16,sdpa,True,True,0.0,0.0
b2/mixed-grids/repeat/block1/1/step2,"[2, 211, 1536]",torch.bfloat16,sdpa,True,True,0.0,0.0
b2/mixed-grids/repeat/block1/1/step3,"[2, 211, 1536]",torch.bfloat16,sdpa,True,True,0.0,0.0
b2/mixed-grids/repeat/block1/1/step4,"[2, 211, 1536]",torch.bfloat16,sdpa,True,True,0.0,0.0
b2/mixed-grids/repeat/block1/1/step5,"[2, 211, 1536]",torch.bfloat16,sdpa,True,True,0.0,0.0
b2/mixed-grids/repeat/block1/1/step6,"[2, 211, 1536]",torch.bfloat16,sdpa,True,True,0.0,0.0
b2/mixed-grids/repeat/block1/1/step7,"[2, 211, 1536]",torch.bfloat16,sdpa,True,True,0.0,0.0
b2/mixed-grids/repeat/block1/1/step8,"[2, 211, 1536]",torch.bfloat16,sdpa,True,True,0.0,0.0
b2/mixed-grids/repeat/block1/1/step9,"[2, 211, 1536]",torch.bfloat16,sdpa,True,True,0.0,0.0
b2/mixed-grids/repeat/block2/0/step0,"[2, 30, 1536]",torch.bfloat16,sdpa,True,True,0.0,0.0
b2/mixed-grids/repeat/block2/0/step1,"[2, 30, 1536]",torch.bfloat16,sdpa,True,True,0.0,0.0
b2/mixed-grids/repeat/block2/0/step2,"[2, 30, 1536]",torch.bfloat16,sdpa,True,True,0.0,0.0
b2/mixed-grids/repeat/block2/0/step3,"[2, 30, 1536]",torch.bfloat16,sdpa,True,True,0.0,0.0
b2/mixed-grids/repeat/block2/0/step4,"[2, 30, 1536]",torch.bfloat16,sdpa,True,True,0.0,0.0
b2/mixed-grids/repeat/block2/0/step5,"[2, 30, 1536]",torch.bfloat16,sdpa,True,True,0.0,0.0
b2/mixed-grids/repeat/block2/0/step6,"[2, 30, 1536]",torch.bfloat16,sdpa,True,True,0.0,0.0
b2/mixed-grids/repeat/block2/0/step7,"[2, 30, 1536]",torch.bfloat16,sdpa,True,True,0.0,0.0
b2/mixed-grids/repeat/block2/0/step8,"[2, 30, 1536]",torch.bfloat16,sdpa,True,True,0.0,0.0
b2/mixed-grids/repeat/block2/0/step9,"[2, 30, 1536]",torch.bfloat16,sdpa,True,True,0.0,0.0
b2/mixed-grids/repeat/block2/1/step0,"[2, 211, 1536]",torch.bfloat16,sdpa,True,True,0.0,0.0
b2/mixed-grids/repeat/block2/1/step1,"[2, 211, 1536]",torch.bfloat16,sdpa,True,True,0.0,0.0
b2/mixed-grids/repeat/block2/1/step2,"[2, 211, 1536]",torch.bfloat16,sdpa,True,True,0.0,0.0
b2/mixed-grids/repeat/block2/1/step3,"[2, 211, 1536]",torch.bfloat16,sdpa,True,True,0.0,0.0
b2/mixed-grids/repeat/block2/1/step4,"[2, 211, 1536]",torch.bfloat16,sdpa,True,True,0.0,0.0
b2/mixed-grids/repeat/block2/1/step5,"[2, 211, 1536]",torch.bfloat16,sdpa,True,True,0.0,0.0
b2/mixed-grids/repeat/block2/1/step6,"[2, 211, 1536]",torch.bfloat16,sdpa,True,True,0.0,0.0
b2/mixed-grids/repeat/block2/1/step7,"[2, 211, 1536]",torch.bfloat16,sdpa,True,True,0.0,0.0
b2/mixed-grids/repeat/block2/1/step8,"[2, 211, 1536]",torch.bfloat16,sdpa,True,True,0.0,0.0
b2/mixed-grids/repeat/block2/1/step9,"[2, 211, 1536]",torch.bfloat16,sdpa,True,True,0.0,0.0
b2/mixed-grids/repeat/block3/0/step0,"[2, 30, 1536]",torch.bfloat16,sdpa,True,True,0.0,0.0
b2/mixed-grids/repeat/block3/0/step1,"[2, 30, 1536]",torch.bfloat16,sdpa,True,True,0.0,0.0
b2/mixed-grids/repeat/block3/0/step2,"[2, 30, 1536]",torch.bfloat16,sdpa,True,True,0.0,0.0
b2/mixed-grids/repeat/block3/0/step3,"[2, 30, 1536]",torch.bfloat16,sdpa,True,True,0.0,0.0
b2/mixed-grids/repeat/block3/0/step4,"[2, 30, 1536]",torch.bfloat16,sdpa,True,True,0.0,0.0
b2/mixed-grids/repeat/block3/0/step5,"[2, 30, 1536]",torch.bfloat16,sdpa,True,True,0.0,0.0
b2/mixed-grids/repeat/block3/0/step6,"[2, 30, 1536]",torch.bfloat16,sdpa,True,True,0.0,0.0
b2/mixed-grids/repeat/block3/0/step7,"[2, 30, 1536]",torch.bfloat16,sdpa,True,True,0.0,0.0
b2/mixed-grids/repeat/block3/0/step8,"[2, 30, 1536]",torch.bfloat16,sdpa,True,True,0.0,0.0
b2/mixed-grids/repeat/block3/0/step9,"[2, 30, 1536]",torch.bfloat16,sdpa,True,True,0.0,0.0
b2/mixed-grids/repeat/block3/1/step0,"[2, 211, 1536]",torch.bfloat16,sdpa,True,True,0.0,0.0
b2/mixed-grids/repeat/block3/1/step1,"[2, 211, 1536]",torch.bfloat16,sdpa,True,True,0.0,0.0
b2/mixed-grids/repeat/block3/1/step2,"[2, 211, 1536]",torch.bfloat16,sdpa,True,True,0.0,0.0
b2/mixed-grids/repeat/block3/1/step3,"[2, 211, 1536]",torch.bfloat16,sdpa,True,True,0.0,0.0
b2/mixed-grids/repeat/block3/1/step4,"[2, 211, 1536]",torch.bfloat16,sdpa,True,True,0.0,0.0
b2/mixed-grids/repeat/block3/1/step5,"[2, 211, 1536]",torch.bfloat16,sdpa,True,True,0.0,0.0
b2/mixed-grids/repeat/block3/1/step6,"[2, 211, 1536]",torch.bfloat16,sdpa,True,True,0.0,0.0
b2/mixed-grids/repeat/block3/1/step7,"[2, 211, 1536]",torch.bfloat16,sdpa,True,True,0.0,0.0
b2/mixed-grids/repeat/block3/1/step8,"[2, 211, 1536]",torch.bfloat16,sdpa,True,True,0.0,0.0
b2/mixed-grids/repeat/block3/1/step9,"[2, 211, 1536]",torch.bfloat16,sdpa,True,True,0.0,0.0
b2/mixed-grids/repeat/block4/0/step0,"[2, 30, 1536]",torch.bfloat16,sdpa,True,True,0.0,0.0
b2/mixed-grids/repeat/block4/0/step1,"[2, 30, 1536]",torch.bfloat16,sdpa,True,True,0.0,0.0
b2/mixed-grids/repeat/block4/0/step2,"[2, 30, 1536]",torch.bfloat16,sdpa,True,True,0.0,0.0
b2/mixed-grids/repeat/block4/0/step3,"[2, 30, 1536]",torch.bfloat16,sdpa,True,True,0.0,0.0
b2/mixed-grids/repeat/block4/0/step4,"[2, 30, 1536]",torch.bfloat16,sdpa,True,True,0.0,0.0
b2/mixed-grids/repeat/block4/0/step5,"[2, 30, 1536]",torch.bfloat16,sdpa,True,True,0.0,0.0
b2/mixed-grids/repeat/block4/0/step6,"[2, 30, 1536]",torch.bfloat16,sdpa,True,True,0.0,0.0
b2/mixed-grids/repeat/block4/0/step7,"[2, 30, 1536]",torch.bfloat16,sdpa,True,True,0.0,0.0
b2/mixed-grids/repeat/block4/0/step8,"[2, 30, 1536]",torch.bfloat16,sdpa,True,True,0.0,0.0
b2/mixed-grids/repeat/block4/0/step9,"[2, 30, 1536]",torch.bfloat16,sdpa,True,True,0.0,0.0
b2/mixed-grids/repeat/block4/1/step0,"[2, 211, 1536]",torch.bfloat16,sdpa,True,True,0.0,0.0
b2/mixed-grids/repeat/block4/1/step1,"[2, 211, 1536]",torch.bfloat16,sdpa,True,True,0.0,0.0
b2/mixed-grids/repeat/block4/1/step2,"[2, 211, 1536]",torch.bfloat16,sdpa,True,True,0.0,0.0
b2/mixed-grids/repeat/block4/1/step3,"[2, 211, 1536]",torch.bfloat16,sdpa,True,True,0.0,0.0
b2/mixed-grids/repeat/block4/1/step4,"[2, 211, 1536]",torch.bfloat16,sdpa,True,True,0.0,0.0
b2/mixed-grids/repeat/block4/1/step5,"[2, 211, 1536]",torch.bfloat16,sdpa,True,True,0.0,0.0
b2/mixed-grids/repeat/block4/1/step6,"[2, 211, 1536]",torch.bfloat16,sdpa,True,True,0.0,0.0
b2/mixed-grids/repeat/block4/1/step7,"[2, 211, 1536]",torch.bfloat16,sdpa,True,True,0.0,0.0
b2/mixed-grids/repeat/block4/1/step8,"[2, 211, 1536]",torch.bfloat16,sdpa,True,True,0.0,0.0
b2/mixed-grids/repeat/block4/1/step9,"[2, 211, 1536]",torch.bfloat16,sdpa,True,True,0.0,0.0
b2/mixed-grids/repeat/block5/0/step0,"[2, 30, 1536]",torch.bfloat16,sdpa,True,True,0.0,0.0
b2/mixed-grids/repeat/block5/0/step1,"[2, 30, 1536]",torch.bfloat16,sdpa,True,True,0.0,0.0
b2/mixed-grids/repeat/block5/0/step2,"[2, 30, 1536]",torch.bfloat16,sdpa,True,True,0.0,0.0
b2/mixed-grids/repeat/block5/0/step3,"[2, 30, 1536]",torch.bfloat16,sdpa,True,True,0.0,0.0
b2/mixed-grids/repeat/block5/0/step4,"[2, 30, 1536]",torch.bfloat16,sdpa,True,True,0.0,0.0
b2/mixed-grids/repeat/block5/0/step5,"[2, 30, 1536]",torch.bfloat16,sdpa,True,True,0.0,0.0
b2/mixed-grids/repeat/block5/0/step6,"[2, 30, 1536]",torch.bfloat16,sdpa,True,True,0.0,0.0
b2/mixed-grids/repeat/block5/0/step7,"[2, 30, 1536]",torch.bfloat16,sdpa,True,True,0.0,0.0
b2/mixed-grids/repeat/block5/0/step8,"[2, 30, 1536]",torch.bfloat16,sdpa,True,True,0.0,0.0
b2/mixed-grids/repeat/block5/0/step9,"[2, 30, 1536]",torch.bfloat16,sdpa,True,True,0.0,0.0
b2/mixed-grids/repeat/velocity/step0,"[2, 30, 78]",torch.bfloat16,sdpa,True,True,0.0,0.0
b2/mixed-grids/repeat/velocity/step1,"[2, 30, 78]",torch.bfloat16,sdpa,True,True,0.0,0.0
b2/mixed-grids/repeat/velocity/step2,"[2, 30, 78]",torch.bfloat16,sdpa,True,True,0.0,0.0
b2/mixed-grids/repeat/velocity/step3,"[2, 30, 78]",torch.bfloat16,sdpa,True,True,0.0,0.0
b2/mixed-grids/repeat/velocity/step4,"[2, 30, 78]",torch.bfloat16,sdpa,True,True,0.0,0.0
b2/mixed-grids/repeat/velocity/step5,"[2, 30, 78]",torch.bfloat16,sdpa,True,True,0.0,0.0
b2/mixed-grids/repeat/velocity/step6,"[2, 30, 78]",torch.bfloat16,sdpa,True,True,0.0,0.0
b2/mixed-grids/repeat/velocity/step7,"[2, 30, 78]",torch.bfloat16,sdpa,True,True,0.0,0.0
b2/mixed-grids/repeat/velocity/step8,"[2, 30, 78]",torch.bfloat16,sdpa,True,True,0.0,0.0
b2/mixed-grids/repeat/velocity/step9,"[2, 30, 78]",torch.bfloat16,sdpa,True,True,0.0,0.0
b2/mixed-grids/repeat/actions/step0,"[2, 30, 78]",torch.bfloat16,sdpa,True,True,0.0,0.0
b2/mixed-grids/repeat/actions/step1,"[2, 30, 78]",torch.bfloat16,sdpa,True,True,0.0,0.0
b2/mixed-grids/repeat/actions/step2,"[2, 30, 78]",torch.bfloat16,sdpa,True,True,0.0,0.0
b2/mixed-grids/repeat/actions/step3,"[2, 30, 78]",torch.bfloat16,sdpa,True,True,0.0,0.0
b2/mixed-grids/repeat/actions/step4,"[2, 30, 78]",torch.bfloat16,sdpa,True,True,0.0,0.0
b2/mixed-grids/repeat/actions/step5,"[2, 30, 78]",torch.bfloat16,sdpa,True,True,0.0,0.0
b2/mixed-grids/repeat/actions/step6,"[2, 30, 78]",torch.bfloat16,sdpa,True,True,0.0,0.0
b2/mixed-grids/repeat/actions/step7,"[2, 30, 78]",torch.bfloat16,sdpa,True,True,0.0,0.0
b2/mixed-grids/repeat/actions/step8,"[2, 30, 78]",torch.bfloat16,sdpa,True,True,0.0,0.0
b2/mixed-grids/repeat/actions/step9,"[2, 30, 78]",torch.bfloat16,sdpa,True,True,0.0,0.0
b2/mixed-grids/input_ids,"[2, 210]",torch.int64,sdpa,True,True,0.0,0.0
b2/mixed-grids/attention_mask,"[2, 210]",torch.bool,sdpa,True,True,0.0,0.0
b2/mixed-grids/image_grid_thw,"[2, 3]",torch.int64,sdpa,True,True,0.0,0.0
b2/mixed-grids/pixel_values,"[1428, 1536]",torch.bfloat16,sdpa,True,True,0.0,0.0
b2/mixed-grids/positions,"[3, 2, 210]",torch.int64,sdpa,True,True,0.0,0.0
b2/mixed-grids/features,"[2, 1, 210, 2048]",torch.bfloat16,sdpa,True,True,0.0,0.0
b2/mixed-grids/final,"[2, 30, 78]",torch.float32,sdpa,True,False,0.01171875,0.002373002702370286
b2/mixed-grids/time/0/step0,"[2, 1536]",torch.bfloat16,sdpa,True,True,0.0,0.0
b2/mixed-grids/time/0/step1,"[2, 1536]",torch.bfloat16,sdpa,True,True,0.0,0.0
b2/mixed-grids/time/0/step2,"[2, 1536]",torch.bfloat16,sdpa,True,True,0.0,0.0
b2/mixed-grids/time/0/step3,"[2, 1536]",torch.bfloat16,sdpa,True,True,0.0,0.0
b2/mixed-grids/time/0/step4,"[2, 1536]",torch.bfloat16,sdpa,True,True,0.0,0.0
b2/mixed-grids/time/0/step5,"[2, 1536]",torch.bfloat16,sdpa,True,True,0.0,0.0
b2/mixed-grids/time/0/step6,"[2, 1536]",torch.bfloat16,sdpa,True,True,0.0,0.0
b2/mixed-grids/time/0/step7,"[2, 1536]",torch.bfloat16,sdpa,True,True,0.0,0.0
b2/mixed-grids/time/0/step8,"[2, 1536]",torch.bfloat16,sdpa,True,True,0.0,0.0
b2/mixed-grids/time/0/step9,"[2, 1536]",torch.bfloat16,sdpa,True,True,0.0,0.0
b2/mixed-grids/action-in/0/step0,"[2, 30, 1536]",torch.bfloat16,sdpa,True,True,0.0,0.0
b2/mixed-grids/action-in/0/step1,"[2, 30, 1536]",torch.bfloat16,sdpa,True,False,0.00390625,0.0003511894610710442
b2/mixed-grids/action-in/0/step2,"[2, 30, 1536]",torch.bfloat16,sdpa,True,False,0.0078125,0.00041097638313658535
b2/mixed-grids/action-in/0/step3,"[2, 30, 1536]",torch.bfloat16,sdpa,True,False,0.0078125,0.0004097008495591581
b2/mixed-grids/action-in/0/step4,"[2, 30, 1536]",torch.bfloat16,sdpa,True,False,0.00390625,0.00041060036164708436
b2/mixed-grids/action-in/0/step5,"[2, 30, 1536]",torch.bfloat16,sdpa,True,False,0.00390625,0.0003994331054855138
b2/mixed-grids/action-in/0/step6,"[2, 30, 1536]",torch.bfloat16,sdpa,True,False,0.00390625,0.0003933758125640452
b2/mixed-grids/action-in/0/step7,"[2, 30, 1536]",torch.bfloat16,sdpa,True,False,0.00390625,0.0003840901772491634
b2/mixed-grids/action-in/0/step8,"[2, 30, 1536]",torch.bfloat16,sdpa,True,False,0.0078125,0.00039071327773854136
b2/mixed-grids/action-in/0/step9,"[2, 30, 1536]",torch.bfloat16,sdpa,True,False,0.00390625,0.0004597875813487917
b2/mixed-grids/obs/0/step0,"[2, 211, 1536]",torch.bfloat16,sdpa,True,True,0.0,0.0
b2/mixed-grids/obs/1/step0,"[2, 211]",torch.bool,sdpa,True,True,0.0,0.0
b2/mixed-grids/block0/0/step0,"[2, 30, 1536]",torch.bfloat16,sdpa,True,True,0.0,0.0
b2/mixed-grids/block0/0/step1,"[2, 30, 1536]",torch.bfloat16,sdpa,True,False,0.0625,0.003744417568668723
b2/mixed-grids/block0/0/step2,"[2, 30, 1536]",torch.bfloat16,sdpa,True,False,0.09375,0.00446512084454298
b2/mixed-grids/block0/0/step3,"[2, 30, 1536]",torch.bfloat16,sdpa,True,False,0.125,0.004907192662358284
b2/mixed-grids/block0/0/step4,"[2, 30, 1536]",torch.bfloat16,sdpa,True,False,0.0625,0.005297832190990448
b2/mixed-grids/block0/0/step5,"[2, 30, 1536]",torch.bfloat16,sdpa,True,False,0.125,0.005873344372957945
b2/mixed-grids/block0/0/step6,"[2, 30, 1536]",torch.bfloat16,sdpa,True,False,0.125,0.0064330799505114555
b2/mixed-grids/block0/0/step7,"[2, 30, 1536]",torch.bfloat16,sdpa,True,False,0.25,0.007502335589379072
b2/mixed-grids/block0/0/step8,"[2, 30, 1536]",torch.bfloat16,sdpa,True,False,0.25,0.010507632978260517
b2/mixed-grids/block0/0/step9,"[2, 30, 1536]",torch.bfloat16,sdpa,True,False,1.0,0.056192029267549515
b2/mixed-grids/block0/1/step0,"[2, 211, 1536]",torch.bfloat16,sdpa,True,True,0.0,0.0
b2/mixed-grids/block0/1/step1,"[2, 211, 1536]",torch.bfloat16,sdpa,True,False,4.0,0.012410353869199753
b2/mixed-grids/block0/1/step2,"[2, 211, 1536]",torch.bfloat16,sdpa,True,False,8.0,0.02578911744058132
b2/mixed-grids/block0/1/step3,"[2, 211, 1536]",torch.bfloat16,sdpa,True,False,4.0,0.009824449196457863
b2/mixed-grids/block0/1/step4,"[2, 211, 1536]",torch.bfloat16,sdpa,True,False,4.0,0.01174087729305029
b2/mixed-grids/block0/1/step5,"[2, 211, 1536]",torch.bfloat16,sdpa,True,False,2.0,0.009616111405193806
b2/mixed-grids/block0/1/step6,"[2, 211, 1536]",torch.bfloat16,sdpa,True,False,4.0,0.012588235549628735
b2/mixed-grids/block0/1/step7,"[2, 211, 1536]",torch.bfloat16,sdpa,True,False,2.0,0.00929247960448265
b2/mixed-grids/block0/1/step8,"[2, 211, 1536]",torch.bfloat16,sdpa,True,False,8.0,0.01988108456134796
b2/mixed-grids/block0/1/step9,"[2, 211, 1536]",torch.bfloat16,sdpa,True,False,8.0,0.027299633249640465
b2/mixed-grids/block1/0/step0,"[2, 30, 1536]",torch.bfloat16,sdpa,True,True,0.0,0.0
b2/mixed-grids/block1/0/step1,"[2, 30, 1536]",torch.bfloat16,sdpa,True,False,0.125,0.004515737760812044
b2/mixed-grids/block1/0/step2,"[2, 30, 1536]",torch.bfloat16,sdpa,True,False,0.125,0.005057989154011011
b2/mixed-grids/block1/0/step3,"[2, 30, 1536]",torch.bfloat16,sdpa,True,False,0.25,0.005388173274695873
b2/mixed-grids/block1/0/step4,"[2, 30, 1536]",torch.bfloat16,sdpa,True,False,0.25,0.005752016790211201
b2/mixed-grids/block1/0/step5,"[2, 30, 1536]",torch.bfloat16,sdpa,True,False,0.25,0.006235472857952118
b2/mixed-grids/block1/0/step6,"[2, 30, 1536]",torch.bfloat16,sdpa,True,False,0.25,0.0067753116600215435
b2/mixed-grids/block1/0/step7,"[2, 30, 1536]",torch.bfloat16,sdpa,True,False,0.25,0.007780032232403755
b2/mixed-grids/block1/0/step8,"[2, 30, 1536]",torch.bfloat16,sdpa,True,False,0.25,0.01079863216727972
b2/mixed-grids/block1/0/step9,"[2, 30, 1536]",torch.bfloat16,sdpa,True,False,1.0,0.061083074659109116
b2/mixed-grids/block1/1/step0,"[2, 211, 1536]",torch.bfloat16,sdpa,True,True,0.0,0.0
b2/mixed-grids/block1/1/step1,"[2, 211, 1536]",torch.bfloat16,sdpa,True,False,4.0,0.01932452991604805
b2/mixed-grids/block1/1/step2,"[2, 211, 1536]",torch.bfloat16,sdpa,True,False,8.0,0.03369905427098274
b2/mixed-grids/block1/1/step3,"[2, 211, 1536]",torch.bfloat16,sdpa,True,False,8.0,0.024810072034597397
b2/mixed-grids/block1/1/step4,"[2, 211, 1536]",torch.bfloat16,sdpa,True,False,4.0,0.019599827006459236
b2/mixed-grids/block1/1/step5,"[2, 211, 1536]",torch.bfloat16,sdpa,True,False,4.0,0.01984291523694992
b2/mixed-grids/block1/1/step6,"[2, 211, 1536]",torch.bfloat16,sdpa,True,False,8.0,0.024920066818594933
b2/mixed-grids/block1/1/step7,"[2, 211, 1536]",torch.bfloat16,sdpa,True,False,8.0,0.024595187976956367
b2/mixed-grids/block1/1/step8,"[2, 211, 1536]",torch.bfloat16,sdpa,True,False,8.0,0.028363745659589767
b2/mixed-grids/block1/1/step9,"[2, 211, 1536]",torch.bfloat16,sdpa,True,False,8.0,0.041504211723804474
b2/mixed-grids/block2/0/step0,"[2, 30, 1536]",torch.bfloat16,sdpa,True,True,0.0,0.0
b2/mixed-grids/block2/0/step1,"[2, 30, 1536]",torch.bfloat16,sdpa,True,False,0.25,0.004840329755097628
b2/mixed-grids/block2/0/step2,"[2, 30, 1536]",torch.bfloat16,sdpa,True,False,0.25,0.005405331961810589
b2/mixed-grids/block2/0/step3,"[2, 30, 1536]",torch.bfloat16,sdpa,True,False,0.25,0.005719236563891172
b2/mixed-grids/block2/0/step4,"[2, 30, 1536]",torch.bfloat16,sdpa,True,False,0.25,0.0060067386366426945
b2/mixed-grids/block2/0/step5,"[2, 30, 1536]",torch.bfloat16,sdpa,True,False,0.25,0.006529415491968393
b2/mixed-grids/block2/0/step6,"[2, 30, 1536]",torch.bfloat16,sdpa,True,False,0.125,0.0069086262956261635
b2/mixed-grids/block2/0/step7,"[2, 30, 1536]",torch.bfloat16,sdpa,True,False,0.25,0.008041014894843102
b2/mixed-grids/block2/0/step8,"[2, 30, 1536]",torch.bfloat16,sdpa,True,False,0.25,0.011453265324234962
b2/mixed-grids/block2/0/step9,"[2, 30, 1536]",torch.bfloat16,sdpa,True,False,1.0,0.07372041791677475
b2/mixed-grids/block2/1/step0,"[2, 211, 1536]",torch.bfloat16,sdpa,True,True,0.0,0.0
b2/mixed-grids/block2/1/step1,"[2, 211, 1536]",torch.bfloat16,sdpa,True,False,4.0,0.026762662455439568
b2/mixed-grids/block2/1/step2,"[2, 211, 1536]",torch.bfloat16,sdpa,True,False,8.0,0.03913861885666847
b2/mixed-grids/block2/1/step3,"[2, 211, 1536]",torch.bfloat16,sdpa,True,False,8.0,0.032454390078783035
b2/mixed-grids/block2/1/step4,"[2, 211, 1536]",torch.bfloat16,sdpa,True,False,4.0,0.027956677600741386
b2/mixed-grids/block2/1/step5,"[2, 211, 1536]",torch.bfloat16,sdpa,True,False,4.0,0.02774300053715706
b2/mixed-grids/block2/1/step6,"[2, 211, 1536]",torch.bfloat16,sdpa,True,False,8.0,0.03288113698363304
b2/mixed-grids/block2/1/step7,"[2, 211, 1536]",torch.bfloat16,sdpa,True,False,8.0,0.03363534063100815
b2/mixed-grids/block2/1/step8,"[2, 211, 1536]",torch.bfloat16,sdpa,True,False,8.0,0.03546639904379845
b2/mixed-grids/block2/1/step9,"[2, 211, 1536]",torch.bfloat16,sdpa,True,False,8.0,0.055642928928136826
b2/mixed-grids/block3/0/step0,"[2, 30, 1536]",torch.bfloat16,sdpa,True,True,0.0,0.0
b2/mixed-grids/block3/0/step1,"[2, 30, 1536]",torch.bfloat16,sdpa,True,False,0.25,0.005282420199364424
b2/mixed-grids/block3/0/step2,"[2, 30, 1536]",torch.bfloat16,sdpa,True,False,0.25,0.005846874788403511
b2/mixed-grids/block3/0/step3,"[2, 30, 1536]",torch.bfloat16,sdpa,True,False,0.25,0.006126298103481531
b2/mixed-grids/block3/0/step4,"[2, 30, 1536]",torch.bfloat16,sdpa,True,False,0.25,0.006312831304967403
b2/mixed-grids/block3/0/step5,"[2, 30, 1536]",torch.bfloat16,sdpa,True,False,0.5,0.0070608826354146
b2/mixed-grids/block3/0/step6,"[2, 30, 1536]",torch.bfloat16,sdpa,True,False,0.375,0.00732517009600997
b2/mixed-grids/block3/0/step7,"[2, 30, 1536]",torch.bfloat16,sdpa,True,False,0.25,0.008466686122119427
b2/mixed-grids/block3/0/step8,"[2, 30, 1536]",torch.bfloat16,sdpa,True,False,0.25,0.012278891168534756
b2/mixed-grids/block3/0/step9,"[2, 30, 1536]",torch.bfloat16,sdpa,True,False,4.59375,0.2586394250392914
b2/mixed-grids/block3/1/step0,"[2, 211, 1536]",torch.bfloat16,sdpa,True,True,0.0,0.0
b2/mixed-grids/block3/1/step1,"[2, 211, 1536]",torch.bfloat16,sdpa,True,False,8.0,0.04421909153461456
b2/mixed-grids/block3/1/step2,"[2, 211, 1536]",torch.bfloat16,sdpa,True,False,8.0,0.05397999659180641
b2/mixed-grids/block3/1/step3,"[2, 211, 1536]",torch.bfloat16,sdpa,True,False,8.0,0.047551486641168594
b2/mixed-grids/block3/1/step4,"[2, 211, 1536]",torch.bfloat16,sdpa,True,False,8.0,0.04486828297376633
b2/mixed-grids/block3/1/step5,"[2, 211, 1536]",torch.bfloat16,sdpa,True,False,8.0,0.04382606968283653
b2/mixed-grids/block3/1/step6,"[2, 211, 1536]",torch.bfloat16,sdpa,True,False,8.0,0.04954748600721359
b2/mixed-grids/block3/1/step7,"[2, 211, 1536]",torch.bfloat16,sdpa,True,False,8.0,0.050410449504852295
b2/mixed-grids/block3/1/step8,"[2, 211, 1536]",torch.bfloat16,sdpa,True,False,8.0,0.050292715430259705
b2/mixed-grids/block3/1/step9,"[2, 211, 1536]",torch.bfloat16,sdpa,True,False,8.0,0.08163785934448242
b2/mixed-grids/block4/0/step0,"[2, 30, 1536]",torch.bfloat16,sdpa,True,True,0.0,0.0
b2/mixed-grids/block4/0/step1,"[2, 30, 1536]",torch.bfloat16,sdpa,True,False,0.5,0.007025546859949827
b2/mixed-grids/block4/0/step2,"[2, 30, 1536]",torch.bfloat16,sdpa,True,False,0.5,0.007472775410860777
b2/mixed-grids/block4/0/step3,"[2, 30, 1536]",torch.bfloat16,sdpa,True,False,0.25,0.007133296225219965
b2/mixed-grids/block4/0/step4,"[2, 30, 1536]",torch.bfloat16,sdpa,True,False,0.5,0.0073089804500341415
b2/mixed-grids/block4/0/step5,"[2, 30, 1536]",torch.bfloat16,sdpa,True,False,0.5,0.007932901382446289
b2/mixed-grids/block4/0/step6,"[2, 30, 1536]",torch.bfloat16,sdpa,True,False,0.25,0.008305548690259457
b2/mixed-grids/block4/0/step7,"[2, 30, 1536]",torch.bfloat16,sdpa,True,False,0.5,0.01009061373770237
b2/mixed-grids/block4/0/step8,"[2, 30, 1536]",torch.bfloat16,sdpa,True,False,0.5,0.01336212083697319
b2/mixed-grids/block4/0/step9,"[2, 30, 1536]",torch.bfloat16,sdpa,True,False,5.375,0.4601549208164215
b2/mixed-grids/block4/1/step0,"[2, 211, 1536]",torch.bfloat16,sdpa,True,True,0.0,0.0
b2/mixed-grids/block4/1/step1,"[2, 211, 1536]",torch.bfloat16,sdpa,True,False,8.0,0.06331590563058853
b2/mixed-grids/block4/1/step2,"[2, 211, 1536]",torch.bfloat16,sdpa,True,False,8.0,0.07812905311584473
b2/mixed-grids/block4/1/step3,"[2, 211, 1536]",torch.bfloat16,sdpa,True,False,8.0,0.06777386367321014
b2/mixed-grids/block4/1/step4,"[2, 211, 1536]",torch.bfloat16,sdpa,True,False,16.0,0.06598033010959625
b2/mixed-grids/block4/1/step5,"[2, 211, 1536]",torch.bfloat16,sdpa,True,False,8.0,0.06319833546876907
b2/mixed-grids/block4/1/step6,"[2, 211, 1536]",torch.bfloat16,sdpa,True,False,8.0,0.06932713836431503
b2/mixed-grids/block4/1/step7,"[2, 211, 1536]",torch.bfloat16,sdpa,True,False,8.0,0.06890758872032166
b2/mixed-grids/block4/1/step8,"[2, 211, 1536]",torch.bfloat16,sdpa,True,False,8.0,0.06909288465976715
b2/mixed-grids/block4/1/step9,"[2, 211, 1536]",torch.bfloat16,sdpa,True,False,8.0,0.11508417874574661
b2/mixed-grids/block5/0/step0,"[2, 30, 1536]",torch.bfloat16,sdpa,True,True,0.0,0.0
b2/mixed-grids/block5/0/step1,"[2, 30, 1536]",torch.bfloat16,sdpa,True,False,0.5,0.013763121329247952
b2/mixed-grids/block5/0/step2,"[2, 30, 1536]",torch.bfloat16,sdpa,True,False,0.5,0.014145181514322758
b2/mixed-grids/block5/0/step3,"[2, 30, 1536]",torch.bfloat16,sdpa,True,False,0.5,0.014031834900379181
b2/mixed-grids/block5/0/step4,"[2, 30, 1536]",torch.bfloat16,sdpa,True,False,0.5,0.013885293155908585
b2/mixed-grids/block5/0/step5,"[2, 30, 1536]",torch.bfloat16,sdpa,True,False,0.5,0.013672685250639915
b2/mixed-grids/block5/0/step6,"[2, 30, 1536]",torch.bfloat16,sdpa,True,False,0.5,0.01347480621188879
b2/mixed-grids/block5/0/step7,"[2, 30, 1536]",torch.bfloat16,sdpa,True,False,0.5,0.015240879729390144
b2/mixed-grids/block5/0/step8,"[2, 30, 1536]",torch.bfloat16,sdpa,True,False,0.75,0.01833074353635311
b2/mixed-grids/block5/0/step9,"[2, 30, 1536]",torch.bfloat16,sdpa,True,False,7.25,0.5014343857765198
b2/mixed-grids/velocity/step0,"[2, 30, 78]",torch.bfloat16,sdpa,True,True,0.0,0.0
b2/mixed-grids/velocity/step1,"[2, 30, 78]",torch.bfloat16,sdpa,True,False,0.03125,0.004785379394888878
b2/mixed-grids/velocity/step2,"[2, 30, 78]",torch.bfloat16,sdpa,True,False,0.03125,0.0055742813274264336
b2/mixed-grids/velocity/step3,"[2, 30, 78]",torch.bfloat16,sdpa,True,False,0.03125,0.006032771896570921
b2/mixed-grids/velocity/step4,"[2, 30, 78]",torch.bfloat16,sdpa,True,False,0.03125,0.0065286955796182156
b2/mixed-grids/velocity/step5,"[2, 30, 78]",torch.bfloat16,sdpa,True,False,0.046875,0.007543629035353661
b2/mixed-grids/velocity/step6,"[2, 30, 78]",torch.bfloat16,sdpa,True,False,0.046875,0.009315172210335732
b2/mixed-grids/velocity/step7,"[2, 30, 78]",torch.bfloat16,sdpa,True,False,0.0546875,0.012820040807127953
b2/mixed-grids/velocity/step8,"[2, 30, 78]",torch.bfloat16,sdpa,True,False,0.11328125,0.024799948558211327
b2/mixed-grids/velocity/step9,"[2, 30, 78]",torch.bfloat16,sdpa,True,False,8.84375,0.6477807760238647
b2/mixed-grids/actions/step0,"[2, 30, 78]",torch.bfloat16,sdpa,True,False,0.015625,0.0009576166630722582
b2/mixed-grids/actions/step1,"[2, 30, 78]",torch.bfloat16,sdpa,True,False,0.015625,0.0015288678696379066
b2/mixed-grids/actions/step2,"[2, 30, 78]",torch.bfloat16,sdpa,True,False,0.015625,0.0018135042628273368
b2/mixed-grids/actions/step3,"[2, 30, 78]",torch.bfloat16,sdpa,True,False,0.015625,0.001984365750104189
b2/mixed-grids/actions/step4,"[2, 30, 78]",torch.bfloat16,sdpa,True,False,0.015625,0.0020411040168255568
b2/mixed-grids/actions/step5,"[2, 30, 78]",torch.bfloat16,sdpa,True,False,0.01171875,0.0019458861788734794
b2/mixed-grids/actions/step6,"[2, 30, 78]",torch.bfloat16,sdpa,True,False,0.0078125,0.001801356440410018
b2/mixed-grids/actions/step7,"[2, 30, 78]",torch.bfloat16,sdpa,True,False,0.0078125,0.001768027083016932
b2/mixed-grids/actions/step8,"[2, 30, 78]",torch.bfloat16,sdpa,True,False,0.013671875,0.0024430241901427507
b2/mixed-grids/actions/step9,"[2, 30, 78]",torch.bfloat16,sdpa,True,False,0.01171875,0.002373002702370286
b2/mixed-grids/denormalized,"[2, 30, 78]",torch.float32,sdpa,True,False,0.0068359375,0.0009965102653950453
b4/state-normalization,"[4, 1, 43]",torch.float32,sdpa,True,True,0.0,0.0
b4/image-transform/row0,"[240, 320, 3]",torch.uint8,sdpa,True,False,156.0,55.692256927490234
b4/image-transform/row1,"[240, 320, 3]",torch.uint8,sdpa,True,False,175.0,58.10393524169922
b4/image-transform/row2,"[240, 320, 3]",torch.uint8,sdpa,True,False,169.0,59.102577209472656
b4/image-transform/row3,"[240, 320, 3]",torch.uint8,sdpa,True,False,166.0,60.073463439941406
b4/transformed/repeat/input_ids,"[4, 107]",torch.int64,sdpa,True,True,0.0,0.0
b4/transformed/repeat/attention_mask,"[4, 107]",torch.bool,sdpa,True,True,0.0,0.0
b4/transformed/repeat/image_grid_thw,"[4, 3]",torch.int64,sdpa,True,True,0.0,0.0
b4/transformed/repeat/pixel_values,"[1280, 1536]",torch.bfloat16,sdpa,True,True,0.0,0.0
b4/transformed/repeat/positions,"[3, 4, 107]",torch.int64,sdpa,True,True,0.0,0.0
b4/transformed/repeat/features,"[4, 1, 107, 2048]",torch.bfloat16,sdpa,True,True,0.0,0.0
b4/transformed/repeat/final,"[4, 30, 78]",torch.float32,sdpa,True,True,0.0,0.0
b4/transformed/repeat/time/0/step0,"[4, 1536]",torch.bfloat16,sdpa,True,True,0.0,0.0
b4/transformed/repeat/time/0/step1,"[4, 1536]",torch.bfloat16,sdpa,True,True,0.0,0.0
b4/transformed/repeat/time/0/step2,"[4, 1536]",torch.bfloat16,sdpa,True,True,0.0,0.0
b4/transformed/repeat/time/0/step3,"[4, 1536]",torch.bfloat16,sdpa,True,True,0.0,0.0
b4/transformed/repeat/time/0/step4,"[4, 1536]",torch.bfloat16,sdpa,True,True,0.0,0.0
b4/transformed/repeat/time/0/step5,"[4, 1536]",torch.bfloat16,sdpa,True,True,0.0,0.0
b4/transformed/repeat/time/0/step6,"[4, 1536]",torch.bfloat16,sdpa,True,True,0.0,0.0
b4/transformed/repeat/time/0/step7,"[4, 1536]",torch.bfloat16,sdpa,True,True,0.0,0.0
b4/transformed/repeat/time/0/step8,"[4, 1536]",torch.bfloat16,sdpa,True,True,0.0,0.0
b4/transformed/repeat/time/0/step9,"[4, 1536]",torch.bfloat16,sdpa,True,True,0.0,0.0
b4/transformed/repeat/action-in/0/step0,"[4, 30, 1536]",torch.bfloat16,sdpa,True,True,0.0,0.0
b4/transformed/repeat/action-in/0/step1,"[4, 30, 1536]",torch.bfloat16,sdpa,True,True,0.0,0.0
b4/transformed/repeat/action-in/0/step2,"[4, 30, 1536]",torch.bfloat16,sdpa,True,True,0.0,0.0
b4/transformed/repeat/action-in/0/step3,"[4, 30, 1536]",torch.bfloat16,sdpa,True,True,0.0,0.0
b4/transformed/repeat/action-in/0/step4,"[4, 30, 1536]",torch.bfloat16,sdpa,True,True,0.0,0.0
b4/transformed/repeat/action-in/0/step5,"[4, 30, 1536]",torch.bfloat16,sdpa,True,True,0.0,0.0
b4/transformed/repeat/action-in/0/step6,"[4, 30, 1536]",torch.bfloat16,sdpa,True,True,0.0,0.0
b4/transformed/repeat/action-in/0/step7,"[4, 30, 1536]",torch.bfloat16,sdpa,True,True,0.0,0.0
b4/transformed/repeat/action-in/0/step8,"[4, 30, 1536]",torch.bfloat16,sdpa,True,True,0.0,0.0
b4/transformed/repeat/action-in/0/step9,"[4, 30, 1536]",torch.bfloat16,sdpa,True,True,0.0,0.0
b4/transformed/repeat/obs/0/step0,"[4, 108, 1536]",torch.bfloat16,sdpa,True,True,0.0,0.0
b4/transformed/repeat/obs/0/step1,"[4, 108, 1536]",torch.bfloat16,sdpa,True,True,0.0,0.0
b4/transformed/repeat/obs/0/step2,"[4, 108, 1536]",torch.bfloat16,sdpa,True,True,0.0,0.0
b4/transformed/repeat/obs/0/step3,"[4, 108, 1536]",torch.bfloat16,sdpa,True,True,0.0,0.0
b4/transformed/repeat/obs/0/step4,"[4, 108, 1536]",torch.bfloat16,sdpa,True,True,0.0,0.0
b4/transformed/repeat/obs/0/step5,"[4, 108, 1536]",torch.bfloat16,sdpa,True,True,0.0,0.0
b4/transformed/repeat/obs/0/step6,"[4, 108, 1536]",torch.bfloat16,sdpa,True,True,0.0,0.0
b4/transformed/repeat/obs/0/step7,"[4, 108, 1536]",torch.bfloat16,sdpa,True,True,0.0,0.0
b4/transformed/repeat/obs/0/step8,"[4, 108, 1536]",torch.bfloat16,sdpa,True,True,0.0,0.0
b4/transformed/repeat/obs/0/step9,"[4, 108, 1536]",torch.bfloat16,sdpa,True,True,0.0,0.0
b4/transformed/repeat/obs/1/step0,"[4, 108]",torch.float32,sdpa,True,True,0.0,0.0
b4/transformed/repeat/obs/1/step1,"[4, 108]",torch.float32,sdpa,True,True,0.0,0.0
b4/transformed/repeat/obs/1/step2,"[4, 108]",torch.float32,sdpa,True,True,0.0,0.0
b4/transformed/repeat/obs/1/step3,"[4, 108]",torch.float32,sdpa,True,True,0.0,0.0
b4/transformed/repeat/obs/1/step4,"[4, 108]",torch.float32,sdpa,True,True,0.0,0.0
b4/transformed/repeat/obs/1/step5,"[4, 108]",torch.float32,sdpa,True,True,0.0,0.0
b4/transformed/repeat/obs/1/step6,"[4, 108]",torch.float32,sdpa,True,True,0.0,0.0
b4/transformed/repeat/obs/1/step7,"[4, 108]",torch.float32,sdpa,True,True,0.0,0.0
b4/transformed/repeat/obs/1/step8,"[4, 108]",torch.float32,sdpa,True,True,0.0,0.0
b4/transformed/repeat/obs/1/step9,"[4, 108]",torch.float32,sdpa,True,True,0.0,0.0
b4/transformed/repeat/block0/0/step0,"[4, 30, 1536]",torch.bfloat16,sdpa,True,True,0.0,0.0
b4/transformed/repeat/block0/0/step1,"[4, 30, 1536]",torch.bfloat16,sdpa,True,True,0.0,0.0
b4/transformed/repeat/block0/0/step2,"[4, 30, 1536]",torch.bfloat16,sdpa,True,True,0.0,0.0
b4/transformed/repeat/block0/0/step3,"[4, 30, 1536]",torch.bfloat16,sdpa,True,True,0.0,0.0
b4/transformed/repeat/block0/0/step4,"[4, 30, 1536]",torch.bfloat16,sdpa,True,True,0.0,0.0
b4/transformed/repeat/block0/0/step5,"[4, 30, 1536]",torch.bfloat16,sdpa,True,True,0.0,0.0
b4/transformed/repeat/block0/0/step6,"[4, 30, 1536]",torch.bfloat16,sdpa,True,True,0.0,0.0
b4/transformed/repeat/block0/0/step7,"[4, 30, 1536]",torch.bfloat16,sdpa,True,True,0.0,0.0
b4/transformed/repeat/block0/0/step8,"[4, 30, 1536]",torch.bfloat16,sdpa,True,True,0.0,0.0
b4/transformed/repeat/block0/0/step9,"[4, 30, 1536]",torch.bfloat16,sdpa,True,True,0.0,0.0
b4/transformed/repeat/block0/1/step0,"[4, 108, 1536]",torch.bfloat16,sdpa,True,True,0.0,0.0
b4/transformed/repeat/block0/1/step1,"[4, 108, 1536]",torch.bfloat16,sdpa,True,True,0.0,0.0
b4/transformed/repeat/block0/1/step2,"[4, 108, 1536]",torch.bfloat16,sdpa,True,True,0.0,0.0
b4/transformed/repeat/block0/1/step3,"[4, 108, 1536]",torch.bfloat16,sdpa,True,True,0.0,0.0
b4/transformed/repeat/block0/1/step4,"[4, 108, 1536]",torch.bfloat16,sdpa,True,True,0.0,0.0
b4/transformed/repeat/block0/1/step5,"[4, 108, 1536]",torch.bfloat16,sdpa,True,True,0.0,0.0
b4/transformed/repeat/block0/1/step6,"[4, 108, 1536]",torch.bfloat16,sdpa,True,True,0.0,0.0
b4/transformed/repeat/block0/1/step7,"[4, 108, 1536]",torch.bfloat16,sdpa,True,True,0.0,0.0
b4/transformed/repeat/block0/1/step8,"[4, 108, 1536]",torch.bfloat16,sdpa,True,True,0.0,0.0
b4/transformed/repeat/block0/1/step9,"[4, 108, 1536]",torch.bfloat16,sdpa,True,True,0.0,0.0
b4/transformed/repeat/block1/0/step0,"[4, 30, 1536]",torch.bfloat16,sdpa,True,True,0.0,0.0
b4/transformed/repeat/block1/0/step1,"[4, 30, 1536]",torch.bfloat16,sdpa,True,True,0.0,0.0
b4/transformed/repeat/block1/0/step2,"[4, 30, 1536]",torch.bfloat16,sdpa,True,True,0.0,0.0
b4/transformed/repeat/block1/0/step3,"[4, 30, 1536]",torch.bfloat16,sdpa,True,True,0.0,0.0
b4/transformed/repeat/block1/0/step4,"[4, 30, 1536]",torch.bfloat16,sdpa,True,True,0.0,0.0
b4/transformed/repeat/block1/0/step5,"[4, 30, 1536]",torch.bfloat16,sdpa,True,True,0.0,0.0
b4/transformed/repeat/block1/0/step6,"[4, 30, 1536]",torch.bfloat16,sdpa,True,True,0.0,0.0
b4/transformed/repeat/block1/0/step7,"[4, 30, 1536]",torch.bfloat16,sdpa,True,True,0.0,0.0
b4/transformed/repeat/block1/0/step8,"[4, 30, 1536]",torch.bfloat16,sdpa,True,True,0.0,0.0
b4/transformed/repeat/block1/0/step9,"[4, 30, 1536]",torch.bfloat16,sdpa,True,True,0.0,0.0
b4/transformed/repeat/block1/1/step0,"[4, 108, 1536]",torch.bfloat16,sdpa,True,True,0.0,0.0
b4/transformed/repeat/block1/1/step1,"[4, 108, 1536]",torch.bfloat16,sdpa,True,True,0.0,0.0
b4/transformed/repeat/block1/1/step2,"[4, 108, 1536]",torch.bfloat16,sdpa,True,True,0.0,0.0
b4/transformed/repeat/block1/1/step3,"[4, 108, 1536]",torch.bfloat16,sdpa,True,True,0.0,0.0
b4/transformed/repeat/block1/1/step4,"[4, 108, 1536]",torch.bfloat16,sdpa,True,True,0.0,0.0
b4/transformed/repeat/block1/1/step5,"[4, 108, 1536]",torch.bfloat16,sdpa,True,True,0.0,0.0
b4/transformed/repeat/block1/1/step6,"[4, 108, 1536]",torch.bfloat16,sdpa,True,True,0.0,0.0
b4/transformed/repeat/block1/1/step7,"[4, 108, 1536]",torch.bfloat16,sdpa,True,True,0.0,0.0
b4/transformed/repeat/block1/1/step8,"[4, 108, 1536]",torch.bfloat16,sdpa,True,True,0.0,0.0
b4/transformed/repeat/block1/1/step9,"[4, 108, 1536]",torch.bfloat16,sdpa,True,True,0.0,0.0
b4/transformed/repeat/block2/0/step0,"[4, 30, 1536]",torch.bfloat16,sdpa,True,True,0.0,0.0
b4/transformed/repeat/block2/0/step1,"[4, 30, 1536]",torch.bfloat16,sdpa,True,True,0.0,0.0
b4/transformed/repeat/block2/0/step2,"[4, 30, 1536]",torch.bfloat16,sdpa,True,True,0.0,0.0
b4/transformed/repeat/block2/0/step3,"[4, 30, 1536]",torch.bfloat16,sdpa,True,True,0.0,0.0
b4/transformed/repeat/block2/0/step4,"[4, 30, 1536]",torch.bfloat16,sdpa,True,True,0.0,0.0
b4/transformed/repeat/block2/0/step5,"[4, 30, 1536]",torch.bfloat16,sdpa,True,True,0.0,0.0
b4/transformed/repeat/block2/0/step6,"[4, 30, 1536]",torch.bfloat16,sdpa,True,True,0.0,0.0
b4/transformed/repeat/block2/0/step7,"[4, 30, 1536]",torch.bfloat16,sdpa,True,True,0.0,0.0
b4/transformed/repeat/block2/0/step8,"[4, 30, 1536]",torch.bfloat16,sdpa,True,True,0.0,0.0
b4/transformed/repeat/block2/0/step9,"[4, 30, 1536]",torch.bfloat16,sdpa,True,True,0.0,0.0
b4/transformed/repeat/block2/1/step0,"[4, 108, 1536]",torch.bfloat16,sdpa,True,True,0.0,0.0
b4/transformed/repeat/block2/1/step1,"[4, 108, 1536]",torch.bfloat16,sdpa,True,True,0.0,0.0
b4/transformed/repeat/block2/1/step2,"[4, 108, 1536]",torch.bfloat16,sdpa,True,True,0.0,0.0
b4/transformed/repeat/block2/1/step3,"[4, 108, 1536]",torch.bfloat16,sdpa,True,True,0.0,0.0
b4/transformed/repeat/block2/1/step4,"[4, 108, 1536]",torch.bfloat16,sdpa,True,True,0.0,0.0
b4/transformed/repeat/block2/1/step5,"[4, 108, 1536]",torch.bfloat16,sdpa,True,True,0.0,0.0
b4/transformed/repeat/block2/1/step6,"[4, 108, 1536]",torch.bfloat16,sdpa,True,True,0.0,0.0
b4/transformed/repeat/block2/1/step7,"[4, 108, 1536]",torch.bfloat16,sdpa,True,True,0.0,0.0
b4/transformed/repeat/block2/1/step8,"[4, 108, 1536]",torch.bfloat16,sdpa,True,True,0.0,0.0
b4/transformed/repeat/block2/1/step9,"[4, 108, 1536]",torch.bfloat16,sdpa,True,True,0.0,0.0
b4/transformed/repeat/block3/0/step0,"[4, 30, 1536]",torch.bfloat16,sdpa,True,True,0.0,0.0
b4/transformed/repeat/block3/0/step1,"[4, 30, 1536]",torch.bfloat16,sdpa,True,True,0.0,0.0
b4/transformed/repeat/block3/0/step2,"[4, 30, 1536]",torch.bfloat16,sdpa,True,True,0.0,0.0
b4/transformed/repeat/block3/0/step3,"[4, 30, 1536]",torch.bfloat16,sdpa,True,True,0.0,0.0
b4/transformed/repeat/block3/0/step4,"[4, 30, 1536]",torch.bfloat16,sdpa,True,True,0.0,0.0
b4/transformed/repeat/block3/0/step5,"[4, 30, 1536]",torch.bfloat16,sdpa,True,True,0.0,0.0
b4/transformed/repeat/block3/0/step6,"[4, 30, 1536]",torch.bfloat16,sdpa,True,True,0.0,0.0
b4/transformed/repeat/block3/0/step7,"[4, 30, 1536]",torch.bfloat16,sdpa,True,True,0.0,0.0
b4/transformed/repeat/block3/0/step8,"[4, 30, 1536]",torch.bfloat16,sdpa,True,True,0.0,0.0
b4/transformed/repeat/block3/0/step9,"[4, 30, 1536]",torch.bfloat16,sdpa,True,True,0.0,0.0
b4/transformed/repeat/block3/1/step0,"[4, 108, 1536]",torch.bfloat16,sdpa,True,True,0.0,0.0
b4/transformed/repeat/block3/1/step1,"[4, 108, 1536]",torch.bfloat16,sdpa,True,True,0.0,0.0
b4/transformed/repeat/block3/1/step2,"[4, 108, 1536]",torch.bfloat16,sdpa,True,True,0.0,0.0
b4/transformed/repeat/block3/1/step3,"[4, 108, 1536]",torch.bfloat16,sdpa,True,True,0.0,0.0
b4/transformed/repeat/block3/1/step4,"[4, 108, 1536]",torch.bfloat16,sdpa,True,True,0.0,0.0
b4/transformed/repeat/block3/1/step5,"[4, 108, 1536]",torch.bfloat16,sdpa,True,True,0.0,0.0
b4/transformed/repeat/block3/1/step6,"[4, 108, 1536]",torch.bfloat16,sdpa,True,True,0.0,0.0
b4/transformed/repeat/block3/1/step7,"[4, 108, 1536]",torch.bfloat16,sdpa,True,True,0.0,0.0
b4/transformed/repeat/block3/1/step8,"[4, 108, 1536]",torch.bfloat16,sdpa,True,True,0.0,0.0
b4/transformed/repeat/block3/1/step9,"[4, 108, 1536]",torch.bfloat16,sdpa,True,True,0.0,0.0
b4/transformed/repeat/block4/0/step0,"[4, 30, 1536]",torch.bfloat16,sdpa,True,True,0.0,0.0
b4/transformed/repeat/block4/0/step1,"[4, 30, 1536]",torch.bfloat16,sdpa,True,True,0.0,0.0
b4/transformed/repeat/block4/0/step2,"[4, 30, 1536]",torch.bfloat16,sdpa,True,True,0.0,0.0
b4/transformed/repeat/block4/0/step3,"[4, 30, 1536]",torch.bfloat16,sdpa,True,True,0.0,0.0
b4/transformed/repeat/block4/0/step4,"[4, 30, 1536]",torch.bfloat16,sdpa,True,True,0.0,0.0
b4/transformed/repeat/block4/0/step5,"[4, 30, 1536]",torch.bfloat16,sdpa,True,True,0.0,0.0
b4/transformed/repeat/block4/0/step6,"[4, 30, 1536]",torch.bfloat16,sdpa,True,True,0.0,0.0
b4/transformed/repeat/block4/0/step7,"[4, 30, 1536]",torch.bfloat16,sdpa,True,True,0.0,0.0
b4/transformed/repeat/block4/0/step8,"[4, 30, 1536]",torch.bfloat16,sdpa,True,True,0.0,0.0
b4/transformed/repeat/block4/0/step9,"[4, 30, 1536]",torch.bfloat16,sdpa,True,True,0.0,0.0
b4/transformed/repeat/block4/1/step0,"[4, 108, 1536]",torch.bfloat16,sdpa,True,True,0.0,0.0
b4/transformed/repeat/block4/1/step1,"[4, 108, 1536]",torch.bfloat16,sdpa,True,True,0.0,0.0
b4/transformed/repeat/block4/1/step2,"[4, 108, 1536]",torch.bfloat16,sdpa,True,True,0.0,0.0
b4/transformed/repeat/block4/1/step3,"[4, 108, 1536]",torch.bfloat16,sdpa,True,True,0.0,0.0
b4/transformed/repeat/block4/1/step4,"[4, 108, 1536]",torch.bfloat16,sdpa,True,True,0.0,0.0
b4/transformed/repeat/block4/1/step5,"[4, 108, 1536]",torch.bfloat16,sdpa,True,True,0.0,0.0
b4/transformed/repeat/block4/1/step6,"[4, 108, 1536]",torch.bfloat16,sdpa,True,True,0.0,0.0
b4/transformed/repeat/block4/1/step7,"[4, 108, 1536]",torch.bfloat16,sdpa,True,True,0.0,0.0
b4/transformed/repeat/block4/1/step8,"[4, 108, 1536]",torch.bfloat16,sdpa,True,True,0.0,0.0
b4/transformed/repeat/block4/1/step9,"[4, 108, 1536]",torch.bfloat16,sdpa,True,True,0.0,0.0
b4/transformed/repeat/block5/0/step0,"[4, 30, 1536]",torch.bfloat16,sdpa,True,True,0.0,0.0
b4/transformed/repeat/block5/0/step1,"[4, 30, 1536]",torch.bfloat16,sdpa,True,True,0.0,0.0
b4/transformed/repeat/block5/0/step2,"[4, 30, 1536]",torch.bfloat16,sdpa,True,True,0.0,0.0
b4/transformed/repeat/block5/0/step3,"[4, 30, 1536]",torch.bfloat16,sdpa,True,True,0.0,0.0
b4/transformed/repeat/block5/0/step4,"[4, 30, 1536]",torch.bfloat16,sdpa,True,True,0.0,0.0
b4/transformed/repeat/block5/0/step5,"[4, 30, 1536]",torch.bfloat16,sdpa,True,True,0.0,0.0
b4/transformed/repeat/block5/0/step6,"[4, 30, 1536]",torch.bfloat16,sdpa,True,True,0.0,0.0
b4/transformed/repeat/block5/0/step7,"[4, 30, 1536]",torch.bfloat16,sdpa,True,True,0.0,0.0
b4/transformed/repeat/block5/0/step8,"[4, 30, 1536]",torch.bfloat16,sdpa,True,True,0.0,0.0
b4/transformed/repeat/block5/0/step9,"[4, 30, 1536]",torch.bfloat16,sdpa,True,True,0.0,0.0
b4/transformed/repeat/velocity/step0,"[4, 30, 78]",torch.bfloat16,sdpa,True,True,0.0,0.0
b4/transformed/repeat/velocity/step1,"[4, 30, 78]",torch.bfloat16,sdpa,True,True,0.0,0.0
b4/transformed/repeat/velocity/step2,"[4, 30, 78]",torch.bfloat16,sdpa,True,True,0.0,0.0
b4/transformed/repeat/velocity/step3,"[4, 30, 78]",torch.bfloat16,sdpa,True,True,0.0,0.0
b4/transformed/repeat/velocity/step4,"[4, 30, 78]",torch.bfloat16,sdpa,True,True,0.0,0.0
b4/transformed/repeat/velocity/step5,"[4, 30, 78]",torch.bfloat16,sdpa,True,True,0.0,0.0
b4/transformed/repeat/velocity/step6,"[4, 30, 78]",torch.bfloat16,sdpa,True,True,0.0,0.0
b4/transformed/repeat/velocity/step7,"[4, 30, 78]",torch.bfloat16,sdpa,True,True,0.0,0.0
b4/transformed/repeat/velocity/step8,"[4, 30, 78]",torch.bfloat16,sdpa,True,True,0.0,0.0
b4/transformed/repeat/velocity/step9,"[4, 30, 78]",torch.bfloat16,sdpa,True,True,0.0,0.0
b4/transformed/repeat/actions/step0,"[4, 30, 78]",torch.bfloat16,sdpa,True,True,0.0,0.0
b4/transformed/repeat/actions/step1,"[4, 30, 78]",torch.bfloat16,sdpa,True,True,0.0,0.0
b4/transformed/repeat/actions/step2,"[4, 30, 78]",torch.bfloat16,sdpa,True,True,0.0,0.0
b4/transformed/repeat/actions/step3,"[4, 30, 78]",torch.bfloat16,sdpa,True,True,0.0,0.0
b4/transformed/repeat/actions/step4,"[4, 30, 78]",torch.bfloat16,sdpa,True,True,0.0,0.0
b4/transformed/repeat/actions/step5,"[4, 30, 78]",torch.bfloat16,sdpa,True,True,0.0,0.0
b4/transformed/repeat/actions/step6,"[4, 30, 78]",torch.bfloat16,sdpa,True,True,0.0,0.0
b4/transformed/repeat/actions/step7,"[4, 30, 78]",torch.bfloat16,sdpa,True,True,0.0,0.0
b4/transformed/repeat/actions/step8,"[4, 30, 78]",torch.bfloat16,sdpa,True,True,0.0,0.0
b4/transformed/repeat/actions/step9,"[4, 30, 78]",torch.bfloat16,sdpa,True,True,0.0,0.0
b4/transformed/input_ids,"[4, 107]",torch.int64,sdpa,True,True,0.0,0.0
b4/transformed/attention_mask,"[4, 107]",torch.bool,sdpa,True,True,0.0,0.0
b4/transformed/image_grid_thw,"[4, 3]",torch.int64,sdpa,True,True,0.0,0.0
b4/transformed/pixel_values,"[1280, 1536]",torch.bfloat16,sdpa,True,True,0.0,0.0
b4/transformed/positions,"[3, 4, 107]",torch.int64,sdpa,True,True,0.0,0.0
b4/transformed/features,"[4, 1, 107, 2048]",torch.bfloat16,sdpa,True,True,0.0,0.0
b4/transformed/final,"[4, 30, 78]",torch.float32,sdpa,True,False,0.01171875,0.002402033656835556
b4/transformed/time/0/step0,"[4, 1536]",torch.bfloat16,sdpa,True,True,0.0,0.0
b4/transformed/time/0/step1,"[4, 1536]",torch.bfloat16,sdpa,True,True,0.0,0.0
b4/transformed/time/0/step2,"[4, 1536]",torch.bfloat16,sdpa,True,True,0.0,0.0
b4/transformed/time/0/step3,"[4, 1536]",torch.bfloat16,sdpa,True,True,0.0,0.0
b4/transformed/time/0/step4,"[4, 1536]",torch.bfloat16,sdpa,True,True,0.0,0.0
b4/transformed/time/0/step5,"[4, 1536]",torch.bfloat16,sdpa,True,True,0.0,0.0
b4/transformed/time/0/step6,"[4, 1536]",torch.bfloat16,sdpa,True,True,0.0,0.0
b4/transformed/time/0/step7,"[4, 1536]",torch.bfloat16,sdpa,True,True,0.0,0.0
b4/transformed/time/0/step8,"[4, 1536]",torch.bfloat16,sdpa,True,True,0.0,0.0
b4/transformed/time/0/step9,"[4, 1536]",torch.bfloat16,sdpa,True,True,0.0,0.0
b4/transformed/action-in/0/step0,"[4, 30, 1536]",torch.bfloat16,sdpa,True,True,0.0,0.0
b4/transformed/action-in/0/step1,"[4, 30, 1536]",torch.bfloat16,sdpa,True,False,0.0078125,0.0003513661795295775
b4/transformed/action-in/0/step2,"[4, 30, 1536]",torch.bfloat16,sdpa,True,False,0.00390625,0.0004155913775321096
b4/transformed/action-in/0/step3,"[4, 30, 1536]",torch.bfloat16,sdpa,True,False,0.00390625,0.00041345760109834373
b4/transformed/action-in/0/step4,"[4, 30, 1536]",torch.bfloat16,sdpa,True,False,0.00390625,0.0004172935150563717
b4/transformed/action-in/0/step5,"[4, 30, 1536]",torch.bfloat16,sdpa,True,False,0.00390625,0.00038929239963181317
b4/transformed/action-in/0/step6,"[4, 30, 1536]",torch.bfloat16,sdpa,True,False,0.0078125,0.0003808803448919207
b4/transformed/action-in/0/step7,"[4, 30, 1536]",torch.bfloat16,sdpa,True,False,0.00390625,0.00035909205325879157
b4/transformed/action-in/0/step8,"[4, 30, 1536]",torch.bfloat16,sdpa,True,False,0.00390625,0.0003519908932503313
b4/transformed/action-in/0/step9,"[4, 30, 1536]",torch.bfloat16,sdpa,True,False,0.00390625,0.0004247933975420892
b4/transformed/obs/0/step0,"[4, 108, 1536]",torch.bfloat16,sdpa,True,True,0.0,0.0
b4/transformed/obs/1/step0,"[4, 108]",torch.bool,sdpa,True,True,0.0,0.0
b4/transformed/block0/0/step0,"[4, 30, 1536]",torch.bfloat16,sdpa,True,True,0.0,0.0
b4/transformed/block0/0/step1,"[4, 30, 1536]",torch.bfloat16,sdpa,True,False,0.09375,0.0034938694443553686
b4/transformed/block0/0/step2,"[4, 30, 1536]",torch.bfloat16,sdpa,True,False,0.15625,0.004272736608982086
b4/transformed/block0/0/step3,"[4, 30, 1536]",torch.bfloat16,sdpa,True,False,0.125,0.004823985975235701
b4/transformed/block0/0/step4,"[4, 30, 1536]",torch.bfloat16,sdpa,True,False,0.125,0.005340462550520897
b4/transformed/block0/0/step5,"[4, 30, 1536]",torch.bfloat16,sdpa,True,False,0.125,0.005594899877905846
b4/transformed/block0/0/step6,"[4, 30, 1536]",torch.bfloat16,sdpa,True,False,0.125,0.0062838830053806305
b4/transformed/block0/0/step7,"[4, 30, 1536]",torch.bfloat16,sdpa,True,False,0.125,0.007047293242067099
b4/transformed/block0/0/step8,"[4, 30, 1536]",torch.bfloat16,sdpa,True,False,0.25,0.009427893906831741
b4/transformed/block0/0/step9,"[4, 30, 1536]",torch.bfloat16,sdpa,True,False,1.0,0.05291372537612915
b4/transformed/block0/1/step0,"[4, 108, 1536]",torch.bfloat16,sdpa,True,True,0.0,0.0
b4/transformed/block0/1/step1,"[4, 108, 1536]",torch.bfloat16,sdpa,True,False,4.0,0.009000454097986221
b4/transformed/block0/1/step2,"[4, 108, 1536]",torch.bfloat16,sdpa,True,False,2.0,0.008147246204316616
b4/transformed/block0/1/step3,"[4, 108, 1536]",torch.bfloat16,sdpa,True,False,4.0,0.012822877615690231
b4/transformed/block0/1/step4,"[4, 108, 1536]",torch.bfloat16,sdpa,True,False,2.0,0.009027732536196709
b4/transformed/block0/1/step5,"[4, 108, 1536]",torch.bfloat16,sdpa,True,False,4.0,0.01308728288859129
b4/transformed/block0/1/step6,"[4, 108, 1536]",torch.bfloat16,sdpa,True,False,2.0,0.011376798152923584
b4/transformed/block0/1/step7,"[4, 108, 1536]",torch.bfloat16,sdpa,True,False,8.0,0.015483585186302662
b4/transformed/block0/1/step8,"[4, 108, 1536]",torch.bfloat16,sdpa,True,False,4.0,0.013056549243628979
b4/transformed/block0/1/step9,"[4, 108, 1536]",torch.bfloat16,sdpa,True,False,8.0,0.034723877906799316
b4/transformed/block1/0/step0,"[4, 30, 1536]",torch.bfloat16,sdpa,True,True,0.0,0.0
b4/transformed/block1/0/step1,"[4, 30, 1536]",torch.bfloat16,sdpa,True,False,0.25,0.0045348298735916615
b4/transformed/block1/0/step2,"[4, 30, 1536]",torch.bfloat16,sdpa,True,False,0.25,0.004951417446136475
b4/transformed/block1/0/step3,"[4, 30, 1536]",torch.bfloat16,sdpa,True,False,0.25,0.005363129079341888
b4/transformed/block1/0/step4,"[4, 30, 1536]",torch.bfloat16,sdpa,True,False,0.25,0.005850651301443577
b4/transformed/block1/0/step5,"[4, 30, 1536]",torch.bfloat16,sdpa,True,False,0.25,0.006014341022819281
b4/transformed/block1/0/step6,"[4, 30, 1536]",torch.bfloat16,sdpa,True,False,0.25,0.006618074141442776
b4/transformed/block1/0/step7,"[4, 30, 1536]",torch.bfloat16,sdpa,True,False,0.125,0.007353716529905796
b4/transformed/block1/0/step8,"[4, 30, 1536]",torch.bfloat16,sdpa,True,False,0.25,0.009876872412860394
b4/transformed/block1/0/step9,"[4, 30, 1536]",torch.bfloat16,sdpa,True,False,1.0,0.057385820895433426
b4/transformed/block1/1/step0,"[4, 108, 1536]",torch.bfloat16,sdpa,True,True,0.0,0.0
b4/transformed/block1/1/step1,"[4, 108, 1536]",torch.bfloat16,sdpa,True,False,4.0,0.01643560826778412
b4/transformed/block1/1/step2,"[4, 108, 1536]",torch.bfloat16,sdpa,True,False,4.0,0.017315035685896873
b4/transformed/block1/1/step3,"[4, 108, 1536]",torch.bfloat16,sdpa,True,False,4.0,0.020019788295030594
b4/transformed/block1/1/step4,"[4, 108, 1536]",torch.bfloat16,sdpa,True,False,4.0,0.01791290193796158
b4/transformed/block1/1/step5,"[4, 108, 1536]",torch.bfloat16,sdpa,True,False,4.0,0.019597291946411133
b4/transformed/block1/1/step6,"[4, 108, 1536]",torch.bfloat16,sdpa,True,False,4.0,0.01971352845430374
b4/transformed/block1/1/step7,"[4, 108, 1536]",torch.bfloat16,sdpa,True,False,8.0,0.022005625069141388
b4/transformed/block1/1/step8,"[4, 108, 1536]",torch.bfloat16,sdpa,True,False,4.0,0.02100389078259468
b4/transformed/block1/1/step9,"[4, 108, 1536]",torch.bfloat16,sdpa,True,False,8.0,0.04120375216007233
b4/transformed/block2/0/step0,"[4, 30, 1536]",torch.bfloat16,sdpa,True,True,0.0,0.0
b4/transformed/block2/0/step1,"[4, 30, 1536]",torch.bfloat16,sdpa,True,False,0.25,0.004881322383880615
b4/transformed/block2/0/step2,"[4, 30, 1536]",torch.bfloat16,sdpa,True,False,0.5,0.005453526973724365
b4/transformed/block2/0/step3,"[4, 30, 1536]",torch.bfloat16,sdpa,True,False,0.25,0.005708715878427029
b4/transformed/block2/0/step4,"[4, 30, 1536]",torch.bfloat16,sdpa,True,False,0.25,0.006222118623554707
b4/transformed/block2/0/step5,"[4, 30, 1536]",torch.bfloat16,sdpa,True,False,0.5,0.006378800608217716
b4/transformed/block2/0/step6,"[4, 30, 1536]",torch.bfloat16,sdpa,True,False,0.25,0.006967470515519381
b4/transformed/block2/0/step7,"[4, 30, 1536]",torch.bfloat16,sdpa,True,False,0.125,0.007708082906901836
b4/transformed/block2/0/step8,"[4, 30, 1536]",torch.bfloat16,sdpa,True,False,0.25,0.010663196444511414
b4/transformed/block2/0/step9,"[4, 30, 1536]",torch.bfloat16,sdpa,True,False,1.0,0.06802359968423843
b4/transformed/block2/1/step0,"[4, 108, 1536]",torch.bfloat16,sdpa,True,True,0.0,0.0
b4/transformed/block2/1/step1,"[4, 108, 1536]",torch.bfloat16,sdpa,True,False,4.0,0.02363560162484646
b4/transformed/block2/1/step2,"[4, 108, 1536]",torch.bfloat16,sdpa,True,False,4.0,0.023703794926404953
b4/transformed/block2/1/step3,"[4, 108, 1536]",torch.bfloat16,sdpa,True,False,8.0,0.03197541832923889
b4/transformed/block2/1/step4,"[4, 108, 1536]",torch.bfloat16,sdpa,True,False,4.0,0.02519211731851101
b4/transformed/block2/1/step5,"[4, 108, 1536]",torch.bfloat16,sdpa,True,False,4.0,0.024914337322115898
b4/transformed/block2/1/step6,"[4, 108, 1536]",torch.bfloat16,sdpa,True,False,4.0,0.025800053030252457
b4/transformed/block2/1/step7,"[4, 108, 1536]",torch.bfloat16,sdpa,True,False,8.0,0.0274992473423481
b4/transformed/block2/1/step8,"[4, 108, 1536]",torch.bfloat16,sdpa,True,False,4.0,0.02934175357222557
b4/transformed/block2/1/step9,"[4, 108, 1536]",torch.bfloat16,sdpa,True,False,8.0,0.04999593272805214
b4/transformed/block3/0/step0,"[4, 30, 1536]",torch.bfloat16,sdpa,True,True,0.0,0.0
b4/transformed/block3/0/step1,"[4, 30, 1536]",torch.bfloat16,sdpa,True,False,0.25,0.005236037541180849
b4/transformed/block3/0/step2,"[4, 30, 1536]",torch.bfloat16,sdpa,True,False,0.5,0.00589896971359849
b4/transformed/block3/0/step3,"[4, 30, 1536]",torch.bfloat16,sdpa,True,False,0.25,0.0059292977675795555
b4/transformed/block3/0/step4,"[4, 30, 1536]",torch.bfloat16,sdpa,True,False,0.5,0.006940481252968311
b4/transformed/block3/0/step5,"[4, 30, 1536]",torch.bfloat16,sdpa,True,False,0.5,0.006875579245388508
b4/transformed/block3/0/step6,"[4, 30, 1536]",torch.bfloat16,sdpa,True,False,0.25,0.007318065967410803
b4/transformed/block3/0/step7,"[4, 30, 1536]",torch.bfloat16,sdpa,True,False,0.25,0.008211333304643631
b4/transformed/block3/0/step8,"[4, 30, 1536]",torch.bfloat16,sdpa,True,False,0.5,0.011523484252393246
b4/transformed/block3/0/step9,"[4, 30, 1536]",torch.bfloat16,sdpa,True,False,3.296875,0.23819905519485474
b4/transformed/block3/1/step0,"[4, 108, 1536]",torch.bfloat16,sdpa,True,True,0.0,0.0
b4/transformed/block3/1/step1,"[4, 108, 1536]",torch.bfloat16,sdpa,True,False,8.0,0.036994580179452896
b4/transformed/block3/1/step2,"[4, 108, 1536]",torch.bfloat16,sdpa,True,False,8.0,0.03636039420962334
b4/transformed/block3/1/step3,"[4, 108, 1536]",torch.bfloat16,sdpa,True,False,8.0,0.04247007519006729
b4/transformed/block3/1/step4,"[4, 108, 1536]",torch.bfloat16,sdpa,True,False,8.0,0.03919253498315811
b4/transformed/block3/1/step5,"[4, 108, 1536]",torch.bfloat16,sdpa,True,False,4.0,0.037267282605171204
b4/transformed/block3/1/step6,"[4, 108, 1536]",torch.bfloat16,sdpa,True,False,8.0,0.038884688168764114
b4/transformed/block3/1/step7,"[4, 108, 1536]",torch.bfloat16,sdpa,True,False,32.0,0.056478772312402725
b4/transformed/block3/1/step8,"[4, 108, 1536]",torch.bfloat16,sdpa,True,False,4.0,0.03965721279382706
b4/transformed/block3/1/step9,"[4, 108, 1536]",torch.bfloat16,sdpa,True,False,8.0,0.07030722498893738
b4/transformed/block4/0/step0,"[4, 30, 1536]",torch.bfloat16,sdpa,True,True,0.0,0.0
b4/transformed/block4/0/step1,"[4, 30, 1536]",torch.bfloat16,sdpa,True,False,0.5,0.006656467914581299
b4/transformed/block4/0/step2,"[4, 30, 1536]",torch.bfloat16,sdpa,True,False,0.5,0.007011940237134695
b4/transformed/block4/0/step3,"[4, 30, 1536]",torch.bfloat16,sdpa,True,False,0.5,0.007350861560553312
b4/transformed/block4/0/step4,"[4, 30, 1536]",torch.bfloat16,sdpa,True,False,0.5,0.00820426270365715
b4/transformed/block4/0/step5,"[4, 30, 1536]",torch.bfloat16,sdpa,True,False,0.5,0.00847414880990982
b4/transformed/block4/0/step6,"[4, 30, 1536]",torch.bfloat16,sdpa,True,False,0.5,0.00860591884702444
b4/transformed/block4/0/step7,"[4, 30, 1536]",torch.bfloat16,sdpa,True,False,0.5,0.009415428154170513
b4/transformed/block4/0/step8,"[4, 30, 1536]",torch.bfloat16,sdpa,True,False,0.5,0.012614842504262924
b4/transformed/block4/0/step9,"[4, 30, 1536]",torch.bfloat16,sdpa,True,False,6.0234375,0.41602903604507446
b4/transformed/block4/1/step0,"[4, 108, 1536]",torch.bfloat16,sdpa,True,True,0.0,0.0
b4/transformed/block4/1/step1,"[4, 108, 1536]",torch.bfloat16,sdpa,True,False,8.0,0.0523226335644722
b4/transformed/block4/1/step2,"[4, 108, 1536]",torch.bfloat16,sdpa,True,False,8.0,0.05207851529121399
b4/transformed/block4/1/step3,"[4, 108, 1536]",torch.bfloat16,sdpa,True,False,8.0,0.056405238807201385
b4/transformed/block4/1/step4,"[4, 108, 1536]",torch.bfloat16,sdpa,True,False,8.0,0.05393283814191818
b4/transformed/block4/1/step5,"[4, 108, 1536]",torch.bfloat16,sdpa,True,False,8.0,0.054091084748506546
b4/transformed/block4/1/step6,"[4, 108, 1536]",torch.bfloat16,sdpa,True,False,8.0,0.054388754069805145
b4/transformed/block4/1/step7,"[4, 108, 1536]",torch.bfloat16,sdpa,True,False,32.0,0.06931328773498535
b4/transformed/block4/1/step8,"[4, 108, 1536]",torch.bfloat16,sdpa,True,False,8.0,0.055351197719573975
b4/transformed/block4/1/step9,"[4, 108, 1536]",torch.bfloat16,sdpa,True,False,8.0,0.10050179809331894
b4/transformed/block5/0/step0,"[4, 30, 1536]",torch.bfloat16,sdpa,True,True,0.0,0.0
b4/transformed/block5/0/step1,"[4, 30, 1536]",torch.bfloat16,sdpa,True,False,0.5,0.014490636065602303
b4/transformed/block5/0/step2,"[4, 30, 1536]",torch.bfloat16,sdpa,True,False,0.5,0.013624483719468117
b4/transformed/block5/0/step3,"[4, 30, 1536]",torch.bfloat16,sdpa,True,False,0.5,0.014810263179242611
b4/transformed/block5/0/step4,"[4, 30, 1536]",torch.bfloat16,sdpa,True,False,0.5,0.01495645847171545
b4/transformed/block5/0/step5,"[4, 30, 1536]",torch.bfloat16,sdpa,True,False,0.75,0.014691709540784359
b4/transformed/block5/0/step6,"[4, 30, 1536]",torch.bfloat16,sdpa,True,False,0.5,0.014686349779367447
b4/transformed/block5/0/step7,"[4, 30, 1536]",torch.bfloat16,sdpa,True,False,0.5,0.01482168585062027
b4/transformed/block5/0/step8,"[4, 30, 1536]",torch.bfloat16,sdpa,True,False,0.5625,0.020021524280309677
b4/transformed/block5/0/step9,"[4, 30, 1536]",torch.bfloat16,sdpa,True,False,8.75,0.4793635904788971
b4/transformed/velocity/step0,"[4, 30, 78]",torch.bfloat16,sdpa,True,True,0.0,0.0
b4/transformed/velocity/step1,"[4, 30, 78]",torch.bfloat16,sdpa,True,False,0.03125,0.004716067109256983
b4/transformed/velocity/step2,"[4, 30, 78]",torch.bfloat16,sdpa,True,False,0.03125,0.005296805873513222
b4/transformed/velocity/step3,"[4, 30, 78]",torch.bfloat16,sdpa,True,False,0.03125,0.0059621562249958515
b4/transformed/velocity/step4,"[4, 30, 78]",torch.bfloat16,sdpa,True,False,0.046875,0.006703133694827557
b4/transformed/velocity/step5,"[4, 30, 78]",torch.bfloat16,sdpa,True,False,0.046875,0.007577431388199329
b4/transformed/velocity/step6,"[4, 30, 78]",torch.bfloat16,sdpa,True,False,0.046875,0.00923452153801918
b4/transformed/velocity/step7,"[4, 30, 78]",torch.bfloat16,sdpa,True,False,0.0625,0.012300885282456875
b4/transformed/velocity/step8,"[4, 30, 78]",torch.bfloat16,sdpa,True,False,0.10546875,0.023274831473827362
b4/transformed/velocity/step9,"[4, 30, 78]",torch.bfloat16,sdpa,True,False,7.0625,0.5720773935317993
b4/transformed/actions/step0,"[4, 30, 78]",torch.bfloat16,sdpa,True,False,0.015625,0.0009185693925246596
b4/transformed/actions/step1,"[4, 30, 78]",torch.bfloat16,sdpa,True,False,0.015625,0.0015271201264113188
b4/transformed/actions/step2,"[4, 30, 78]",torch.bfloat16,sdpa,True,False,0.0234375,0.001888084108941257
b4/transformed/actions/step3,"[4, 30, 78]",torch.bfloat16,sdpa,True,False,0.0234375,0.0020757948514074087
b4/transformed/actions/step4,"[4, 30, 78]",torch.bfloat16,sdpa,True,False,0.015625,0.002078556688502431
b4/transformed/actions/step5,"[4, 30, 78]",torch.bfloat16,sdpa,True,False,0.015625,0.001981958281248808
b4/transformed/actions/step6,"[4, 30, 78]",torch.bfloat16,sdpa,True,False,0.015625,0.0018483762396499515
b4/transformed/actions/step7,"[4, 30, 78]",torch.bfloat16,sdpa,True,False,0.009765625,0.001716921105980873
b4/transformed/actions/step8,"[4, 30, 78]",torch.bfloat16,sdpa,True,False,0.01171875,0.002440399955958128
b4/transformed/actions/step9,"[4, 30, 78]",torch.bfloat16,sdpa,True,False,0.01171875,0.002402033656835556
b4/transformed/denormalized,"[4, 30, 78]",torch.float32,sdpa,True,False,0.0068359375,0.0010384897468611598
b4/pixels-changed/repeat/input_ids,"[4, 107]",torch.int64,sdpa,True,True,0.0,0.0
b4/pixels-changed/repeat/attention_mask,"[4, 107]",torch.bool,sdpa,True,True,0.0,0.0
b4/pixels-changed/repeat/image_grid_thw,"[4, 3]",torch.int64,sdpa,True,True,0.0,0.0
b4/pixels-changed/repeat/pixel_values,"[1280, 1536]",torch.bfloat16,sdpa,True,True,0.0,0.0
b4/pixels-changed/repeat/positions,"[3, 4, 107]",torch.int64,sdpa,True,True,0.0,0.0
b4/pixels-changed/repeat/features,"[4, 1, 107, 2048]",torch.bfloat16,sdpa,True,True,0.0,0.0
b4/pixels-changed/repeat/final,"[4, 30, 78]",torch.float32,sdpa,True,True,0.0,0.0
b4/pixels-changed/repeat/time/0/step0,"[4, 1536]",torch.bfloat16,sdpa,True,True,0.0,0.0
b4/pixels-changed/repeat/time/0/step1,"[4, 1536]",torch.bfloat16,sdpa,True,True,0.0,0.0
b4/pixels-changed/repeat/time/0/step2,"[4, 1536]",torch.bfloat16,sdpa,True,True,0.0,0.0
b4/pixels-changed/repeat/time/0/step3,"[4, 1536]",torch.bfloat16,sdpa,True,True,0.0,0.0
b4/pixels-changed/repeat/time/0/step4,"[4, 1536]",torch.bfloat16,sdpa,True,True,0.0,0.0
b4/pixels-changed/repeat/time/0/step5,"[4, 1536]",torch.bfloat16,sdpa,True,True,0.0,0.0
b4/pixels-changed/repeat/time/0/step6,"[4, 1536]",torch.bfloat16,sdpa,True,True,0.0,0.0
b4/pixels-changed/repeat/time/0/step7,"[4, 1536]",torch.bfloat16,sdpa,True,True,0.0,0.0
b4/pixels-changed/repeat/time/0/step8,"[4, 1536]",torch.bfloat16,sdpa,True,True,0.0,0.0
b4/pixels-changed/repeat/time/0/step9,"[4, 1536]",torch.bfloat16,sdpa,True,True,0.0,0.0
b4/pixels-changed/repeat/action-in/0/step0,"[4, 30, 1536]",torch.bfloat16,sdpa,True,True,0.0,0.0
b4/pixels-changed/repeat/action-in/0/step1,"[4, 30, 1536]",torch.bfloat16,sdpa,True,True,0.0,0.0
b4/pixels-changed/repeat/action-in/0/step2,"[4, 30, 1536]",torch.bfloat16,sdpa,True,True,0.0,0.0
b4/pixels-changed/repeat/action-in/0/step3,"[4, 30, 1536]",torch.bfloat16,sdpa,True,True,0.0,0.0
b4/pixels-changed/repeat/action-in/0/step4,"[4, 30, 1536]",torch.bfloat16,sdpa,True,True,0.0,0.0
b4/pixels-changed/repeat/action-in/0/step5,"[4, 30, 1536]",torch.bfloat16,sdpa,True,True,0.0,0.0
b4/pixels-changed/repeat/action-in/0/step6,"[4, 30, 1536]",torch.bfloat16,sdpa,True,True,0.0,0.0
b4/pixels-changed/repeat/action-in/0/step7,"[4, 30, 1536]",torch.bfloat16,sdpa,True,True,0.0,0.0
b4/pixels-changed/repeat/action-in/0/step8,"[4, 30, 1536]",torch.bfloat16,sdpa,True,True,0.0,0.0
b4/pixels-changed/repeat/action-in/0/step9,"[4, 30, 1536]",torch.bfloat16,sdpa,True,True,0.0,0.0
b4/pixels-changed/repeat/obs/0/step0,"[4, 108, 1536]",torch.bfloat16,sdpa,True,True,0.0,0.0
b4/pixels-changed/repeat/obs/0/step1,"[4, 108, 1536]",torch.bfloat16,sdpa,True,True,0.0,0.0
b4/pixels-changed/repeat/obs/0/step2,"[4, 108, 1536]",torch.bfloat16,sdpa,True,True,0.0,0.0
b4/pixels-changed/repeat/obs/0/step3,"[4, 108, 1536]",torch.bfloat16,sdpa,True,True,0.0,0.0
b4/pixels-changed/repeat/obs/0/step4,"[4, 108, 1536]",torch.bfloat16,sdpa,True,True,0.0,0.0
b4/pixels-changed/repeat/obs/0/step5,"[4, 108, 1536]",torch.bfloat16,sdpa,True,True,0.0,0.0
b4/pixels-changed/repeat/obs/0/step6,"[4, 108, 1536]",torch.bfloat16,sdpa,True,True,0.0,0.0
b4/pixels-changed/repeat/obs/0/step7,"[4, 108, 1536]",torch.bfloat16,sdpa,True,True,0.0,0.0
b4/pixels-changed/repeat/obs/0/step8,"[4, 108, 1536]",torch.bfloat16,sdpa,True,True,0.0,0.0
b4/pixels-changed/repeat/obs/0/step9,"[4, 108, 1536]",torch.bfloat16,sdpa,True,True,0.0,0.0
b4/pixels-changed/repeat/obs/1/step0,"[4, 108]",torch.float32,sdpa,True,True,0.0,0.0
b4/pixels-changed/repeat/obs/1/step1,"[4, 108]",torch.float32,sdpa,True,True,0.0,0.0
b4/pixels-changed/repeat/obs/1/step2,"[4, 108]",torch.float32,sdpa,True,True,0.0,0.0
b4/pixels-changed/repeat/obs/1/step3,"[4, 108]",torch.float32,sdpa,True,True,0.0,0.0
b4/pixels-changed/repeat/obs/1/step4,"[4, 108]",torch.float32,sdpa,True,True,0.0,0.0
b4/pixels-changed/repeat/obs/1/step5,"[4, 108]",torch.float32,sdpa,True,True,0.0,0.0
b4/pixels-changed/repeat/obs/1/step6,"[4, 108]",torch.float32,sdpa,True,True,0.0,0.0
b4/pixels-changed/repeat/obs/1/step7,"[4, 108]",torch.float32,sdpa,True,True,0.0,0.0
b4/pixels-changed/repeat/obs/1/step8,"[4, 108]",torch.float32,sdpa,True,True,0.0,0.0
b4/pixels-changed/repeat/obs/1/step9,"[4, 108]",torch.float32,sdpa,True,True,0.0,0.0
b4/pixels-changed/repeat/block0/0/step0,"[4, 30, 1536]",torch.bfloat16,sdpa,True,True,0.0,0.0
b4/pixels-changed/repeat/block0/0/step1,"[4, 30, 1536]",torch.bfloat16,sdpa,True,True,0.0,0.0
b4/pixels-changed/repeat/block0/0/step2,"[4, 30, 1536]",torch.bfloat16,sdpa,True,True,0.0,0.0
b4/pixels-changed/repeat/block0/0/step3,"[4, 30, 1536]",torch.bfloat16,sdpa,True,True,0.0,0.0
b4/pixels-changed/repeat/block0/0/step4,"[4, 30, 1536]",torch.bfloat16,sdpa,True,True,0.0,0.0
b4/pixels-changed/repeat/block0/0/step5,"[4, 30, 1536]",torch.bfloat16,sdpa,True,True,0.0,0.0
b4/pixels-changed/repeat/block0/0/step6,"[4, 30, 1536]",torch.bfloat16,sdpa,True,True,0.0,0.0
b4/pixels-changed/repeat/block0/0/step7,"[4, 30, 1536]",torch.bfloat16,sdpa,True,True,0.0,0.0
b4/pixels-changed/repeat/block0/0/step8,"[4, 30, 1536]",torch.bfloat16,sdpa,True,True,0.0,0.0
b4/pixels-changed/repeat/block0/0/step9,"[4, 30, 1536]",torch.bfloat16,sdpa,True,True,0.0,0.0
b4/pixels-changed/repeat/block0/1/step0,"[4, 108, 1536]",torch.bfloat16,sdpa,True,True,0.0,0.0
b4/pixels-changed/repeat/block0/1/step1,"[4, 108, 1536]",torch.bfloat16,sdpa,True,True,0.0,0.0
b4/pixels-changed/repeat/block0/1/step2,"[4, 108, 1536]",torch.bfloat16,sdpa,True,True,0.0,0.0
b4/pixels-changed/repeat/block0/1/step3,"[4, 108, 1536]",torch.bfloat16,sdpa,True,True,0.0,0.0
b4/pixels-changed/repeat/block0/1/step4,"[4, 108, 1536]",torch.bfloat16,sdpa,True,True,0.0,0.0
b4/pixels-changed/repeat/block0/1/step5,"[4, 108, 1536]",torch.bfloat16,sdpa,True,True,0.0,0.0
b4/pixels-changed/repeat/block0/1/step6,"[4, 108, 1536]",torch.bfloat16,sdpa,True,True,0.0,0.0
b4/pixels-changed/repeat/block0/1/step7,"[4, 108, 1536]",torch.bfloat16,sdpa,True,True,0.0,0.0
b4/pixels-changed/repeat/block0/1/step8,"[4, 108, 1536]",torch.bfloat16,sdpa,True,True,0.0,0.0
b4/pixels-changed/repeat/block0/1/step9,"[4, 108, 1536]",torch.bfloat16,sdpa,True,True,0.0,0.0
b4/pixels-changed/repeat/block1/0/step0,"[4, 30, 1536]",torch.bfloat16,sdpa,True,True,0.0,0.0
b4/pixels-changed/repeat/block1/0/step1,"[4, 30, 1536]",torch.bfloat16,sdpa,True,True,0.0,0.0
b4/pixels-changed/repeat/block1/0/step2,"[4, 30, 1536]",torch.bfloat16,sdpa,True,True,0.0,0.0
b4/pixels-changed/repeat/block1/0/step3,"[4, 30, 1536]",torch.bfloat16,sdpa,True,True,0.0,0.0
b4/pixels-changed/repeat/block1/0/step4,"[4, 30, 1536]",torch.bfloat16,sdpa,True,True,0.0,0.0
b4/pixels-changed/repeat/block1/0/step5,"[4, 30, 1536]",torch.bfloat16,sdpa,True,True,0.0,0.0
b4/pixels-changed/repeat/block1/0/step6,"[4, 30, 1536]",torch.bfloat16,sdpa,True,True,0.0,0.0
b4/pixels-changed/repeat/block1/0/step7,"[4, 30, 1536]",torch.bfloat16,sdpa,True,True,0.0,0.0
b4/pixels-changed/repeat/block1/0/step8,"[4, 30, 1536]",torch.bfloat16,sdpa,True,True,0.0,0.0
b4/pixels-changed/repeat/block1/0/step9,"[4, 30, 1536]",torch.bfloat16,sdpa,True,True,0.0,0.0
b4/pixels-changed/repeat/block1/1/step0,"[4, 108, 1536]",torch.bfloat16,sdpa,True,True,0.0,0.0
b4/pixels-changed/repeat/block1/1/step1,"[4, 108, 1536]",torch.bfloat16,sdpa,True,True,0.0,0.0
b4/pixels-changed/repeat/block1/1/step2,"[4, 108, 1536]",torch.bfloat16,sdpa,True,True,0.0,0.0
b4/pixels-changed/repeat/block1/1/step3,"[4, 108, 1536]",torch.bfloat16,sdpa,True,True,0.0,0.0
b4/pixels-changed/repeat/block1/1/step4,"[4, 108, 1536]",torch.bfloat16,sdpa,True,True,0.0,0.0
b4/pixels-changed/repeat/block1/1/step5,"[4, 108, 1536]",torch.bfloat16,sdpa,True,True,0.0,0.0
b4/pixels-changed/repeat/block1/1/step6,"[4, 108, 1536]",torch.bfloat16,sdpa,True,True,0.0,0.0
b4/pixels-changed/repeat/block1/1/step7,"[4, 108, 1536]",torch.bfloat16,sdpa,True,True,0.0,0.0
b4/pixels-changed/repeat/block1/1/step8,"[4, 108, 1536]",torch.bfloat16,sdpa,True,True,0.0,0.0
b4/pixels-changed/repeat/block1/1/step9,"[4, 108, 1536]",torch.bfloat16,sdpa,True,True,0.0,0.0
b4/pixels-changed/repeat/block2/0/step0,"[4, 30, 1536]",torch.bfloat16,sdpa,True,True,0.0,0.0
b4/pixels-changed/repeat/block2/0/step1,"[4, 30, 1536]",torch.bfloat16,sdpa,True,True,0.0,0.0
b4/pixels-changed/repeat/block2/0/step2,"[4, 30, 1536]",torch.bfloat16,sdpa,True,True,0.0,0.0
b4/pixels-changed/repeat/block2/0/step3,"[4, 30, 1536]",torch.bfloat16,sdpa,True,True,0.0,0.0
b4/pixels-changed/repeat/block2/0/step4,"[4, 30, 1536]",torch.bfloat16,sdpa,True,True,0.0,0.0
b4/pixels-changed/repeat/block2/0/step5,"[4, 30, 1536]",torch.bfloat16,sdpa,True,True,0.0,0.0
b4/pixels-changed/repeat/block2/0/step6,"[4, 30, 1536]",torch.bfloat16,sdpa,True,True,0.0,0.0
b4/pixels-changed/repeat/block2/0/step7,"[4, 30, 1536]",torch.bfloat16,sdpa,True,True,0.0,0.0
b4/pixels-changed/repeat/block2/0/step8,"[4, 30, 1536]",torch.bfloat16,sdpa,True,True,0.0,0.0
b4/pixels-changed/repeat/block2/0/step9,"[4, 30, 1536]",torch.bfloat16,sdpa,True,True,0.0,0.0
b4/pixels-changed/repeat/block2/1/step0,"[4, 108, 1536]",torch.bfloat16,sdpa,True,True,0.0,0.0
b4/pixels-changed/repeat/block2/1/step1,"[4, 108, 1536]",torch.bfloat16,sdpa,True,True,0.0,0.0
b4/pixels-changed/repeat/block2/1/step2,"[4, 108, 1536]",torch.bfloat16,sdpa,True,True,0.0,0.0
b4/pixels-changed/repeat/block2/1/step3,"[4, 108, 1536]",torch.bfloat16,sdpa,True,True,0.0,0.0
b4/pixels-changed/repeat/block2/1/step4,"[4, 108, 1536]",torch.bfloat16,sdpa,True,True,0.0,0.0
b4/pixels-changed/repeat/block2/1/step5,"[4, 108, 1536]",torch.bfloat16,sdpa,True,True,0.0,0.0
b4/pixels-changed/repeat/block2/1/step6,"[4, 108, 1536]",torch.bfloat16,sdpa,True,True,0.0,0.0
b4/pixels-changed/repeat/block2/1/step7,"[4, 108, 1536]",torch.bfloat16,sdpa,True,True,0.0,0.0
b4/pixels-changed/repeat/block2/1/step8,"[4, 108, 1536]",torch.bfloat16,sdpa,True,True,0.0,0.0
b4/pixels-changed/repeat/block2/1/step9,"[4, 108, 1536]",torch.bfloat16,sdpa,True,True,0.0,0.0
b4/pixels-changed/repeat/block3/0/step0,"[4, 30, 1536]",torch.bfloat16,sdpa,True,True,0.0,0.0
b4/pixels-changed/repeat/block3/0/step1,"[4, 30, 1536]",torch.bfloat16,sdpa,True,True,0.0,0.0
b4/pixels-changed/repeat/block3/0/step2,"[4, 30, 1536]",torch.bfloat16,sdpa,True,True,0.0,0.0
b4/pixels-changed/repeat/block3/0/step3,"[4, 30, 1536]",torch.bfloat16,sdpa,True,True,0.0,0.0
b4/pixels-changed/repeat/block3/0/step4,"[4, 30, 1536]",torch.bfloat16,sdpa,True,True,0.0,0.0
b4/pixels-changed/repeat/block3/0/step5,"[4, 30, 1536]",torch.bfloat16,sdpa,True,True,0.0,0.0
b4/pixels-changed/repeat/block3/0/step6,"[4, 30, 1536]",torch.bfloat16,sdpa,True,True,0.0,0.0
b4/pixels-changed/repeat/block3/0/step7,"[4, 30, 1536]",torch.bfloat16,sdpa,True,True,0.0,0.0
b4/pixels-changed/repeat/block3/0/step8,"[4, 30, 1536]",torch.bfloat16,sdpa,True,True,0.0,0.0
b4/pixels-changed/repeat/block3/0/step9,"[4, 30, 1536]",torch.bfloat16,sdpa,True,True,0.0,0.0
b4/pixels-changed/repeat/block3/1/step0,"[4, 108, 1536]",torch.bfloat16,sdpa,True,True,0.0,0.0
b4/pixels-changed/repeat/block3/1/step1,"[4, 108, 1536]",torch.bfloat16,sdpa,True,True,0.0,0.0
b4/pixels-changed/repeat/block3/1/step2,"[4, 108, 1536]",torch.bfloat16,sdpa,True,True,0.0,0.0
b4/pixels-changed/repeat/block3/1/step3,"[4, 108, 1536]",torch.bfloat16,sdpa,True,True,0.0,0.0
b4/pixels-changed/repeat/block3/1/step4,"[4, 108, 1536]",torch.bfloat16,sdpa,True,True,0.0,0.0
b4/pixels-changed/repeat/block3/1/step5,"[4, 108, 1536]",torch.bfloat16,sdpa,True,True,0.0,0.0
b4/pixels-changed/repeat/block3/1/step6,"[4, 108, 1536]",torch.bfloat16,sdpa,True,True,0.0,0.0
b4/pixels-changed/repeat/block3/1/step7,"[4, 108, 1536]",torch.bfloat16,sdpa,True,True,0.0,0.0
b4/pixels-changed/repeat/block3/1/step8,"[4, 108, 1536]",torch.bfloat16,sdpa,True,True,0.0,0.0
b4/pixels-changed/repeat/block3/1/step9,"[4, 108, 1536]",torch.bfloat16,sdpa,True,True,0.0,0.0
b4/pixels-changed/repeat/block4/0/step0,"[4, 30, 1536]",torch.bfloat16,sdpa,True,True,0.0,0.0
b4/pixels-changed/repeat/block4/0/step1,"[4, 30, 1536]",torch.bfloat16,sdpa,True,True,0.0,0.0
b4/pixels-changed/repeat/block4/0/step2,"[4, 30, 1536]",torch.bfloat16,sdpa,True,True,0.0,0.0
b4/pixels-changed/repeat/block4/0/step3,"[4, 30, 1536]",torch.bfloat16,sdpa,True,True,0.0,0.0
b4/pixels-changed/repeat/block4/0/step4,"[4, 30, 1536]",torch.bfloat16,sdpa,True,True,0.0,0.0
b4/pixels-changed/repeat/block4/0/step5,"[4, 30, 1536]",torch.bfloat16,sdpa,True,True,0.0,0.0
b4/pixels-changed/repeat/block4/0/step6,"[4, 30, 1536]",torch.bfloat16,sdpa,True,True,0.0,0.0
b4/pixels-changed/repeat/block4/0/step7,"[4, 30, 1536]",torch.bfloat16,sdpa,True,True,0.0,0.0
b4/pixels-changed/repeat/block4/0/step8,"[4, 30, 1536]",torch.bfloat16,sdpa,True,True,0.0,0.0
b4/pixels-changed/repeat/block4/0/step9,"[4, 30, 1536]",torch.bfloat16,sdpa,True,True,0.0,0.0
b4/pixels-changed/repeat/block4/1/step0,"[4, 108, 1536]",torch.bfloat16,sdpa,True,True,0.0,0.0
b4/pixels-changed/repeat/block4/1/step1,"[4, 108, 1536]",torch.bfloat16,sdpa,True,True,0.0,0.0
b4/pixels-changed/repeat/block4/1/step2,"[4, 108, 1536]",torch.bfloat16,sdpa,True,True,0.0,0.0
b4/pixels-changed/repeat/block4/1/step3,"[4, 108, 1536]",torch.bfloat16,sdpa,True,True,0.0,0.0
b4/pixels-changed/repeat/block4/1/step4,"[4, 108, 1536]",torch.bfloat16,sdpa,True,True,0.0,0.0
b4/pixels-changed/repeat/block4/1/step5,"[4, 108, 1536]",torch.bfloat16,sdpa,True,True,0.0,0.0
b4/pixels-changed/repeat/block4/1/step6,"[4, 108, 1536]",torch.bfloat16,sdpa,True,True,0.0,0.0
b4/pixels-changed/repeat/block4/1/step7,"[4, 108, 1536]",torch.bfloat16,sdpa,True,True,0.0,0.0
b4/pixels-changed/repeat/block4/1/step8,"[4, 108, 1536]",torch.bfloat16,sdpa,True,True,0.0,0.0
b4/pixels-changed/repeat/block4/1/step9,"[4, 108, 1536]",torch.bfloat16,sdpa,True,True,0.0,0.0
b4/pixels-changed/repeat/block5/0/step0,"[4, 30, 1536]",torch.bfloat16,sdpa,True,True,0.0,0.0
b4/pixels-changed/repeat/block5/0/step1,"[4, 30, 1536]",torch.bfloat16,sdpa,True,True,0.0,0.0
b4/pixels-changed/repeat/block5/0/step2,"[4, 30, 1536]",torch.bfloat16,sdpa,True,True,0.0,0.0
b4/pixels-changed/repeat/block5/0/step3,"[4, 30, 1536]",torch.bfloat16,sdpa,True,True,0.0,0.0
b4/pixels-changed/repeat/block5/0/step4,"[4, 30, 1536]",torch.bfloat16,sdpa,True,True,0.0,0.0
b4/pixels-changed/repeat/block5/0/step5,"[4, 30, 1536]",torch.bfloat16,sdpa,True,True,0.0,0.0
b4/pixels-changed/repeat/block5/0/step6,"[4, 30, 1536]",torch.bfloat16,sdpa,True,True,0.0,0.0
b4/pixels-changed/repeat/block5/0/step7,"[4, 30, 1536]",torch.bfloat16,sdpa,True,True,0.0,0.0
b4/pixels-changed/repeat/block5/0/step8,"[4, 30, 1536]",torch.bfloat16,sdpa,True,True,0.0,0.0
b4/pixels-changed/repeat/block5/0/step9,"[4, 30, 1536]",torch.bfloat16,sdpa,True,True,0.0,0.0
b4/pixels-changed/repeat/velocity/step0,"[4, 30, 78]",torch.bfloat16,sdpa,True,True,0.0,0.0
b4/pixels-changed/repeat/velocity/step1,"[4, 30, 78]",torch.bfloat16,sdpa,True,True,0.0,0.0
b4/pixels-changed/repeat/velocity/step2,"[4, 30, 78]",torch.bfloat16,sdpa,True,True,0.0,0.0
b4/pixels-changed/repeat/velocity/step3,"[4, 30, 78]",torch.bfloat16,sdpa,True,True,0.0,0.0
b4/pixels-changed/repeat/velocity/step4,"[4, 30, 78]",torch.bfloat16,sdpa,True,True,0.0,0.0
b4/pixels-changed/repeat/velocity/step5,"[4, 30, 78]",torch.bfloat16,sdpa,True,True,0.0,0.0
b4/pixels-changed/repeat/velocity/step6,"[4, 30, 78]",torch.bfloat16,sdpa,True,True,0.0,0.0
b4/pixels-changed/repeat/velocity/step7,"[4, 30, 78]",torch.bfloat16,sdpa,True,True,0.0,0.0
b4/pixels-changed/repeat/velocity/step8,"[4, 30, 78]",torch.bfloat16,sdpa,True,True,0.0,0.0
b4/pixels-changed/repeat/velocity/step9,"[4, 30, 78]",torch.bfloat16,sdpa,True,True,0.0,0.0
b4/pixels-changed/repeat/actions/step0,"[4, 30, 78]",torch.bfloat16,sdpa,True,True,0.0,0.0
b4/pixels-changed/repeat/actions/step1,"[4, 30, 78]",torch.bfloat16,sdpa,True,True,0.0,0.0
b4/pixels-changed/repeat/actions/step2,"[4, 30, 78]",torch.bfloat16,sdpa,True,True,0.0,0.0
b4/pixels-changed/repeat/actions/step3,"[4, 30, 78]",torch.bfloat16,sdpa,True,True,0.0,0.0
b4/pixels-changed/repeat/actions/step4,"[4, 30, 78]",torch.bfloat16,sdpa,True,True,0.0,0.0
b4/pixels-changed/repeat/actions/step5,"[4, 30, 78]",torch.bfloat16,sdpa,True,True,0.0,0.0
b4/pixels-changed/repeat/actions/step6,"[4, 30, 78]",torch.bfloat16,sdpa,True,True,0.0,0.0
b4/pixels-changed/repeat/actions/step7,"[4, 30, 78]",torch.bfloat16,sdpa,True,True,0.0,0.0
b4/pixels-changed/repeat/actions/step8,"[4, 30, 78]",torch.bfloat16,sdpa,True,True,0.0,0.0
b4/pixels-changed/repeat/actions/step9,"[4, 30, 78]",torch.bfloat16,sdpa,True,True,0.0,0.0
b4/pixels-changed/input_ids,"[4, 107]",torch.int64,sdpa,True,True,0.0,0.0
b4/pixels-changed/attention_mask,"[4, 107]",torch.bool,sdpa,True,True,0.0,0.0
b4/pixels-changed/image_grid_thw,"[4, 3]",torch.int64,sdpa,True,True,0.0,0.0
b4/pixels-changed/pixel_values,"[1280, 1536]",torch.bfloat16,sdpa,True,True,0.0,0.0
b4/pixels-changed/positions,"[3, 4, 107]",torch.int64,sdpa,True,True,0.0,0.0
b4/pixels-changed/features,"[4, 1, 107, 2048]",torch.bfloat16,sdpa,True,True,0.0,0.0
b4/pixels-changed/final,"[4, 30, 78]",torch.float32,sdpa,True,False,0.009765625,0.0021046132314950228
b4/pixels-changed/time/0/step0,"[4, 1536]",torch.bfloat16,sdpa,True,True,0.0,0.0
b4/pixels-changed/time/0/step1,"[4, 1536]",torch.bfloat16,sdpa,True,True,0.0,0.0
b4/pixels-changed/time/0/step2,"[4, 1536]",torch.bfloat16,sdpa,True,True,0.0,0.0
b4/pixels-changed/time/0/step3,"[4, 1536]",torch.bfloat16,sdpa,True,True,0.0,0.0
b4/pixels-changed/time/0/step4,"[4, 1536]",torch.bfloat16,sdpa,True,True,0.0,0.0
b4/pixels-changed/time/0/step5,"[4, 1536]",torch.bfloat16,sdpa,True,True,0.0,0.0
b4/pixels-changed/time/0/step6,"[4, 1536]",torch.bfloat16,sdpa,True,True,0.0,0.0
b4/pixels-changed/time/0/step7,"[4, 1536]",torch.bfloat16,sdpa,True,True,0.0,0.0
b4/pixels-changed/time/0/step8,"[4, 1536]",torch.bfloat16,sdpa,True,True,0.0,0.0
b4/pixels-changed/time/0/step9,"[4, 1536]",torch.bfloat16,sdpa,True,True,0.0,0.0
b4/pixels-changed/action-in/0/step0,"[4, 30, 1536]",torch.bfloat16,sdpa,True,True,0.0,0.0
b4/pixels-changed/action-in/0/step1,"[4, 30, 1536]",torch.bfloat16,sdpa,True,False,0.00390625,0.00034692013286985457
b4/pixels-changed/action-in/0/step2,"[4, 30, 1536]",torch.bfloat16,sdpa,True,False,0.00390625,0.00040375260869041085
b4/pixels-changed/action-in/0/step3,"[4, 30, 1536]",torch.bfloat16,sdpa,True,False,0.00390625,0.0004255034145899117
b4/pixels-changed/action-in/0/step4,"[4, 30, 1536]",torch.bfloat16,sdpa,True,False,0.00390625,0.00041051715379580855
b4/pixels-changed/action-in/0/step5,"[4, 30, 1536]",torch.bfloat16,sdpa,True,False,0.00390625,0.0003883735043928027
b4/pixels-changed/action-in/0/step6,"[4, 30, 1536]",torch.bfloat16,sdpa,True,False,0.00390625,0.0003723540576174855
b4/pixels-changed/action-in/0/step7,"[4, 30, 1536]",torch.bfloat16,sdpa,True,False,0.00390625,0.0003599468618631363
b4/pixels-changed/action-in/0/step8,"[4, 30, 1536]",torch.bfloat16,sdpa,True,False,0.00390625,0.0003541498736012727
b4/pixels-changed/action-in/0/step9,"[4, 30, 1536]",torch.bfloat16,sdpa,True,False,0.0078125,0.0004113314498681575
b4/pixels-changed/obs/0/step0,"[4, 108, 1536]",torch.bfloat16,sdpa,True,True,0.0,0.0
b4/pixels-changed/obs/1/step0,"[4, 108]",torch.bool,sdpa,True,True,0.0,0.0
b4/pixels-changed/block0/0/step0,"[4, 30, 1536]",torch.bfloat16,sdpa,True,True,0.0,0.0
b4/pixels-changed/block0/0/step1,"[4, 30, 1536]",torch.bfloat16,sdpa,True,False,0.0625,0.003495412413030863
b4/pixels-changed/block0/0/step2,"[4, 30, 1536]",torch.bfloat16,sdpa,True,False,0.125,0.004219153895974159
b4/pixels-changed/block0/0/step3,"[4, 30, 1536]",torch.bfloat16,sdpa,True,False,0.125,0.004826582968235016
b4/pixels-changed/block0/0/step4,"[4, 30, 1536]",torch.bfloat16,sdpa,True,False,0.125,0.0052299764938652515
b4/pixels-changed/block0/0/step5,"[4, 30, 1536]",torch.bfloat16,sdpa,True,False,0.125,0.005547428037971258
b4/pixels-changed/block0/0/step6,"[4, 30, 1536]",torch.bfloat16,sdpa,True,False,0.125,0.00613729003816843
b4/pixels-changed/block0/0/step7,"[4, 30, 1536]",torch.bfloat16,sdpa,True,False,0.25,0.007080866489559412
b4/pixels-changed/block0/0/step8,"[4, 30, 1536]",torch.bfloat16,sdpa,True,False,0.25,0.009641002863645554
b4/pixels-changed/block0/0/step9,"[4, 30, 1536]",torch.bfloat16,sdpa,True,False,1.0,0.05143606290221214
b4/pixels-changed/block0/1/step0,"[4, 108, 1536]",torch.bfloat16,sdpa,True,True,0.0,0.0
b4/pixels-changed/block0/1/step1,"[4, 108, 1536]",torch.bfloat16,sdpa,True,False,8.0,0.01243135891854763
b4/pixels-changed/block0/1/step2,"[4, 108, 1536]",torch.bfloat16,sdpa,True,False,8.0,0.018369624391198158
b4/pixels-changed/block0/1/step3,"[4, 108, 1536]",torch.bfloat16,sdpa,True,False,4.0,0.011102191172540188
b4/pixels-changed/block0/1/step4,"[4, 108, 1536]",torch.bfloat16,sdpa,True,False,4.0,0.013417831622064114
b4/pixels-changed/block0/1/step5,"[4, 108, 1536]",torch.bfloat16,sdpa,True,False,4.0,0.011143806390464306
b4/pixels-changed/block0/1/step6,"[4, 108, 1536]",torch.bfloat16,sdpa,True,False,4.0,0.015987517312169075
b4/pixels-changed/block0/1/step7,"[4, 108, 1536]",torch.bfloat16,sdpa,True,False,8.0,0.01935844123363495
b4/pixels-changed/block0/1/step8,"[4, 108, 1536]",torch.bfloat16,sdpa,True,False,8.0,0.013963771983981133
b4/pixels-changed/block0/1/step9,"[4, 108, 1536]",torch.bfloat16,sdpa,True,False,8.0,0.03068360686302185
b4/pixels-changed/block1/0/step0,"[4, 30, 1536]",torch.bfloat16,sdpa,True,True,0.0,0.0
b4/pixels-changed/block1/0/step1,"[4, 30, 1536]",torch.bfloat16,sdpa,True,False,0.25,0.004290064796805382
b4/pixels-changed/block1/0/step2,"[4, 30, 1536]",torch.bfloat16,sdpa,True,False,0.25,0.004972420632839203
b4/pixels-changed/block1/0/step3,"[4, 30, 1536]",torch.bfloat16,sdpa,True,False,0.25,0.005394455976784229
b4/pixels-changed/block1/0/step4,"[4, 30, 1536]",torch.bfloat16,sdpa,True,False,0.25,0.005717489402741194
b4/pixels-changed/block1/0/step5,"[4, 30, 1536]",torch.bfloat16,sdpa,True,False,0.25,0.005874007940292358
b4/pixels-changed/block1/0/step6,"[4, 30, 1536]",torch.bfloat16,sdpa,True,False,0.25,0.00643477588891983
b4/pixels-changed/block1/0/step7,"[4, 30, 1536]",torch.bfloat16,sdpa,True,False,0.25,0.007366958539932966
b4/pixels-changed/block1/0/step8,"[4, 30, 1536]",torch.bfloat16,sdpa,True,False,0.25,0.009935994632542133
b4/pixels-changed/block1/0/step9,"[4, 30, 1536]",torch.bfloat16,sdpa,True,False,1.0,0.056498751044273376
b4/pixels-changed/block1/1/step0,"[4, 108, 1536]",torch.bfloat16,sdpa,True,True,0.0,0.0
b4/pixels-changed/block1/1/step1,"[4, 108, 1536]",torch.bfloat16,sdpa,True,False,8.0,0.020782168954610825
b4/pixels-changed/block1/1/step2,"[4, 108, 1536]",torch.bfloat16,sdpa,True,False,8.0,0.025601331144571304
b4/pixels-changed/block1/1/step3,"[4, 108, 1536]",torch.bfloat16,sdpa,True,False,8.0,0.02096652425825596
b4/pixels-changed/block1/1/step4,"[4, 108, 1536]",torch.bfloat16,sdpa,True,False,4.0,0.020699549466371536
b4/pixels-changed/block1/1/step5,"[4, 108, 1536]",torch.bfloat16,sdpa,True,False,4.0,0.018729643896222115
b4/pixels-changed/block1/1/step6,"[4, 108, 1536]",torch.bfloat16,sdpa,True,False,4.0,0.02278740145266056
b4/pixels-changed/block1/1/step7,"[4, 108, 1536]",torch.bfloat16,sdpa,True,False,8.0,0.027173403650522232
b4/pixels-changed/block1/1/step8,"[4, 108, 1536]",torch.bfloat16,sdpa,True,False,8.0,0.024163709953427315
b4/pixels-changed/block1/1/step9,"[4, 108, 1536]",torch.bfloat16,sdpa,True,False,8.0,0.03829585388302803
b4/pixels-changed/block2/0/step0,"[4, 30, 1536]",torch.bfloat16,sdpa,True,True,0.0,0.0
b4/pixels-changed/block2/0/step1,"[4, 30, 1536]",torch.bfloat16,sdpa,True,False,0.25,0.004560560453683138
b4/pixels-changed/block2/0/step2,"[4, 30, 1536]",torch.bfloat16,sdpa,True,False,0.5,0.0053574321791529655
b4/pixels-changed/block2/0/step3,"[4, 30, 1536]",torch.bfloat16,sdpa,True,False,0.5,0.005894718691706657
b4/pixels-changed/block2/0/step4,"[4, 30, 1536]",torch.bfloat16,sdpa,True,False,0.25,0.0059252637438476086
b4/pixels-changed/block2/0/step5,"[4, 30, 1536]",torch.bfloat16,sdpa,True,False,0.25,0.006204771343618631
b4/pixels-changed/block2/0/step6,"[4, 30, 1536]",torch.bfloat16,sdpa,True,False,0.25,0.0066620283760130405
b4/pixels-changed/block2/0/step7,"[4, 30, 1536]",torch.bfloat16,sdpa,True,False,0.25,0.00768161891028285
b4/pixels-changed/block2/0/step8,"[4, 30, 1536]",torch.bfloat16,sdpa,True,False,0.375,0.010722876526415348
b4/pixels-changed/block2/0/step9,"[4, 30, 1536]",torch.bfloat16,sdpa,True,False,2.0,0.0701291635632515
b4/pixels-changed/block2/1/step0,"[4, 108, 1536]",torch.bfloat16,sdpa,True,True,0.0,0.0
b4/pixels-changed/block2/1/step1,"[4, 108, 1536]",torch.bfloat16,sdpa,True,False,8.0,0.02765379473567009
b4/pixels-changed/block2/1/step2,"[4, 108, 1536]",torch.bfloat16,sdpa,True,False,8.0,0.03225748986005783
b4/pixels-changed/block2/1/step3,"[4, 108, 1536]",torch.bfloat16,sdpa,True,False,8.0,0.028580857440829277
b4/pixels-changed/block2/1/step4,"[4, 108, 1536]",torch.bfloat16,sdpa,True,False,4.0,0.027829768136143684
b4/pixels-changed/block2/1/step5,"[4, 108, 1536]",torch.bfloat16,sdpa,True,False,8.0,0.028402430936694145
b4/pixels-changed/block2/1/step6,"[4, 108, 1536]",torch.bfloat16,sdpa,True,False,8.0,0.03526205196976662
b4/pixels-changed/block2/1/step7,"[4, 108, 1536]",torch.bfloat16,sdpa,True,False,16.0,0.03821989893913269
b4/pixels-changed/block2/1/step8,"[4, 108, 1536]",torch.bfloat16,sdpa,True,False,8.0,0.03352982550859451
b4/pixels-changed/block2/1/step9,"[4, 108, 1536]",torch.bfloat16,sdpa,True,False,8.0,0.048643436282873154
b4/pixels-changed/block3/0/step0,"[4, 30, 1536]",torch.bfloat16,sdpa,True,True,0.0,0.0
b4/pixels-changed/block3/0/step1,"[4, 30, 1536]",torch.bfloat16,sdpa,True,False,0.5,0.005141077097505331
b4/pixels-changed/block3/0/step2,"[4, 30, 1536]",torch.bfloat16,sdpa,True,False,0.5,0.005669621285051107
b4/pixels-changed/block3/0/step3,"[4, 30, 1536]",torch.bfloat16,sdpa,True,False,0.5,0.006254736799746752
b4/pixels-changed/block3/0/step4,"[4, 30, 1536]",torch.bfloat16,sdpa,True,False,0.25,0.0062380386516451836
b4/pixels-changed/block3/0/step5,"[4, 30, 1536]",torch.bfloat16,sdpa,True,False,0.375,0.00647272914648056
b4/pixels-changed/block3/0/step6,"[4, 30, 1536]",torch.bfloat16,sdpa,True,False,0.25,0.007130914367735386
b4/pixels-changed/block3/0/step7,"[4, 30, 1536]",torch.bfloat16,sdpa,True,False,0.25,0.008135060779750347
b4/pixels-changed/block3/0/step8,"[4, 30, 1536]",torch.bfloat16,sdpa,True,False,0.5,0.011491790413856506
b4/pixels-changed/block3/0/step9,"[4, 30, 1536]",torch.bfloat16,sdpa,True,False,6.25,0.23814177513122559
b4/pixels-changed/block3/1/step0,"[4, 108, 1536]",torch.bfloat16,sdpa,True,True,0.0,0.0
b4/pixels-changed/block3/1/step1,"[4, 108, 1536]",torch.bfloat16,sdpa,True,False,8.0,0.040525779128074646
b4/pixels-changed/block3/1/step2,"[4, 108, 1536]",torch.bfloat16,sdpa,True,False,8.0,0.04360584169626236
b4/pixels-changed/block3/1/step3,"[4, 108, 1536]",torch.bfloat16,sdpa,True,False,16.0,0.046572912484407425
b4/pixels-changed/block3/1/step4,"[4, 108, 1536]",torch.bfloat16,sdpa,True,False,8.0,0.041108470410108566
b4/pixels-changed/block3/1/step5,"[4, 108, 1536]",torch.bfloat16,sdpa,True,False,8.0,0.04092467576265335
b4/pixels-changed/block3/1/step6,"[4, 108, 1536]",torch.bfloat16,sdpa,True,False,8.0,0.046408988535404205
b4/pixels-changed/block3/1/step7,"[4, 108, 1536]",torch.bfloat16,sdpa,True,False,16.0,0.04951482638716698
b4/pixels-changed/block3/1/step8,"[4, 108, 1536]",torch.bfloat16,sdpa,True,False,8.0,0.04656168073415756
b4/pixels-changed/block3/1/step9,"[4, 108, 1536]",torch.bfloat16,sdpa,True,False,8.0,0.06627713143825531
b4/pixels-changed/block4/0/step0,"[4, 30, 1536]",torch.bfloat16,sdpa,True,True,0.0,0.0
b4/pixels-changed/block4/0/step1,"[4, 30, 1536]",torch.bfloat16,sdpa,True,False,0.5,0.006316460203379393
b4/pixels-changed/block4/0/step2,"[4, 30, 1536]",torch.bfloat16,sdpa,True,False,0.5,0.006960040889680386
b4/pixels-changed/block4/0/step3,"[4, 30, 1536]",torch.bfloat16,sdpa,True,False,0.5,0.007343978155404329
b4/pixels-changed/block4/0/step4,"[4, 30, 1536]",torch.bfloat16,sdpa,True,False,0.5,0.007441863417625427
b4/pixels-changed/block4/0/step5,"[4, 30, 1536]",torch.bfloat16,sdpa,True,False,0.375,0.007614371832460165
b4/pixels-changed/block4/0/step6,"[4, 30, 1536]",torch.bfloat16,sdpa,True,False,0.25,0.008343477733433247
b4/pixels-changed/block4/0/step7,"[4, 30, 1536]",torch.bfloat16,sdpa,True,False,0.25,0.00915827788412571
b4/pixels-changed/block4/0/step8,"[4, 30, 1536]",torch.bfloat16,sdpa,True,False,0.375,0.012357939966022968
b4/pixels-changed/block4/0/step9,"[4, 30, 1536]",torch.bfloat16,sdpa,True,False,8.40625,0.4275709390640259
b4/pixels-changed/block4/1/step0,"[4, 108, 1536]",torch.bfloat16,sdpa,True,True,0.0,0.0
b4/pixels-changed/block4/1/step1,"[4, 108, 1536]",torch.bfloat16,sdpa,True,False,8.0,0.06043531745672226
b4/pixels-changed/block4/1/step2,"[4, 108, 1536]",torch.bfloat16,sdpa,True,False,8.0,0.06158621981739998
b4/pixels-changed/block4/1/step3,"[4, 108, 1536]",torch.bfloat16,sdpa,True,False,16.0,0.06278948485851288
b4/pixels-changed/block4/1/step4,"[4, 108, 1536]",torch.bfloat16,sdpa,True,False,8.0,0.05843394994735718
b4/pixels-changed/block4/1/step5,"[4, 108, 1536]",torch.bfloat16,sdpa,True,False,8.0,0.05816267803311348
b4/pixels-changed/block4/1/step6,"[4, 108, 1536]",torch.bfloat16,sdpa,True,False,8.0,0.06075475737452507
b4/pixels-changed/block4/1/step7,"[4, 108, 1536]",torch.bfloat16,sdpa,True,False,16.0,0.06309425830841064
b4/pixels-changed/block4/1/step8,"[4, 108, 1536]",torch.bfloat16,sdpa,True,False,8.0,0.06116199120879173
b4/pixels-changed/block4/1/step9,"[4, 108, 1536]",torch.bfloat16,sdpa,True,False,8.0,0.09780993312597275
b4/pixels-changed/block5/0/step0,"[4, 30, 1536]",torch.bfloat16,sdpa,True,True,0.0,0.0
b4/pixels-changed/block5/0/step1,"[4, 30, 1536]",torch.bfloat16,sdpa,True,False,0.5,0.015772169455885887
b4/pixels-changed/block5/0/step2,"[4, 30, 1536]",torch.bfloat16,sdpa,True,False,0.5,0.013204578310251236
b4/pixels-changed/block5/0/step3,"[4, 30, 1536]",torch.bfloat16,sdpa,True,False,0.5,0.013250108808279037
b4/pixels-changed/block5/0/step4,"[4, 30, 1536]",torch.bfloat16,sdpa,True,False,0.5,0.013103916309773922
b4/pixels-changed/block5/0/step5,"[4, 30, 1536]",torch.bfloat16,sdpa,True,False,0.5,0.01297813095152378
b4/pixels-changed/block5/0/step6,"[4, 30, 1536]",torch.bfloat16,sdpa,True,False,0.5,0.01376832090318203
b4/pixels-changed/block5/0/step7,"[4, 30, 1536]",torch.bfloat16,sdpa,True,False,0.5,0.014075660146772861
b4/pixels-changed/block5/0/step8,"[4, 30, 1536]",torch.bfloat16,sdpa,True,False,0.5,0.01610025390982628
b4/pixels-changed/block5/0/step9,"[4, 30, 1536]",torch.bfloat16,sdpa,True,False,14.5,0.4778539836406708
b4/pixels-changed/velocity/step0,"[4, 30, 78]",torch.bfloat16,sdpa,True,True,0.0,0.0
b4/pixels-changed/velocity/step1,"[4, 30, 78]",torch.bfloat16,sdpa,True,False,0.046875,0.004724398721009493
b4/pixels-changed/velocity/step2,"[4, 30, 78]",torch.bfloat16,sdpa,True,False,0.03125,0.0051569766364991665
b4/pixels-changed/velocity/step3,"[4, 30, 78]",torch.bfloat16,sdpa,True,False,0.03125,0.0059089213609695435
b4/pixels-changed/velocity/step4,"[4, 30, 78]",torch.bfloat16,sdpa,True,False,0.046875,0.0065315598621964455
b4/pixels-changed/velocity/step5,"[4, 30, 78]",torch.bfloat16,sdpa,True,False,0.046875,0.007413469720631838
b4/pixels-changed/velocity/step6,"[4, 30, 78]",torch.bfloat16,sdpa,True,False,0.0625,0.009104701690375805
b4/pixels-changed/velocity/step7,"[4, 30, 78]",torch.bfloat16,sdpa,True,False,0.09375,0.01252941694110632
b4/pixels-changed/velocity/step8,"[4, 30, 78]",torch.bfloat16,sdpa,True,False,0.109375,0.02268957532942295
b4/pixels-changed/velocity/step9,"[4, 30, 78]",torch.bfloat16,sdpa,True,False,6.078125,0.6027858257293701
b4/pixels-changed/actions/step0,"[4, 30, 78]",torch.bfloat16,sdpa,True,False,0.015625,0.0009650455322116613
b4/pixels-changed/actions/step1,"[4, 30, 78]",torch.bfloat16,sdpa,True,False,0.015625,0.001572967041283846
b4/pixels-changed/actions/step2,"[4, 30, 78]",torch.bfloat16,sdpa,True,False,0.015625,0.0018730384763330221
b4/pixels-changed/actions/step3,"[4, 30, 78]",torch.bfloat16,sdpa,True,False,0.015625,0.002022841712459922
b4/pixels-changed/actions/step4,"[4, 30, 78]",torch.bfloat16,sdpa,True,False,0.015625,0.0020386369433254004
b4/pixels-changed/actions/step5,"[4, 30, 78]",torch.bfloat16,sdpa,True,False,0.015625,0.0019663271959871054
b4/pixels-changed/actions/step6,"[4, 30, 78]",torch.bfloat16,sdpa,True,False,0.015625,0.0018369850004091859
b4/pixels-changed/actions/step7,"[4, 30, 78]",torch.bfloat16,sdpa,True,False,0.01171875,0.0017161546275019646
b4/pixels-changed/actions/step8,"[4, 30, 78]",torch.bfloat16,sdpa,True,False,0.00927734375,0.0021514338441193104
b4/pixels-changed/actions/step9,"[4, 30, 78]",torch.bfloat16,sdpa,True,False,0.009765625,0.0021046132314950228
b4/pixels-changed/denormalized,"[4, 30, 78]",torch.float32,sdpa,True,False,0.0068359375,0.0009051049128174782
b4/mixed-grids/repeat/input_ids,"[4, 262]",torch.int64,sdpa,True,True,0.0,0.0
b4/mixed-grids/repeat/attention_mask,"[4, 262]",torch.bool,sdpa,True,True,0.0,0.0
b4/mixed-grids/repeat/image_grid_thw,"[4, 3]",torch.int64,sdpa,True,True,0.0,0.0
b4/mixed-grids/repeat/pixel_values,"[3180, 1536]",torch.bfloat16,sdpa,True,True,0.0,0.0
b4/mixed-grids/repeat/positions,"[3, 4, 262]",torch.int64,sdpa,True,True,0.0,0.0
b4/mixed-grids/repeat/features,"[4, 1, 262, 2048]",torch.bfloat16,sdpa,True,True,0.0,0.0
b4/mixed-grids/repeat/final,"[4, 30, 78]",torch.float32,sdpa,True,True,0.0,0.0
b4/mixed-grids/repeat/time/0/step0,"[4, 1536]",torch.bfloat16,sdpa,True,True,0.0,0.0
b4/mixed-grids/repeat/time/0/step1,"[4, 1536]",torch.bfloat16,sdpa,True,True,0.0,0.0
b4/mixed-grids/repeat/time/0/step2,"[4, 1536]",torch.bfloat16,sdpa,True,True,0.0,0.0
b4/mixed-grids/repeat/time/0/step3,"[4, 1536]",torch.bfloat16,sdpa,True,True,0.0,0.0
b4/mixed-grids/repeat/time/0/step4,"[4, 1536]",torch.bfloat16,sdpa,True,True,0.0,0.0
b4/mixed-grids/repeat/time/0/step5,"[4, 1536]",torch.bfloat16,sdpa,True,True,0.0,0.0
b4/mixed-grids/repeat/time/0/step6,"[4, 1536]",torch.bfloat16,sdpa,True,True,0.0,0.0
b4/mixed-grids/repeat/time/0/step7,"[4, 1536]",torch.bfloat16,sdpa,True,True,0.0,0.0
b4/mixed-grids/repeat/time/0/step8,"[4, 1536]",torch.bfloat16,sdpa,True,True,0.0,0.0
b4/mixed-grids/repeat/time/0/step9,"[4, 1536]",torch.bfloat16,sdpa,True,True,0.0,0.0
b4/mixed-grids/repeat/action-in/0/step0,"[4, 30, 1536]",torch.bfloat16,sdpa,True,True,0.0,0.0
b4/mixed-grids/repeat/action-in/0/step1,"[4, 30, 1536]",torch.bfloat16,sdpa,True,True,0.0,0.0
b4/mixed-grids/repeat/action-in/0/step2,"[4, 30, 1536]",torch.bfloat16,sdpa,True,True,0.0,0.0
b4/mixed-grids/repeat/action-in/0/step3,"[4, 30, 1536]",torch.bfloat16,sdpa,True,True,0.0,0.0
b4/mixed-grids/repeat/action-in/0/step4,"[4, 30, 1536]",torch.bfloat16,sdpa,True,True,0.0,0.0
b4/mixed-grids/repeat/action-in/0/step5,"[4, 30, 1536]",torch.bfloat16,sdpa,True,True,0.0,0.0
b4/mixed-grids/repeat/action-in/0/step6,"[4, 30, 1536]",torch.bfloat16,sdpa,True,True,0.0,0.0
b4/mixed-grids/repeat/action-in/0/step7,"[4, 30, 1536]",torch.bfloat16,sdpa,True,True,0.0,0.0
b4/mixed-grids/repeat/action-in/0/step8,"[4, 30, 1536]",torch.bfloat16,sdpa,True,True,0.0,0.0
b4/mixed-grids/repeat/action-in/0/step9,"[4, 30, 1536]",torch.bfloat16,sdpa,True,True,0.0,0.0
b4/mixed-grids/repeat/obs/0/step0,"[4, 263, 1536]",torch.bfloat16,sdpa,True,True,0.0,0.0
b4/mixed-grids/repeat/obs/0/step1,"[4, 263, 1536]",torch.bfloat16,sdpa,True,True,0.0,0.0
b4/mixed-grids/repeat/obs/0/step2,"[4, 263, 1536]",torch.bfloat16,sdpa,True,True,0.0,0.0
b4/mixed-grids/repeat/obs/0/step3,"[4, 263, 1536]",torch.bfloat16,sdpa,True,True,0.0,0.0
b4/mixed-grids/repeat/obs/0/step4,"[4, 263, 1536]",torch.bfloat16,sdpa,True,True,0.0,0.0
b4/mixed-grids/repeat/obs/0/step5,"[4, 263, 1536]",torch.bfloat16,sdpa,True,True,0.0,0.0
b4/mixed-grids/repeat/obs/0/step6,"[4, 263, 1536]",torch.bfloat16,sdpa,True,True,0.0,0.0
b4/mixed-grids/repeat/obs/0/step7,"[4, 263, 1536]",torch.bfloat16,sdpa,True,True,0.0,0.0
b4/mixed-grids/repeat/obs/0/step8,"[4, 263, 1536]",torch.bfloat16,sdpa,True,True,0.0,0.0
b4/mixed-grids/repeat/obs/0/step9,"[4, 263, 1536]",torch.bfloat16,sdpa,True,True,0.0,0.0
b4/mixed-grids/repeat/obs/1/step0,"[4, 263]",torch.float32,sdpa,True,True,0.0,0.0
b4/mixed-grids/repeat/obs/1/step1,"[4, 263]",torch.float32,sdpa,True,True,0.0,0.0
b4/mixed-grids/repeat/obs/1/step2,"[4, 263]",torch.float32,sdpa,True,True,0.0,0.0
b4/mixed-grids/repeat/obs/1/step3,"[4, 263]",torch.float32,sdpa,True,True,0.0,0.0
b4/mixed-grids/repeat/obs/1/step4,"[4, 263]",torch.float32,sdpa,True,True,0.0,0.0
b4/mixed-grids/repeat/obs/1/step5,"[4, 263]",torch.float32,sdpa,True,True,0.0,0.0
b4/mixed-grids/repeat/obs/1/step6,"[4, 263]",torch.float32,sdpa,True,True,0.0,0.0
b4/mixed-grids/repeat/obs/1/step7,"[4, 263]",torch.float32,sdpa,True,True,0.0,0.0
b4/mixed-grids/repeat/obs/1/step8,"[4, 263]",torch.float32,sdpa,True,True,0.0,0.0
b4/mixed-grids/repeat/obs/1/step9,"[4, 263]",torch.float32,sdpa,True,True,0.0,0.0
b4/mixed-grids/repeat/block0/0/step0,"[4, 30, 1536]",torch.bfloat16,sdpa,True,True,0.0,0.0
b4/mixed-grids/repeat/block0/0/step1,"[4, 30, 1536]",torch.bfloat16,sdpa,True,True,0.0,0.0
b4/mixed-grids/repeat/block0/0/step2,"[4, 30, 1536]",torch.bfloat16,sdpa,True,True,0.0,0.0
b4/mixed-grids/repeat/block0/0/step3,"[4, 30, 1536]",torch.bfloat16,sdpa,True,True,0.0,0.0
b4/mixed-grids/repeat/block0/0/step4,"[4, 30, 1536]",torch.bfloat16,sdpa,True,True,0.0,0.0
b4/mixed-grids/repeat/block0/0/step5,"[4, 30, 1536]",torch.bfloat16,sdpa,True,True,0.0,0.0
b4/mixed-grids/repeat/block0/0/step6,"[4, 30, 1536]",torch.bfloat16,sdpa,True,True,0.0,0.0
b4/mixed-grids/repeat/block0/0/step7,"[4, 30, 1536]",torch.bfloat16,sdpa,True,True,0.0,0.0
b4/mixed-grids/repeat/block0/0/step8,"[4, 30, 1536]",torch.bfloat16,sdpa,True,True,0.0,0.0
b4/mixed-grids/repeat/block0/0/step9,"[4, 30, 1536]",torch.bfloat16,sdpa,True,True,0.0,0.0
b4/mixed-grids/repeat/block0/1/step0,"[4, 263, 1536]",torch.bfloat16,sdpa,True,True,0.0,0.0
b4/mixed-grids/repeat/block0/1/step1,"[4, 263, 1536]",torch.bfloat16,sdpa,True,True,0.0,0.0
b4/mixed-grids/repeat/block0/1/step2,"[4, 263, 1536]",torch.bfloat16,sdpa,True,True,0.0,0.0
b4/mixed-grids/repeat/block0/1/step3,"[4, 263, 1536]",torch.bfloat16,sdpa,True,True,0.0,0.0
b4/mixed-grids/repeat/block0/1/step4,"[4, 263, 1536]",torch.bfloat16,sdpa,True,True,0.0,0.0
b4/mixed-grids/repeat/block0/1/step5,"[4, 263, 1536]",torch.bfloat16,sdpa,True,True,0.0,0.0
b4/mixed-grids/repeat/block0/1/step6,"[4, 263, 1536]",torch.bfloat16,sdpa,True,True,0.0,0.0
b4/mixed-grids/repeat/block0/1/step7,"[4, 263, 1536]",torch.bfloat16,sdpa,True,True,0.0,0.0
b4/mixed-grids/repeat/block0/1/step8,"[4, 263, 1536]",torch.bfloat16,sdpa,True,True,0.0,0.0
b4/mixed-grids/repeat/block0/1/step9,"[4, 263, 1536]",torch.bfloat16,sdpa,True,True,0.0,0.0
b4/mixed-grids/repeat/block1/0/step0,"[4, 30, 1536]",torch.bfloat16,sdpa,True,True,0.0,0.0
b4/mixed-grids/repeat/block1/0/step1,"[4, 30, 1536]",torch.bfloat16,sdpa,True,True,0.0,0.0
b4/mixed-grids/repeat/block1/0/step2,"[4, 30, 1536]",torch.bfloat16,sdpa,True,True,0.0,0.0
b4/mixed-grids/repeat/block1/0/step3,"[4, 30, 1536]",torch.bfloat16,sdpa,True,True,0.0,0.0
b4/mixed-grids/repeat/block1/0/step4,"[4, 30, 1536]",torch.bfloat16,sdpa,True,True,0.0,0.0
b4/mixed-grids/repeat/block1/0/step5,"[4, 30, 1536]",torch.bfloat16,sdpa,True,True,0.0,0.0
b4/mixed-grids/repeat/block1/0/step6,"[4, 30, 1536]",torch.bfloat16,sdpa,True,True,0.0,0.0
b4/mixed-grids/repeat/block1/0/step7,"[4, 30, 1536]",torch.bfloat16,sdpa,True,True,0.0,0.0
b4/mixed-grids/repeat/block1/0/step8,"[4, 30, 1536]",torch.bfloat16,sdpa,True,True,0.0,0.0
b4/mixed-grids/repeat/block1/0/step9,"[4, 30, 1536]",torch.bfloat16,sdpa,True,True,0.0,0.0
b4/mixed-grids/repeat/block1/1/step0,"[4, 263, 1536]",torch.bfloat16,sdpa,True,True,0.0,0.0
b4/mixed-grids/repeat/block1/1/step1,"[4, 263, 1536]",torch.bfloat16,sdpa,True,True,0.0,0.0
b4/mixed-grids/repeat/block1/1/step2,"[4, 263, 1536]",torch.bfloat16,sdpa,True,True,0.0,0.0
b4/mixed-grids/repeat/block1/1/step3,"[4, 263, 1536]",torch.bfloat16,sdpa,True,True,0.0,0.0
b4/mixed-grids/repeat/block1/1/step4,"[4, 263, 1536]",torch.bfloat16,sdpa,True,True,0.0,0.0
b4/mixed-grids/repeat/block1/1/step5,"[4, 263, 1536]",torch.bfloat16,sdpa,True,True,0.0,0.0
b4/mixed-grids/repeat/block1/1/step6,"[4, 263, 1536]",torch.bfloat16,sdpa,True,True,0.0,0.0
b4/mixed-grids/repeat/block1/1/step7,"[4, 263, 1536]",torch.bfloat16,sdpa,True,True,0.0,0.0
b4/mixed-grids/repeat/block1/1/step8,"[4, 263, 1536]",torch.bfloat16,sdpa,True,True,0.0,0.0
b4/mixed-grids/repeat/block1/1/step9,"[4, 263, 1536]",torch.bfloat16,sdpa,True,True,0.0,0.0
b4/mixed-grids/repeat/block2/0/step0,"[4, 30, 1536]",torch.bfloat16,sdpa,True,True,0.0,0.0
b4/mixed-grids/repeat/block2/0/step1,"[4, 30, 1536]",torch.bfloat16,sdpa,True,True,0.0,0.0
b4/mixed-grids/repeat/block2/0/step2,"[4, 30, 1536]",torch.bfloat16,sdpa,True,True,0.0,0.0
b4/mixed-grids/repeat/block2/0/step3,"[4, 30, 1536]",torch.bfloat16,sdpa,True,True,0.0,0.0
b4/mixed-grids/repeat/block2/0/step4,"[4, 30, 1536]",torch.bfloat16,sdpa,True,True,0.0,0.0
b4/mixed-grids/repeat/block2/0/step5,"[4, 30, 1536]",torch.bfloat16,sdpa,True,True,0.0,0.0
b4/mixed-grids/repeat/block2/0/step6,"[4, 30, 1536]",torch.bfloat16,sdpa,True,True,0.0,0.0
b4/mixed-grids/repeat/block2/0/step7,"[4, 30, 1536]",torch.bfloat16,sdpa,True,True,0.0,0.0
b4/mixed-grids/repeat/block2/0/step8,"[4, 30, 1536]",torch.bfloat16,sdpa,True,True,0.0,0.0
b4/mixed-grids/repeat/block2/0/step9,"[4, 30, 1536]",torch.bfloat16,sdpa,True,True,0.0,0.0
b4/mixed-grids/repeat/block2/1/step0,"[4, 263, 1536]",torch.bfloat16,sdpa,True,True,0.0,0.0
b4/mixed-grids/repeat/block2/1/step1,"[4, 263, 1536]",torch.bfloat16,sdpa,True,True,0.0,0.0
b4/mixed-grids/repeat/block2/1/step2,"[4, 263, 1536]",torch.bfloat16,sdpa,True,True,0.0,0.0
b4/mixed-grids/repeat/block2/1/step3,"[4, 263, 1536]",torch.bfloat16,sdpa,True,True,0.0,0.0
b4/mixed-grids/repeat/block2/1/step4,"[4, 263, 1536]",torch.bfloat16,sdpa,True,True,0.0,0.0
b4/mixed-grids/repeat/block2/1/step5,"[4, 263, 1536]",torch.bfloat16,sdpa,True,True,0.0,0.0
b4/mixed-grids/repeat/block2/1/step6,"[4, 263, 1536]",torch.bfloat16,sdpa,True,True,0.0,0.0
b4/mixed-grids/repeat/block2/1/step7,"[4, 263, 1536]",torch.bfloat16,sdpa,True,True,0.0,0.0
b4/mixed-grids/repeat/block2/1/step8,"[4, 263, 1536]",torch.bfloat16,sdpa,True,True,0.0,0.0
b4/mixed-grids/repeat/block2/1/step9,"[4, 263, 1536]",torch.bfloat16,sdpa,True,True,0.0,0.0
b4/mixed-grids/repeat/block3/0/step0,"[4, 30, 1536]",torch.bfloat16,sdpa,True,True,0.0,0.0
b4/mixed-grids/repeat/block3/0/step1,"[4, 30, 1536]",torch.bfloat16,sdpa,True,True,0.0,0.0
b4/mixed-grids/repeat/block3/0/step2,"[4, 30, 1536]",torch.bfloat16,sdpa,True,True,0.0,0.0
b4/mixed-grids/repeat/block3/0/step3,"[4, 30, 1536]",torch.bfloat16,sdpa,True,True,0.0,0.0
b4/mixed-grids/repeat/block3/0/step4,"[4, 30, 1536]",torch.bfloat16,sdpa,True,True,0.0,0.0
b4/mixed-grids/repeat/block3/0/step5,"[4, 30, 1536]",torch.bfloat16,sdpa,True,True,0.0,0.0
b4/mixed-grids/repeat/block3/0/step6,"[4, 30, 1536]",torch.bfloat16,sdpa,True,True,0.0,0.0
b4/mixed-grids/repeat/block3/0/step7,"[4, 30, 1536]",torch.bfloat16,sdpa,True,True,0.0,0.0
b4/mixed-grids/repeat/block3/0/step8,"[4, 30, 1536]",torch.bfloat16,sdpa,True,True,0.0,0.0
b4/mixed-grids/repeat/block3/0/step9,"[4, 30, 1536]",torch.bfloat16,sdpa,True,True,0.0,0.0
b4/mixed-grids/repeat/block3/1/step0,"[4, 263, 1536]",torch.bfloat16,sdpa,True,True,0.0,0.0
b4/mixed-grids/repeat/block3/1/step1,"[4, 263, 1536]",torch.bfloat16,sdpa,True,True,0.0,0.0
b4/mixed-grids/repeat/block3/1/step2,"[4, 263, 1536]",torch.bfloat16,sdpa,True,True,0.0,0.0
b4/mixed-grids/repeat/block3/1/step3,"[4, 263, 1536]",torch.bfloat16,sdpa,True,True,0.0,0.0
b4/mixed-grids/repeat/block3/1/step4,"[4, 263, 1536]",torch.bfloat16,sdpa,True,True,0.0,0.0
b4/mixed-grids/repeat/block3/1/step5,"[4, 263, 1536]",torch.bfloat16,sdpa,True,True,0.0,0.0
b4/mixed-grids/repeat/block3/1/step6,"[4, 263, 1536]",torch.bfloat16,sdpa,True,True,0.0,0.0
b4/mixed-grids/repeat/block3/1/step7,"[4, 263, 1536]",torch.bfloat16,sdpa,True,True,0.0,0.0
b4/mixed-grids/repeat/block3/1/step8,"[4, 263, 1536]",torch.bfloat16,sdpa,True,True,0.0,0.0
b4/mixed-grids/repeat/block3/1/step9,"[4, 263, 1536]",torch.bfloat16,sdpa,True,True,0.0,0.0
b4/mixed-grids/repeat/block4/0/step0,"[4, 30, 1536]",torch.bfloat16,sdpa,True,True,0.0,0.0
b4/mixed-grids/repeat/block4/0/step1,"[4, 30, 1536]",torch.bfloat16,sdpa,True,True,0.0,0.0
b4/mixed-grids/repeat/block4/0/step2,"[4, 30, 1536]",torch.bfloat16,sdpa,True,True,0.0,0.0
b4/mixed-grids/repeat/block4/0/step3,"[4, 30, 1536]",torch.bfloat16,sdpa,True,True,0.0,0.0
b4/mixed-grids/repeat/block4/0/step4,"[4, 30, 1536]",torch.bfloat16,sdpa,True,True,0.0,0.0
b4/mixed-grids/repeat/block4/0/step5,"[4, 30, 1536]",torch.bfloat16,sdpa,True,True,0.0,0.0
b4/mixed-grids/repeat/block4/0/step6,"[4, 30, 1536]",torch.bfloat16,sdpa,True,True,0.0,0.0
b4/mixed-grids/repeat/block4/0/step7,"[4, 30, 1536]",torch.bfloat16,sdpa,True,True,0.0,0.0
b4/mixed-grids/repeat/block4/0/step8,"[4, 30, 1536]",torch.bfloat16,sdpa,True,True,0.0,0.0
b4/mixed-grids/repeat/block4/0/step9,"[4, 30, 1536]",torch.bfloat16,sdpa,True,True,0.0,0.0
b4/mixed-grids/repeat/block4/1/step0,"[4, 263, 1536]",torch.bfloat16,sdpa,True,True,0.0,0.0
b4/mixed-grids/repeat/block4/1/step1,"[4, 263, 1536]",torch.bfloat16,sdpa,True,True,0.0,0.0
b4/mixed-grids/repeat/block4/1/step2,"[4, 263, 1536]",torch.bfloat16,sdpa,True,True,0.0,0.0
b4/mixed-grids/repeat/block4/1/step3,"[4, 263, 1536]",torch.bfloat16,sdpa,True,True,0.0,0.0
b4/mixed-grids/repeat/block4/1/step4,"[4, 263, 1536]",torch.bfloat16,sdpa,True,True,0.0,0.0
b4/mixed-grids/repeat/block4/1/step5,"[4, 263, 1536]",torch.bfloat16,sdpa,True,True,0.0,0.0
b4/mixed-grids/repeat/block4/1/step6,"[4, 263, 1536]",torch.bfloat16,sdpa,True,True,0.0,0.0
b4/mixed-grids/repeat/block4/1/step7,"[4, 263, 1536]",torch.bfloat16,sdpa,True,True,0.0,0.0
b4/mixed-grids/repeat/block4/1/step8,"[4, 263, 1536]",torch.bfloat16,sdpa,True,True,0.0,0.0
b4/mixed-grids/repeat/block4/1/step9,"[4, 263, 1536]",torch.bfloat16,sdpa,True,True,0.0,0.0
b4/mixed-grids/repeat/block5/0/step0,"[4, 30, 1536]",torch.bfloat16,sdpa,True,True,0.0,0.0
b4/mixed-grids/repeat/block5/0/step1,"[4, 30, 1536]",torch.bfloat16,sdpa,True,True,0.0,0.0
b4/mixed-grids/repeat/block5/0/step2,"[4, 30, 1536]",torch.bfloat16,sdpa,True,True,0.0,0.0
b4/mixed-grids/repeat/block5/0/step3,"[4, 30, 1536]",torch.bfloat16,sdpa,True,True,0.0,0.0
b4/mixed-grids/repeat/block5/0/step4,"[4, 30, 1536]",torch.bfloat16,sdpa,True,True,0.0,0.0
b4/mixed-grids/repeat/block5/0/step5,"[4, 30, 1536]",torch.bfloat16,sdpa,True,True,0.0,0.0
b4/mixed-grids/repeat/block5/0/step6,"[4, 30, 1536]",torch.bfloat16,sdpa,True,True,0.0,0.0
b4/mixed-grids/repeat/block5/0/step7,"[4, 30, 1536]",torch.bfloat16,sdpa,True,True,0.0,0.0
b4/mixed-grids/repeat/block5/0/step8,"[4, 30, 1536]",torch.bfloat16,sdpa,True,True,0.0,0.0
b4/mixed-grids/repeat/block5/0/step9,"[4, 30, 1536]",torch.bfloat16,sdpa,True,True,0.0,0.0
b4/mixed-grids/repeat/velocity/step0,"[4, 30, 78]",torch.bfloat16,sdpa,True,True,0.0,0.0
b4/mixed-grids/repeat/velocity/step1,"[4, 30, 78]",torch.bfloat16,sdpa,True,True,0.0,0.0
b4/mixed-grids/repeat/velocity/step2,"[4, 30, 78]",torch.bfloat16,sdpa,True,True,0.0,0.0
b4/mixed-grids/repeat/velocity/step3,"[4, 30, 78]",torch.bfloat16,sdpa,True,True,0.0,0.0
b4/mixed-grids/repeat/velocity/step4,"[4, 30, 78]",torch.bfloat16,sdpa,True,True,0.0,0.0
b4/mixed-grids/repeat/velocity/step5,"[4, 30, 78]",torch.bfloat16,sdpa,True,True,0.0,0.0
b4/mixed-grids/repeat/velocity/step6,"[4, 30, 78]",torch.bfloat16,sdpa,True,True,0.0,0.0
b4/mixed-grids/repeat/velocity/step7,"[4, 30, 78]",torch.bfloat16,sdpa,True,True,0.0,0.0
b4/mixed-grids/repeat/velocity/step8,"[4, 30, 78]",torch.bfloat16,sdpa,True,True,0.0,0.0
b4/mixed-grids/repeat/velocity/step9,"[4, 30, 78]",torch.bfloat16,sdpa,True,True,0.0,0.0
b4/mixed-grids/repeat/actions/step0,"[4, 30, 78]",torch.bfloat16,sdpa,True,True,0.0,0.0
b4/mixed-grids/repeat/actions/step1,"[4, 30, 78]",torch.bfloat16,sdpa,True,True,0.0,0.0
b4/mixed-grids/repeat/actions/step2,"[4, 30, 78]",torch.bfloat16,sdpa,True,True,0.0,0.0
b4/mixed-grids/repeat/actions/step3,"[4, 30, 78]",torch.bfloat16,sdpa,True,True,0.0,0.0
b4/mixed-grids/repeat/actions/step4,"[4, 30, 78]",torch.bfloat16,sdpa,True,True,0.0,0.0
b4/mixed-grids/repeat/actions/step5,"[4, 30, 78]",torch.bfloat16,sdpa,True,True,0.0,0.0
b4/mixed-grids/repeat/actions/step6,"[4, 30, 78]",torch.bfloat16,sdpa,True,True,0.0,0.0
b4/mixed-grids/repeat/actions/step7,"[4, 30, 78]",torch.bfloat16,sdpa,True,True,0.0,0.0
b4/mixed-grids/repeat/actions/step8,"[4, 30, 78]",torch.bfloat16,sdpa,True,True,0.0,0.0
b4/mixed-grids/repeat/actions/step9,"[4, 30, 78]",torch.bfloat16,sdpa,True,True,0.0,0.0
b4/mixed-grids/input_ids,"[4, 262]",torch.int64,sdpa,True,True,0.0,0.0
b4/mixed-grids/attention_mask,"[4, 262]",torch.bool,sdpa,True,True,0.0,0.0
b4/mixed-grids/image_grid_thw,"[4, 3]",torch.int64,sdpa,True,True,0.0,0.0
b4/mixed-grids/pixel_values,"[3180, 1536]",torch.bfloat16,sdpa,True,True,0.0,0.0
b4/mixed-grids/positions,"[3, 4, 262]",torch.int64,sdpa,True,True,0.0,0.0
b4/mixed-grids/features,"[4, 1, 262, 2048]",torch.bfloat16,sdpa,True,True,0.0,0.0
b4/mixed-grids/final,"[4, 30, 78]",torch.float32,sdpa,True,False,0.01171875,0.0023119968827813864
b4/mixed-grids/time/0/step0,"[4, 1536]",torch.bfloat16,sdpa,True,True,0.0,0.0
b4/mixed-grids/time/0/step1,"[4, 1536]",torch.bfloat16,sdpa,True,True,0.0,0.0
b4/mixed-grids/time/0/step2,"[4, 1536]",torch.bfloat16,sdpa,True,True,0.0,0.0
b4/mixed-grids/time/0/step3,"[4, 1536]",torch.bfloat16,sdpa,True,True,0.0,0.0
b4/mixed-grids/time/0/step4,"[4, 1536]",torch.bfloat16,sdpa,True,True,0.0,0.0
b4/mixed-grids/time/0/step5,"[4, 1536]",torch.bfloat16,sdpa,True,True,0.0,0.0
b4/mixed-grids/time/0/step6,"[4, 1536]",torch.bfloat16,sdpa,True,True,0.0,0.0
b4/mixed-grids/time/0/step7,"[4, 1536]",torch.bfloat16,sdpa,True,True,0.0,0.0
b4/mixed-grids/time/0/step8,"[4, 1536]",torch.bfloat16,sdpa,True,True,0.0,0.0
b4/mixed-grids/time/0/step9,"[4, 1536]",torch.bfloat16,sdpa,True,True,0.0,0.0
b4/mixed-grids/action-in/0/step0,"[4, 30, 1536]",torch.bfloat16,sdpa,True,True,0.0,0.0
b4/mixed-grids/action-in/0/step1,"[4, 30, 1536]",torch.bfloat16,sdpa,True,False,0.00390625,0.00033824649290181696
b4/mixed-grids/action-in/0/step2,"[4, 30, 1536]",torch.bfloat16,sdpa,True,False,0.0078125,0.00041874751332215965
b4/mixed-grids/action-in/0/step3,"[4, 30, 1536]",torch.bfloat16,sdpa,True,False,0.0078125,0.00042469665640965104
b4/mixed-grids/action-in/0/step4,"[4, 30, 1536]",torch.bfloat16,sdpa,True,False,0.00390625,0.00042209666571579874
b4/mixed-grids/action-in/0/step5,"[4, 30, 1536]",torch.bfloat16,sdpa,True,False,0.0078125,0.0004122296522837132
b4/mixed-grids/action-in/0/step6,"[4, 30, 1536]",torch.bfloat16,sdpa,True,False,0.0078125,0.00038584493449889123
b4/mixed-grids/action-in/0/step7,"[4, 30, 1536]",torch.bfloat16,sdpa,True,False,0.0078125,0.0003846276958938688
b4/mixed-grids/action-in/0/step8,"[4, 30, 1536]",torch.bfloat16,sdpa,True,False,0.00390625,0.00038752902764827013
b4/mixed-grids/action-in/0/step9,"[4, 30, 1536]",torch.bfloat16,sdpa,True,False,0.00390625,0.0004551609163172543
b4/mixed-grids/obs/0/step0,"[4, 263, 1536]",torch.bfloat16,sdpa,True,True,0.0,0.0
b4/mixed-grids/obs/1/step0,"[4, 263]",torch.bool,sdpa,True,True,0.0,0.0
b4/mixed-grids/block0/0/step0,"[4, 30, 1536]",torch.bfloat16,sdpa,True,True,0.0,0.0
b4/mixed-grids/block0/0/step1,"[4, 30, 1536]",torch.bfloat16,sdpa,True,False,0.0625,0.0034858230501413345
b4/mixed-grids/block0/0/step2,"[4, 30, 1536]",torch.bfloat16,sdpa,True,False,0.09375,0.004394566174596548
b4/mixed-grids/block0/0/step3,"[4, 30, 1536]",torch.bfloat16,sdpa,True,False,0.125,0.0048484159633517265
b4/mixed-grids/block0/0/step4,"[4, 30, 1536]",torch.bfloat16,sdpa,True,False,0.125,0.005339616443961859
b4/mixed-grids/block0/0/step5,"[4, 30, 1536]",torch.bfloat16,sdpa,True,False,0.125,0.005759852472692728
b4/mixed-grids/block0/0/step6,"[4, 30, 1536]",torch.bfloat16,sdpa,True,False,0.125,0.00619972450658679
b4/mixed-grids/block0/0/step7,"[4, 30, 1536]",torch.bfloat16,sdpa,True,False,0.125,0.007473153527826071
b4/mixed-grids/block0/0/step8,"[4, 30, 1536]",torch.bfloat16,sdpa,True,False,0.25,0.010487223044037819
b4/mixed-grids/block0/0/step9,"[4, 30, 1536]",torch.bfloat16,sdpa,True,False,1.0,0.055739350616931915
b4/mixed-grids/block0/1/step0,"[4, 263, 1536]",torch.bfloat16,sdpa,True,True,0.0,0.0
b4/mixed-grids/block0/1/step1,"[4, 263, 1536]",torch.bfloat16,sdpa,True,False,4.0,0.00823174137622118
b4/mixed-grids/block0/1/step2,"[4, 263, 1536]",torch.bfloat16,sdpa,True,False,4.0,0.008379521779716015
b4/mixed-grids/block0/1/step3,"[4, 263, 1536]",torch.bfloat16,sdpa,True,False,2.0,0.007823757827281952
b4/mixed-grids/block0/1/step4,"[4, 263, 1536]",torch.bfloat16,sdpa,True,False,4.0,0.007800735533237457
b4/mixed-grids/block0/1/step5,"[4, 263, 1536]",torch.bfloat16,sdpa,True,False,8.0,0.012822482734918594
b4/mixed-grids/block0/1/step6,"[4, 263, 1536]",torch.bfloat16,sdpa,True,False,4.0,0.009203298948705196
b4/mixed-grids/block0/1/step7,"[4, 263, 1536]",torch.bfloat16,sdpa,True,False,8.0,0.011426658369600773
b4/mixed-grids/block0/1/step8,"[4, 263, 1536]",torch.bfloat16,sdpa,True,False,4.0,0.00984219741076231
b4/mixed-grids/block0/1/step9,"[4, 263, 1536]",torch.bfloat16,sdpa,True,False,8.0,0.0286793764680624
b4/mixed-grids/block1/0/step0,"[4, 30, 1536]",torch.bfloat16,sdpa,True,True,0.0,0.0
b4/mixed-grids/block1/0/step1,"[4, 30, 1536]",torch.bfloat16,sdpa,True,False,0.125,0.004433026537299156
b4/mixed-grids/block1/0/step2,"[4, 30, 1536]",torch.bfloat16,sdpa,True,False,0.25,0.0050786519423127174
b4/mixed-grids/block1/0/step3,"[4, 30, 1536]",torch.bfloat16,sdpa,True,False,0.25,0.005385381635278463
b4/mixed-grids/block1/0/step4,"[4, 30, 1536]",torch.bfloat16,sdpa,True,False,0.25,0.005788699258118868
b4/mixed-grids/block1/0/step5,"[4, 30, 1536]",torch.bfloat16,sdpa,True,False,0.25,0.0061764195561409
b4/mixed-grids/block1/0/step6,"[4, 30, 1536]",torch.bfloat16,sdpa,True,False,0.25,0.006525979842990637
b4/mixed-grids/block1/0/step7,"[4, 30, 1536]",torch.bfloat16,sdpa,True,False,0.25,0.007713418919593096
b4/mixed-grids/block1/0/step8,"[4, 30, 1536]",torch.bfloat16,sdpa,True,False,0.25,0.010736163705587387
b4/mixed-grids/block1/0/step9,"[4, 30, 1536]",torch.bfloat16,sdpa,True,False,1.0,0.061153024435043335
b4/mixed-grids/block1/1/step0,"[4, 263, 1536]",torch.bfloat16,sdpa,True,True,0.0,0.0
b4/mixed-grids/block1/1/step1,"[4, 263, 1536]",torch.bfloat16,sdpa,True,False,8.0,0.018077174201607704
b4/mixed-grids/block1/1/step2,"[4, 263, 1536]",torch.bfloat16,sdpa,True,False,8.0,0.017083236947655678
b4/mixed-grids/block1/1/step3,"[4, 263, 1536]",torch.bfloat16,sdpa,True,False,2.0,0.015866709873080254
b4/mixed-grids/block1/1/step4,"[4, 263, 1536]",torch.bfloat16,sdpa,True,False,4.0,0.017015604302287102
b4/mixed-grids/block1/1/step5,"[4, 263, 1536]",torch.bfloat16,sdpa,True,False,8.0,0.021950457245111465
b4/mixed-grids/block1/1/step6,"[4, 263, 1536]",torch.bfloat16,sdpa,True,False,4.0,0.016887782141566277
b4/mixed-grids/block1/1/step7,"[4, 263, 1536]",torch.bfloat16,sdpa,True,False,8.0,0.02207612805068493
b4/mixed-grids/block1/1/step8,"[4, 263, 1536]",torch.bfloat16,sdpa,True,False,8.0,0.019869614392518997
b4/mixed-grids/block1/1/step9,"[4, 263, 1536]",torch.bfloat16,sdpa,True,False,8.0,0.039804454892873764
b4/mixed-grids/block2/0/step0,"[4, 30, 1536]",torch.bfloat16,sdpa,True,True,0.0,0.0
b4/mixed-grids/block2/0/step1,"[4, 30, 1536]",torch.bfloat16,sdpa,True,False,0.25,0.004845724441111088
b4/mixed-grids/block2/0/step2,"[4, 30, 1536]",torch.bfloat16,sdpa,True,False,0.25,0.0053243255242705345
b4/mixed-grids/block2/0/step3,"[4, 30, 1536]",torch.bfloat16,sdpa,True,False,0.25,0.005758794955909252
b4/mixed-grids/block2/0/step4,"[4, 30, 1536]",torch.bfloat16,sdpa,True,False,0.25,0.006043698638677597
b4/mixed-grids/block2/0/step5,"[4, 30, 1536]",torch.bfloat16,sdpa,True,False,0.25,0.0065648434683680534
b4/mixed-grids/block2/0/step6,"[4, 30, 1536]",torch.bfloat16,sdpa,True,False,0.25,0.006768391001969576
b4/mixed-grids/block2/0/step7,"[4, 30, 1536]",torch.bfloat16,sdpa,True,False,0.25,0.008099758066236973
b4/mixed-grids/block2/0/step8,"[4, 30, 1536]",torch.bfloat16,sdpa,True,False,0.25,0.011523888446390629
b4/mixed-grids/block2/0/step9,"[4, 30, 1536]",torch.bfloat16,sdpa,True,False,1.0,0.0741608589887619
b4/mixed-grids/block2/1/step0,"[4, 263, 1536]",torch.bfloat16,sdpa,True,True,0.0,0.0
b4/mixed-grids/block2/1/step1,"[4, 263, 1536]",torch.bfloat16,sdpa,True,False,8.0,0.02464211732149124
b4/mixed-grids/block2/1/step2,"[4, 263, 1536]",torch.bfloat16,sdpa,True,False,8.0,0.025466568768024445
b4/mixed-grids/block2/1/step3,"[4, 263, 1536]",torch.bfloat16,sdpa,True,False,4.0,0.022987039759755135
b4/mixed-grids/block2/1/step4,"[4, 263, 1536]",torch.bfloat16,sdpa,True,False,8.0,0.02484767697751522
b4/mixed-grids/block2/1/step5,"[4, 263, 1536]",torch.bfloat16,sdpa,True,False,8.0,0.029727598652243614
b4/mixed-grids/block2/1/step6,"[4, 263, 1536]",torch.bfloat16,sdpa,True,False,8.0,0.02635427750647068
b4/mixed-grids/block2/1/step7,"[4, 263, 1536]",torch.bfloat16,sdpa,True,False,8.0,0.030811527743935585
b4/mixed-grids/block2/1/step8,"[4, 263, 1536]",torch.bfloat16,sdpa,True,False,8.0,0.02813018672168255
b4/mixed-grids/block2/1/step9,"[4, 263, 1536]",torch.bfloat16,sdpa,True,False,8.0,0.05047484114766121
b4/mixed-grids/block3/0/step0,"[4, 30, 1536]",torch.bfloat16,sdpa,True,True,0.0,0.0
b4/mixed-grids/block3/0/step1,"[4, 30, 1536]",torch.bfloat16,sdpa,True,False,0.25,0.005155794322490692
b4/mixed-grids/block3/0/step2,"[4, 30, 1536]",torch.bfloat16,sdpa,True,False,0.25,0.0056684184819459915
b4/mixed-grids/block3/0/step3,"[4, 30, 1536]",torch.bfloat16,sdpa,True,False,0.25,0.005966351367533207
b4/mixed-grids/block3/0/step4,"[4, 30, 1536]",torch.bfloat16,sdpa,True,False,0.5,0.006488060113042593
b4/mixed-grids/block3/0/step5,"[4, 30, 1536]",torch.bfloat16,sdpa,True,False,0.5,0.006945226341485977
b4/mixed-grids/block3/0/step6,"[4, 30, 1536]",torch.bfloat16,sdpa,True,False,0.25,0.007292123045772314
b4/mixed-grids/block3/0/step7,"[4, 30, 1536]",torch.bfloat16,sdpa,True,False,0.25,0.008577314205467701
b4/mixed-grids/block3/0/step8,"[4, 30, 1536]",torch.bfloat16,sdpa,True,False,0.375,0.012425784021615982
b4/mixed-grids/block3/0/step9,"[4, 30, 1536]",torch.bfloat16,sdpa,True,False,4.3125,0.23256443440914154
b4/mixed-grids/block3/1/step0,"[4, 263, 1536]",torch.bfloat16,sdpa,True,True,0.0,0.0
b4/mixed-grids/block3/1/step1,"[4, 263, 1536]",torch.bfloat16,sdpa,True,False,8.0,0.03776870667934418
b4/mixed-grids/block3/1/step2,"[4, 263, 1536]",torch.bfloat16,sdpa,True,False,8.0,0.040271781384944916
b4/mixed-grids/block3/1/step3,"[4, 263, 1536]",torch.bfloat16,sdpa,True,False,8.0,0.03765391185879707
b4/mixed-grids/block3/1/step4,"[4, 263, 1536]",torch.bfloat16,sdpa,True,False,8.0,0.03793419152498245
b4/mixed-grids/block3/1/step5,"[4, 263, 1536]",torch.bfloat16,sdpa,True,False,8.0,0.0438951812684536
b4/mixed-grids/block3/1/step6,"[4, 263, 1536]",torch.bfloat16,sdpa,True,False,8.0,0.03919577971100807
b4/mixed-grids/block3/1/step7,"[4, 263, 1536]",torch.bfloat16,sdpa,True,False,8.0,0.042510487139225006
b4/mixed-grids/block3/1/step8,"[4, 263, 1536]",torch.bfloat16,sdpa,True,False,8.0,0.04225892573595047
b4/mixed-grids/block3/1/step9,"[4, 263, 1536]",torch.bfloat16,sdpa,True,False,16.0,0.07430458068847656
b4/mixed-grids/block4/0/step0,"[4, 30, 1536]",torch.bfloat16,sdpa,True,True,0.0,0.0
b4/mixed-grids/block4/0/step1,"[4, 30, 1536]",torch.bfloat16,sdpa,True,False,0.5,0.006749005522578955
b4/mixed-grids/block4/0/step2,"[4, 30, 1536]",torch.bfloat16,sdpa,True,False,0.5,0.006889807526022196
b4/mixed-grids/block4/0/step3,"[4, 30, 1536]",torch.bfloat16,sdpa,True,False,0.25,0.007107647601515055
b4/mixed-grids/block4/0/step4,"[4, 30, 1536]",torch.bfloat16,sdpa,True,False,0.5,0.00772017752751708
b4/mixed-grids/block4/0/step5,"[4, 30, 1536]",torch.bfloat16,sdpa,True,False,0.5,0.008266645483672619
b4/mixed-grids/block4/0/step6,"[4, 30, 1536]",torch.bfloat16,sdpa,True,False,0.25,0.008538175374269485
b4/mixed-grids/block4/0/step7,"[4, 30, 1536]",torch.bfloat16,sdpa,True,False,0.5,0.009828529320657253
b4/mixed-grids/block4/0/step8,"[4, 30, 1536]",torch.bfloat16,sdpa,True,False,0.25,0.013466990552842617
b4/mixed-grids/block4/0/step9,"[4, 30, 1536]",torch.bfloat16,sdpa,True,False,7.09375,0.4270199239253998
b4/mixed-grids/block4/1/step0,"[4, 263, 1536]",torch.bfloat16,sdpa,True,True,0.0,0.0
b4/mixed-grids/block4/1/step1,"[4, 263, 1536]",torch.bfloat16,sdpa,True,False,8.0,0.060695674270391464
b4/mixed-grids/block4/1/step2,"[4, 263, 1536]",torch.bfloat16,sdpa,True,False,8.0,0.055090270936489105
b4/mixed-grids/block4/1/step3,"[4, 263, 1536]",torch.bfloat16,sdpa,True,False,16.0,0.05555922910571098
b4/mixed-grids/block4/1/step4,"[4, 263, 1536]",torch.bfloat16,sdpa,True,False,8.0,0.05542246624827385
b4/mixed-grids/block4/1/step5,"[4, 263, 1536]",torch.bfloat16,sdpa,True,False,8.0,0.06328738480806351
b4/mixed-grids/block4/1/step6,"[4, 263, 1536]",torch.bfloat16,sdpa,True,False,16.0,0.05643295496702194
b4/mixed-grids/block4/1/step7,"[4, 263, 1536]",torch.bfloat16,sdpa,True,False,12.0,0.0664384588599205
b4/mixed-grids/block4/1/step8,"[4, 263, 1536]",torch.bfloat16,sdpa,True,False,8.0,0.06073499843478203
b4/mixed-grids/block4/1/step9,"[4, 263, 1536]",torch.bfloat16,sdpa,True,False,16.0,0.10331782698631287
b4/mixed-grids/block5/0/step0,"[4, 30, 1536]",torch.bfloat16,sdpa,True,True,0.0,0.0
b4/mixed-grids/block5/0/step1,"[4, 30, 1536]",torch.bfloat16,sdpa,True,False,0.75,0.01649116724729538
b4/mixed-grids/block5/0/step2,"[4, 30, 1536]",torch.bfloat16,sdpa,True,False,0.5,0.012693352997303009
b4/mixed-grids/block5/0/step3,"[4, 30, 1536]",torch.bfloat16,sdpa,True,False,0.5,0.013079562224447727
b4/mixed-grids/block5/0/step4,"[4, 30, 1536]",torch.bfloat16,sdpa,True,False,0.5,0.014149859547615051
b4/mixed-grids/block5/0/step5,"[4, 30, 1536]",torch.bfloat16,sdpa,True,False,1.0,0.016135044395923615
b4/mixed-grids/block5/0/step6,"[4, 30, 1536]",torch.bfloat16,sdpa,True,False,0.5,0.013699152506887913
b4/mixed-grids/block5/0/step7,"[4, 30, 1536]",torch.bfloat16,sdpa,True,False,0.5,0.014528770931065083
b4/mixed-grids/block5/0/step8,"[4, 30, 1536]",torch.bfloat16,sdpa,True,False,0.5,0.016871605068445206
b4/mixed-grids/block5/0/step9,"[4, 30, 1536]",torch.bfloat16,sdpa,True,False,9.75,0.4678809344768524
b4/mixed-grids/velocity/step0,"[4, 30, 78]",torch.bfloat16,sdpa,True,True,0.0,0.0
b4/mixed-grids/velocity/step1,"[4, 30, 78]",torch.bfloat16,sdpa,True,False,0.03125,0.005127066746354103
b4/mixed-grids/velocity/step2,"[4, 30, 78]",torch.bfloat16,sdpa,True,False,0.03125,0.0054610599763691425
b4/mixed-grids/velocity/step3,"[4, 30, 78]",torch.bfloat16,sdpa,True,False,0.03125,0.006021211389452219
b4/mixed-grids/velocity/step4,"[4, 30, 78]",torch.bfloat16,sdpa,True,False,0.046875,0.006905770394951105
b4/mixed-grids/velocity/step5,"[4, 30, 78]",torch.bfloat16,sdpa,True,False,0.046875,0.008232246153056622
b4/mixed-grids/velocity/step6,"[4, 30, 78]",torch.bfloat16,sdpa,True,False,0.0625,0.009409881196916103
b4/mixed-grids/velocity/step7,"[4, 30, 78]",torch.bfloat16,sdpa,True,False,0.078125,0.013078844174742699
b4/mixed-grids/velocity/step8,"[4, 30, 78]",torch.bfloat16,sdpa,True,False,0.1171875,0.024641726166009903
b4/mixed-grids/velocity/step9,"[4, 30, 78]",torch.bfloat16,sdpa,True,False,7.44140625,0.5871608853340149
b4/mixed-grids/actions/step0,"[4, 30, 78]",torch.bfloat16,sdpa,True,False,0.015625,0.000944673316553235
b4/mixed-grids/actions/step1,"[4, 30, 78]",torch.bfloat16,sdpa,True,False,0.015625,0.0015739805530756712
b4/mixed-grids/actions/step2,"[4, 30, 78]",torch.bfloat16,sdpa,True,False,0.015625,0.0019371825037524104
b4/mixed-grids/actions/step3,"[4, 30, 78]",torch.bfloat16,sdpa,True,False,0.015625,0.00210080249235034
b4/mixed-grids/actions/step4,"[4, 30, 78]",torch.bfloat16,sdpa,True,False,0.015625,0.002126979408785701
b4/mixed-grids/actions/step5,"[4, 30, 78]",torch.bfloat16,sdpa,True,False,0.015625,0.0020095661748200655
b4/mixed-grids/actions/step6,"[4, 30, 78]",torch.bfloat16,sdpa,True,False,0.015625,0.0018436857499182224
b4/mixed-grids/actions/step7,"[4, 30, 78]",torch.bfloat16,sdpa,True,False,0.0078125,0.0017941780388355255
b4/mixed-grids/actions/step8,"[4, 30, 78]",torch.bfloat16,sdpa,True,False,0.01171875,0.0023714241106063128
b4/mixed-grids/actions/step9,"[4, 30, 78]",torch.bfloat16,sdpa,True,False,0.01171875,0.0023119968827813864
b4/mixed-grids/denormalized,"[4, 30, 78]",torch.float32,sdpa,True,False,0.0068359375,0.0010213694768026471
